label,preparation_boundary,canonical_smiles,structure_basis,molecule_id,paper_label,name,canonical_isomeric_smiles,molecular_formula,exact_mass,source_references,depiction,role,review_status,formal_benchmark_eligible,admission_authority,stereo_note
8,Known bromide feed; no upstream preparation in SI.,C=CC(CBr)C(C)C,source_drawing_transcription,mol-5372a56af879dd6fd7da09d17f2e6b2488ade641fb5fc31ee188d3e3349034f3,8,SI compound 8,C=CC(CBr)C(C)C,C7H13Br,176.020062516,"[{""source_id"": ""si"", ""sha256"": ""8fbe4159fc7b128ff62b4d4a0ced698f5e1ca633dfb5b17269e1ebdcb428df17"", ""pages"": [6], ""locator"": ""SI drawing/procedure: 8""}]",structures/8.svg,route_compound,pending_independent_chemist_review,False,False,
methyl methacrylate,,C=C(C)C(=O)OC,source_drawing_transcription,mol-a6a3a54dd9b87a8a365df17a35824beb2bea99bad7ebd1520af6469d843e97c3,methyl methacrylate,SI compound methyl methacrylate,C=C(C)C(=O)OC,C5H8O2,100.052429496,"[{""source_id"": ""si"", ""sha256"": ""8fbe4159fc7b128ff62b4d4a0ced698f5e1ca633dfb5b17269e1ebdcb428df17"", ""pages"": [6], ""locator"": ""SI drawing/procedure: methyl methacrylate""}]",structures/methyl methacrylate.svg,route_compound,pending_independent_chemist_review,False,False,
10,,C=CC(CCC(C)C(=O)OC)C(C)C,source_drawing_transcription,mol-7512c254940a4b564258a222efdb533ac1ddb9566269e4f13556eabaa0dfb0c1,10,SI compound 10,C=CC(CCC(C)C(=O)OC)C(C)C,C12H22O2,198.161979944,"[{""source_id"": ""si"", ""sha256"": ""8fbe4159fc7b128ff62b4d4a0ced698f5e1ca633dfb5b17269e1ebdcb428df17"", ""pages"": [6], ""locator"": ""SI drawing/procedure: 10""}]",structures/10.svg,route_compound,pending_independent_chemist_review,False,False,"Unassigned/racemic feed; 11,12,14 reported as 1:1 diastereomer mixtures."
11,,C=CC(CCC(C)C(=O)O)C(C)C,source_drawing_transcription,mol-fbf10fad1af782ecaffb092fef84fdc834f4fbda48f6fdff7123c27a703cbfb9,11,SI compound 11,C=CC(CCC(C)C(=O)O)C(C)C,C11H20O2,184.14632988,"[{""source_id"": ""si"", ""sha256"": ""8fbe4159fc7b128ff62b4d4a0ced698f5e1ca633dfb5b17269e1ebdcb428df17"", ""pages"": [6], ""locator"": ""SI drawing/procedure: 11""}]",structures/11.svg,route_compound,pending_independent_chemist_review,False,False,"Unassigned/racemic feed; 11,12,14 reported as 1:1 diastereomer mixtures."
12,,C=CC(CCC(C)C(=O)N1CCCC1)C(C)C,source_drawing_transcription,mol-236d274a899a15c2614797b0e02229f6f1d78dc90cc7fab55a56ec0691830d7d,12,SI compound 12,C=CC(CCC(C)C(=O)N1CCCC1)C(C)C,C15H27NO,237.209264484,"[{""source_id"": ""si"", ""sha256"": ""8fbe4159fc7b128ff62b4d4a0ced698f5e1ca633dfb5b17269e1ebdcb428df17"", ""pages"": [6, 7], ""locator"": ""SI drawing/procedure: 12""}]",structures/12.svg,route_compound,pending_independent_chemist_review,False,False,"Unassigned/racemic feed; 11,12,14 reported as 1:1 diastereomer mixtures."
13,,C=CC(CCC(C)C(N)=O)C(C)C,source_drawing_transcription,mol-3ae38f5ccf0ab08564f518edc5c4d0f9e0d663eaad192fa0c00d74009ef6fe83,13,SI compound 13,C=CC(CCC(C)C(N)=O)C(C)C,C11H21NO,183.162314292,"[{""source_id"": ""si"", ""sha256"": ""8fbe4159fc7b128ff62b4d4a0ced698f5e1ca633dfb5b17269e1ebdcb428df17"", ""pages"": [8], ""locator"": ""SI drawing/procedure: 13""}]",structures/13.svg,route_compound,pending_independent_chemist_review,False,False,"Unassigned/racemic feed; 11,12,14 reported as 1:1 diastereomer mixtures."
14,,C=CC(CCC(C)C#N)C(C)C,source_drawing_transcription,mol-08ce615e5682068d0d1a52a361af9029a20c5a9433dd908bf220150b358fcd01,14,SI compound 14,C=CC(CCC(C)C#N)C(C)C,C11H19N,165.151749608,"[{""source_id"": ""si"", ""sha256"": ""8fbe4159fc7b128ff62b4d4a0ced698f5e1ca633dfb5b17269e1ebdcb428df17"", ""pages"": [8, 9], ""locator"": ""SI drawing/procedure: 14""}]",structures/14.svg,route_compound,pending_independent_chemist_review,False,False,"Unassigned/racemic feed; 11,12,14 reported as 1:1 diastereomer mixtures."
15,,C=CC(CI)C(C)C,source_drawing_transcription,mol-5c5177eafb5f5383b2a7432ece470c14b3ddb9765300e03934edbec30dde552e,15,SI compound 15,C=CC(CI)C(C)C,C7H13I,224.006198416,"[{""source_id"": ""si"", ""sha256"": ""8fbe4159fc7b128ff62b4d4a0ced698f5e1ca633dfb5b17269e1ebdcb428df17"", ""pages"": [10], ""locator"": ""SI drawing/procedure: 15""}]",structures/15.svg,route_compound,pending_independent_chemist_review,False,False,
methacrylonitrile,,C=C(C)C#N,source_drawing_transcription,mol-c528a8b6819c0ed805639470541917457e35fdcffe39755d375882d8f7528e10,methacrylonitrile,SI compound methacrylonitrile,C=C(C)C#N,C4H5N,67.04219916,"[{""source_id"": ""si"", ""sha256"": ""8fbe4159fc7b128ff62b4d4a0ced698f5e1ca633dfb5b17269e1ebdcb428df17"", ""pages"": [10], ""locator"": ""SI drawing/procedure: methacrylonitrile""}]",structures/methacrylonitrile.svg,route_compound,pending_independent_chemist_review,False,False,
7,,CC(C)[C@H]1CC[C@]2(C)C(=O)C[C@H]12,source_drawing_transcription,mol-7464779a1af0df05e6e1555799a923ee64b204465d3fd01c3bf4b0e3330765cb,7,SI compound 7,CC(C)[C@H]1CC[C@]2(C)C(=O)C[C@H]12,C11H18O,166.135765196,"[{""source_id"": ""si"", ""sha256"": ""8fbe4159fc7b128ff62b4d4a0ced698f5e1ca633dfb5b17269e1ebdcb428df17"", ""pages"": [7, 9], ""locator"": ""SI drawing/procedure: 7""}]",structures/7.svg,route_compound,pending_independent_chemist_review,False,False,Racemic series: one source-drawn enantiomer represents relative configuration; no absolute purity implied.
7',,CC(C)[C@H]1CC[C@@]2(C)C(=O)C[C@@H]12,source_drawing_transcription,mol-9b17c2478b67ea7428d3199460a2c002c98a6d8dcfb21f9ab977573556b09474,7',SI compound 7',CC(C)[C@H]1CC[C@@]2(C)C(=O)C[C@@H]12,C11H18O,166.135765196,"[{""source_id"": ""si"", ""sha256"": ""8fbe4159fc7b128ff62b4d4a0ced698f5e1ca633dfb5b17269e1ebdcb428df17"", ""pages"": [7], ""locator"": ""SI drawing/procedure: 7'""}]",structures/7'.svg,route_compound,pending_independent_chemist_review,False,False,Racemic series: one source-drawn enantiomer represents relative configuration; no absolute purity implied.
7a,,Cc1ccc(S(=O)(=O)NN=C2C[C@@H]3[C@@H](C(C)C)CC[C@]23C)cc1,source_drawing_transcription,mol-f24e593471fa8db46f518b83ccb1610b401d9bd0879ace27f9a82b8ec07f5af7,7a,SI compound 7a,Cc1ccc(S(=O)(=O)NN=C2C[C@@H]3[C@@H](C(C)C)CC[C@]23C)cc1,C18H26N2O2S,334.171499072,"[{""source_id"": ""si"", ""sha256"": ""8fbe4159fc7b128ff62b4d4a0ced698f5e1ca633dfb5b17269e1ebdcb428df17"", ""pages"": [9, 10], ""locator"": ""SI drawing/procedure: 7a""}]",structures/7a.svg,route_compound,pending_independent_chemist_review,False,False,Racemic series: one source-drawn enantiomer represents relative configuration; no absolute purity implied.
16,,C/C=C/CBr,source_drawing_transcription,mol-d68d99f7644ab2be2d5f5869dfd10e0f4c8d5be134c2295852dac95cd237c966,16,SI compound 16,C/C=C/CBr,C4H7Br,133.973112324,"[{""source_id"": ""si"", ""sha256"": ""8fbe4159fc7b128ff62b4d4a0ced698f5e1ca633dfb5b17269e1ebdcb428df17"", ""pages"": [11], ""locator"": ""SI drawing/procedure: 16""}]",structures/16.svg,route_compound,pending_independent_chemist_review,False,False,
17,,C#CC(O)CC,source_drawing_transcription,mol-8609b77fd37520c28f9d05ba2c9fd46bfd9ce20a501315f59c49fa534d149a57,17,SI compound 17,C#CC(O)CC,C5H8O,84.057514876,"[{""source_id"": ""si"", ""sha256"": ""8fbe4159fc7b128ff62b4d4a0ced698f5e1ca633dfb5b17269e1ebdcb428df17"", ""pages"": [11], ""locator"": ""SI drawing/procedure: 17""}]",structures/17.svg,route_compound,pending_independent_chemist_review,False,False,
18,,C/C=C/CC#CC(O)CC,source_drawing_transcription,mol-3f9636a76d8faa54c88d20612e63571b20d34e6d39d4f78836fdb0fc875ab3be,18,SI compound 18,C/C=C/CC#CC(O)CC,C9H14O,138.104465068,"[{""source_id"": ""si"", ""sha256"": ""8fbe4159fc7b128ff62b4d4a0ced698f5e1ca633dfb5b17269e1ebdcb428df17"", ""pages"": [11], ""locator"": ""SI drawing/procedure: 18""}]",structures/18.svg,route_compound,pending_independent_chemist_review,False,False,Alcohol center unassigned. Mixture component or major alkene geometry as drawn; individual mixture yields unavailable.
18',,C=CC(C)C#CC(O)CC,source_drawing_transcription,mol-17225359c0f4a5d1a5aba1951d61f76baefdf60e9cb80a0896990fc03c73f1b3,18',SI compound 18',C=CC(C)C#CC(O)CC,C9H14O,138.104465068,"[{""source_id"": ""si"", ""sha256"": ""8fbe4159fc7b128ff62b4d4a0ced698f5e1ca633dfb5b17269e1ebdcb428df17"", ""pages"": [11], ""locator"": ""SI drawing/procedure: 18'""}]",structures/18'.svg,route_compound,pending_independent_chemist_review,False,False,Alcohol center unassigned. Mixture component or major alkene geometry as drawn; individual mixture yields unavailable.
19,,C/C=C/CC#CC(CC)O[Si](C)(C)C(C)(C)C,source_drawing_transcription,mol-14a08b833ab168867ed3aa849b25a374c6354c2d25b00c6f4fe252ac58524303,19,SI compound 19,C/C=C/CC#CC(CC)O[Si](C)(C)C(C)(C)C,C15H28OSi,252.19094204599998,"[{""source_id"": ""si"", ""sha256"": ""8fbe4159fc7b128ff62b4d4a0ced698f5e1ca633dfb5b17269e1ebdcb428df17"", ""pages"": [12], ""locator"": ""SI drawing/procedure: 19""}]",structures/19.svg,route_compound,pending_independent_chemist_review,False,False,Alcohol center unassigned. Mixture component or major alkene geometry as drawn; individual mixture yields unavailable.
19',,C=CC(C)C#CC(CC)O[Si](C)(C)C(C)(C)C,source_drawing_transcription,mol-7b946419533169b31e4be0e7d18927c5bc40a090e0a06a83ef1be7eedd1b1729,19',SI compound 19',C=CC(C)C#CC(CC)O[Si](C)(C)C(C)(C)C,C15H28OSi,252.19094204599998,"[{""source_id"": ""si"", ""sha256"": ""8fbe4159fc7b128ff62b4d4a0ced698f5e1ca633dfb5b17269e1ebdcb428df17"", ""pages"": [12], ""locator"": ""SI drawing/procedure: 19'""}]",structures/19'.svg,route_compound,pending_independent_chemist_review,False,False,Alcohol center unassigned. Mixture component or major alkene geometry as drawn; individual mixture yields unavailable.
6,,C/C=C/C/C(I)=C/C(O)CC,source_drawing_transcription,mol-8a30ce4622d7b343c3a29d9ca46ffbb780446a583c4e6cd892b023d4595316d2,6,SI compound 6,C/C=C/C/C(I)=C/C(O)CC,C9H15IO,266.0167631,"[{""source_id"": ""si"", ""sha256"": ""8fbe4159fc7b128ff62b4d4a0ced698f5e1ca633dfb5b17269e1ebdcb428df17"", ""pages"": [11], ""locator"": ""SI drawing/procedure: 6""}]",structures/6.svg,route_compound,pending_independent_chemist_review,False,False,Alcohol center unassigned. Mixture component or major alkene geometry as drawn; individual mixture yields unavailable.
6',,C=CC(C)/C(I)=C/C(O)CC,source_drawing_transcription,mol-7c561b2a80267efe58a205f733331f332b704509b664275944486daf419fc9b2,6',SI compound 6',C=CC(C)/C(I)=C/C(O)CC,C9H15IO,266.0167631,"[{""source_id"": ""si"", ""sha256"": ""8fbe4159fc7b128ff62b4d4a0ced698f5e1ca633dfb5b17269e1ebdcb428df17"", ""pages"": [11], ""locator"": ""SI drawing/procedure: 6'""}]",structures/6'.svg,route_compound,pending_independent_chemist_review,False,False,Alcohol center unassigned. Mixture component or major alkene geometry as drawn; individual mixture yields unavailable.
20,,C/C=C/C/C(I)=C\C(CC)O[Si](C)(C)C(C)(C)C,source_drawing_transcription,mol-aec75517ba89f6ddfd7af35a6275bd2cff107986397d6646be02bcb4f25a4618,20,SI compound 20,C/C=C/C/C(I)=C\C(CC)O[Si](C)(C)C(C)(C)C,C15H29IOSi,380.103240078,"[{""source_id"": ""si"", ""sha256"": ""8fbe4159fc7b128ff62b4d4a0ced698f5e1ca633dfb5b17269e1ebdcb428df17"", ""pages"": [12, 13], ""locator"": ""SI drawing/procedure: 20""}]",structures/20.svg,route_compound,pending_independent_chemist_review,False,False,Alcohol center unassigned. Mixture component or major alkene geometry as drawn; individual mixture yields unavailable.
S1,,C/C=C/CC/C(=C\C(CC)O[Si](C)(C)C(C)(C)C)C1(O)C[C@@H]2[C@@H](C(C)C)CC[C@@]21C,source_drawing_transcription,mol-5be2bc0e3061401502443412a53e9c5a3815c1672f85ec1af9b59a99a2c90bae,S1,SI compound S1,C/C=C/CC/C(=C\C(CC)O[Si](C)(C)C(C)(C)C)C1(O)C[C@@H]2[C@@H](C(C)C)CC[C@@]21C,C27H50O2Si,434.35800736999994,"[{""source_id"": ""si"", ""sha256"": ""8fbe4159fc7b128ff62b4d4a0ced698f5e1ca633dfb5b17269e1ebdcb428df17"", ""pages"": [13], ""locator"": ""SI drawing/procedure: S1""}]",structures/S1.svg,route_compound,pending_independent_chemist_review,False,False,Racemic series: one source-drawn enantiomer represents relative configuration; no absolute purity implied. C7 OH depiction in perspective scheme not assigned; S1/23 are source-drawn crude intermediates.
22,,C/C=C/CC/C(=C\C(O)CC)C1(O)C[C@@H]2[C@@H](C(C)C)CC[C@@]21C,source_drawing_transcription,mol-914181ece56f231a8ab3710f1bfc3f9999ca8a0617601ac84c850b093e671af3,22,SI compound 22,C/C=C/CC/C(=C\C(O)CC)C1(O)C[C@@H]2[C@@H](C(C)C)CC[C@@]21C,C21H36O2,320.271530392,"[{""source_id"": ""si"", ""sha256"": ""8fbe4159fc7b128ff62b4d4a0ced698f5e1ca633dfb5b17269e1ebdcb428df17"", ""pages"": [13], ""locator"": ""SI drawing/procedure: 22""}]",structures/22.svg,route_compound,pending_independent_chemist_review,False,False,Racemic series: one source-drawn enantiomer represents relative configuration; no absolute purity implied. C7 OH depiction in perspective scheme not assigned; S1/23 are source-drawn crude intermediates.
23,,C/C=C/CC/C(=C\C(=O)CC)C1(O)C[C@@H]2[C@@H](C(C)C)CC[C@@]21C,source_drawing_transcription,mol-bee9305f0dfe76c70b4714840ca4b1f713ef6eb7512e403ad527c0c04aa81cb8,23,SI compound 23,C/C=C/CC/C(=C\C(=O)CC)C1(O)C[C@@H]2[C@@H](C(C)C)CC[C@@]21C,C21H34O2,318.255880328,"[{""source_id"": ""si"", ""sha256"": ""8fbe4159fc7b128ff62b4d4a0ced698f5e1ca633dfb5b17269e1ebdcb428df17"", ""pages"": [14], ""locator"": ""SI drawing/procedure: 23""}]",structures/23.svg,route_compound,pending_independent_chemist_review,False,False,Racemic series: one source-drawn enantiomer represents relative configuration; no absolute purity implied. C7 OH depiction in perspective scheme not assigned; S1/23 are source-drawn crude intermediates.
33,,O=C(O)c1cc(Br)c(Br)o1,source_drawing_transcription,mol-3167f64e49eff75c03f505ddcc148ad9cf9a121b580dc188e93c974940dcb96e,33,SI compound 33,O=C(O)c1cc(Br)c(Br)o1,C5H2Br2O3,267.837068124,"[{""source_id"": ""si"", ""sha256"": ""8fbe4159fc7b128ff62b4d4a0ced698f5e1ca633dfb5b17269e1ebdcb428df17"", ""pages"": [14], ""locator"": ""SI drawing/procedure: 33""}]",structures/33.svg,route_compound,pending_independent_chemist_review,False,False,
34,,O=Cc1cc(Br)c(Br)o1,source_drawing_transcription,mol-d7bfcb43a5c32a734404b549297d09d8b8a261d8594e439d0d2016dd1866ef4a,34,SI compound 34,O=Cc1cc(Br)c(Br)o1,C5H2Br2O2,251.842153504,"[{""source_id"": ""si"", ""sha256"": ""8fbe4159fc7b128ff62b4d4a0ced698f5e1ca633dfb5b17269e1ebdcb428df17"", ""pages"": [14, 15], ""locator"": ""SI drawing/procedure: 34""}]",structures/34.svg,route_compound,pending_independent_chemist_review,False,False,
35,,CC(O)c1cc(Br)c(Br)o1,source_drawing_transcription,mol-9218394e41b4ebda08cfdecbfc1bc344a93c3b7fba30ab584242e3042bb3d643,35,SI compound 35,CC(O)c1cc(Br)c(Br)o1,C6H6Br2O2,267.873453632,"[{""source_id"": ""si"", ""sha256"": ""8fbe4159fc7b128ff62b4d4a0ced698f5e1ca633dfb5b17269e1ebdcb428df17"", ""pages"": [15], ""locator"": ""SI drawing/procedure: 35""}]",structures/35.svg,route_compound,pending_independent_chemist_review,False,False,
36,,CCc1cc(Br)c(Br)o1,source_drawing_transcription,mol-5c9878e0d12dea651240611f6159882582c5ede98603af2dc20e2d731b4d7a73,36,SI compound 36,CCc1cc(Br)c(Br)o1,C6H6Br2O,251.878539012,"[{""source_id"": ""si"", ""sha256"": ""8fbe4159fc7b128ff62b4d4a0ced698f5e1ca633dfb5b17269e1ebdcb428df17"", ""pages"": [15, 16], ""locator"": ""SI drawing/procedure: 36""}]",structures/36.svg,route_compound,pending_independent_chemist_review,False,False,
37,,CCc1cc(Br)c(C=O)o1,source_drawing_transcription,mol-d0e695dde62d69c79b69031769b97507de781a12e56fd231a343c82b2d526910,37,SI compound 37,CCc1cc(Br)c(C=O)o1,C7H7BrO2,201.962941564,"[{""source_id"": ""si"", ""sha256"": ""8fbe4159fc7b128ff62b4d4a0ced698f5e1ca633dfb5b17269e1ebdcb428df17"", ""pages"": [15, 16], ""locator"": ""SI drawing/procedure: 37""}]",structures/37.svg,route_compound,pending_independent_chemist_review,False,False,
ethylidenetriphenylphosphorane,,CC=P(c1ccccc1)(c1ccccc1)c1ccccc1,source_drawing_transcription,mol-9e5b263bdca6e6ffc3cc43e2c7d9ee051506fb5969e0775de847bc140a628390,ethylidenetriphenylphosphorane,SI compound ethylidenetriphenylphosphorane,CC=P(c1ccccc1)(c1ccccc1)c1ccccc1,C20H19P,290.12243723800003,"[{""source_id"": ""si"", ""sha256"": ""8fbe4159fc7b128ff62b4d4a0ced698f5e1ca633dfb5b17269e1ebdcb428df17"", ""pages"": [16], ""locator"": ""SI drawing/procedure: ethylidenetriphenylphosphorane""}]",structures/ethylidenetriphenylphosphorane.svg,route_compound,pending_independent_chemist_review,False,False,
32,,C/C=C/c1oc(CC)cc1Br,source_drawing_transcription,mol-2e1935ddec6240db95ccd22bfdf46d6394b3fddc4f3c309b1f4d05f5aca06119,32,SI compound 32,C/C=C/c1oc(CC)cc1Br,C9H11BrO,213.999327072,"[{""source_id"": ""si"", ""sha256"": ""8fbe4159fc7b128ff62b4d4a0ced698f5e1ca633dfb5b17269e1ebdcb428df17"", ""pages"": [16, 17, 18], ""locator"": ""SI drawing/procedure: 32""}]",structures/32.svg,route_compound,pending_independent_chemist_review,False,False,"E major depicted; Wittig product E/Z 2.7:1, alternative cyclization E/Z 9:1; not pure E."
44,"Known propargylic alcohol, E/Z 9.5:1; upstream not detailed.",C#CC(O)/C=C/C,source_drawing_transcription,mol-dbacdeb981d80a1152e1d030094d9e83bc16c54fa4957ca6dac6ab382fb65da6,44,SI compound 44,C#CC(O)/C=C/C,C6H8O,96.057514876,"[{""source_id"": ""si"", ""sha256"": ""8fbe4159fc7b128ff62b4d4a0ced698f5e1ca633dfb5b17269e1ebdcb428df17"", ""pages"": [17], ""locator"": ""SI drawing/procedure: 44""}]",structures/44.svg,route_compound,pending_independent_chemist_review,False,False,
45,,CCC(=O)N(C)OC,source_drawing_transcription,mol-0d3d0ec9962f8babfa20d32b2cf38a6df89fcb63b2269602cb947ef10cde63c5,45,SI compound 45,CCC(=O)N(C)OC,C5H11NO2,117.078978592,"[{""source_id"": ""si"", ""sha256"": ""8fbe4159fc7b128ff62b4d4a0ced698f5e1ca633dfb5b17269e1ebdcb428df17"", ""pages"": [17], ""locator"": ""SI drawing/procedure: 45""}]",structures/45.svg,route_compound,pending_independent_chemist_review,False,False,
46,,C/C=C/C(O)C#CC(=O)CC,source_drawing_transcription,mol-f14347448308a3102e15b18aae913e627eb2d56d8ea98189422a90705b750418,46,SI compound 46,C/C=C/C(O)C#CC(=O)CC,C9H12O2,152.083729624,"[{""source_id"": ""si"", ""sha256"": ""8fbe4159fc7b128ff62b4d4a0ced698f5e1ca633dfb5b17269e1ebdcb428df17"", ""pages"": [17], ""locator"": ""SI drawing/procedure: 46""}]",structures/46.svg,route_compound,pending_independent_chemist_review,False,False,
31,,C/C=C/c1oc(CC)cc1[C@]1(O)C[C@@H]2[C@@H](C(C)C)CC[C@@]21C,source_drawing_transcription,mol-d8257c6a14c7c37f4a54eaa69c7010b8ea49e1b608dd4a710173e814f33699e5,31,SI compound 31,C/C=C/c1oc(CC)cc1[C@]1(O)C[C@@H]2[C@@H](C(C)C)CC[C@@]21C,C20H30O2,302.2245802,"[{""source_id"": ""si"", ""sha256"": ""8fbe4159fc7b128ff62b4d4a0ced698f5e1ca633dfb5b17269e1ebdcb428df17"", ""pages"": [18], ""locator"": ""SI drawing/procedure: 31""}]",structures/31.svg,route_compound,pending_independent_chemist_review,False,False,Racemic series: one source-drawn enantiomer represents relative configuration; no absolute purity implied.
31',,C/C=C/c1oc(CC)cc1[C@@]1(O)C[C@@H]2[C@@H](C(C)C)CC[C@@]21C,source_drawing_transcription,mol-2ccd142870a62683d8aa0524a4d7a4b7f66bb47723651e5e2b74189437e38e1c,31',SI compound 31',C/C=C/c1oc(CC)cc1[C@@]1(O)C[C@@H]2[C@@H](C(C)C)CC[C@@]21C,C20H30O2,302.2245802,"[{""source_id"": ""si"", ""sha256"": ""8fbe4159fc7b128ff62b4d4a0ced698f5e1ca633dfb5b17269e1ebdcb428df17"", ""pages"": [18, 19], ""locator"": ""SI drawing/procedure: 31'""}]",structures/31'.svg,route_compound,pending_independent_chemist_review,False,False,Racemic series: one source-drawn enantiomer represents relative configuration; no absolute purity implied.
30,,C/C=C/C(=O)/C(=C/C(=O)CC)[C@]1(O)C[C@@H]2[C@@H](C(C)C)CC[C@@]21C,source_drawing_transcription,mol-be61fec611778f5c82662cb40dd9d785a3201823a1cc6a7f4e1e769bdc124b54,30,SI compound 30,C/C=C/C(=O)/C(=C/C(=O)CC)[C@]1(O)C[C@@H]2[C@@H](C(C)C)CC[C@@]21C,C20H30O3,318.21949481999997,"[{""source_id"": ""si"", ""sha256"": ""8fbe4159fc7b128ff62b4d4a0ced698f5e1ca633dfb5b17269e1ebdcb428df17"", ""pages"": [20], ""locator"": ""SI drawing/procedure: 30""}]",structures/30.svg,route_compound,pending_independent_chemist_review,False,False,Racemic series: one source-drawn enantiomer represents relative configuration; no absolute purity implied.
30',,C/C=C/C(=O)/C(=C/C(=O)CC)[C@@]1(O)C[C@@H]2[C@@H](C(C)C)CC[C@@]21C,source_drawing_transcription,mol-2dfb5f9bbd9efcb4bdc702021369ccce07185e9f523047aaaeeb70206d7abd2d,30',SI compound 30',C/C=C/C(=O)/C(=C/C(=O)CC)[C@@]1(O)C[C@@H]2[C@@H](C(C)C)CC[C@@]21C,C20H30O3,318.21949481999997,"[{""source_id"": ""si"", ""sha256"": ""8fbe4159fc7b128ff62b4d4a0ced698f5e1ca633dfb5b17269e1ebdcb428df17"", ""pages"": [21], ""locator"": ""SI drawing/procedure: 30'""}]",structures/30'.svg,route_compound,pending_independent_chemist_review,False,False,Racemic series: one source-drawn enantiomer represents relative configuration; no absolute purity implied.
24,,C/C=C/C[C@]1(CC(=O)CC)C(=O)C[C@@H]2[C@@H](C(C)C)CC[C@@]21C,source_drawing_transcription,mol-d6758594b183e141a54101511c06b4f56317cdf56b87419564b18006fc806ba0,24,SI compound 24,C/C=C/C[C@]1(CC(=O)CC)C(=O)C[C@@H]2[C@@H](C(C)C)CC[C@@]21C,C20H32O2,304.240230264,"[{""source_id"": ""si"", ""sha256"": ""8fbe4159fc7b128ff62b4d4a0ced698f5e1ca633dfb5b17269e1ebdcb428df17"", ""pages"": [14], ""locator"": ""SI drawing/procedure: 24""}]",structures/24.svg,route_compound,pending_independent_chemist_review,False,False,Racemic series: one source-drawn enantiomer represents relative configuration; no absolute purity implied.
29,,C/C=C/C(=O)[C@@]1(CC(=O)CC)C(=O)C[C@@H]2[C@@H](C(C)C)CC[C@@]21C,source_drawing_transcription,mol-dae265c015b77c6458bcdd9acfcb6c113c0e2141359bcc6605ff884fe6146f25,29,SI compound 29,C/C=C/C(=O)[C@@]1(CC(=O)CC)C(=O)C[C@@H]2[C@@H](C(C)C)CC[C@@]21C,C20H30O3,318.21949481999997,"[{""source_id"": ""si"", ""sha256"": ""8fbe4159fc7b128ff62b4d4a0ced698f5e1ca633dfb5b17269e1ebdcb428df17"", ""pages"": [21, 22], ""locator"": ""SI drawing/procedure: 29""}]",structures/29.svg,route_compound,pending_independent_chemist_review,False,False,Racemic series: one source-drawn enantiomer represents relative configuration; no absolute purity implied.
29',,C/C=C/C(=O)[C@]1(CC(=O)CC)C(=O)C[C@@H]2[C@@H](C(C)C)CC[C@@]21C,source_drawing_transcription,mol-7633b20bb7b73c387c97a4343f8fa118db9ea1a81cf82dc0bd3c175cbd8822ce,29',SI compound 29',C/C=C/C(=O)[C@]1(CC(=O)CC)C(=O)C[C@@H]2[C@@H](C(C)C)CC[C@@]21C,C20H30O3,318.21949481999997,"[{""source_id"": ""si"", ""sha256"": ""8fbe4159fc7b128ff62b4d4a0ced698f5e1ca633dfb5b17269e1ebdcb428df17"", ""pages"": [23], ""locator"": ""SI drawing/procedure: 29'""}]",structures/29'.svg,route_compound,pending_independent_chemist_review,False,False,Racemic series: one source-drawn enantiomer represents relative configuration; no absolute purity implied.
42,,C/C=C/C(=O)[C@@]1(CC(=O)CC)C(O[Si](C)(C)C(C)(C)C)=C[C@@H]2[C@@H](C(C)C)CC[C@@]21C,source_drawing_transcription,mol-f5e94651f4fc891340fa651f2b15410bbbb2f0d4bfc6d08b34d52404195fa117,42,SI compound 42,C/C=C/C(=O)[C@@]1(CC(=O)CC)C(O[Si](C)(C)C(C)(C)C)=C[C@@H]2[C@@H](C(C)C)CC[C@@]21C,C26H44O3Si,432.305971798,"[{""source_id"": ""si"", ""sha256"": ""8fbe4159fc7b128ff62b4d4a0ced698f5e1ca633dfb5b17269e1ebdcb428df17"", ""pages"": [25], ""locator"": ""SI drawing/procedure: 42""}]",structures/42.svg,route_compound,pending_independent_chemist_review,False,False,Racemic series; source relative configuration.
43,,C/C=C/C(=O)[C@@]1(CC(=O)CC)C(OS(=O)(=O)C(F)(F)F)=C[C@@H]2[C@@H](C(C)C)CC[C@@]21C,source_drawing_transcription,mol-95b66b5e8a402f82e041916efd5c4e3a1bd3fc0a0b90bb0b6fa71913b815180a,43,SI compound 43,C/C=C/C(=O)[C@@]1(CC(=O)CC)C(OS(=O)(=O)C(F)(F)F)=C[C@@H]2[C@@H](C(C)C)CC[C@@]21C,C21H29F3O5S,450.16877968800003,"[{""source_id"": ""si"", ""sha256"": ""8fbe4159fc7b128ff62b4d4a0ced698f5e1ca633dfb5b17269e1ebdcb428df17"", ""pages"": [26], ""locator"": ""SI drawing/procedure: 43""}]",structures/43.svg,route_compound,pending_independent_chemist_review,False,False,Racemic series; source relative configuration.
38,,C/C=C/C(=O)OC1=C(CC(=O)CC)[C@@]2(C)CC[C@H](C(C)C)[C@H]2C1,source_drawing_transcription,mol-784d9de550a2573aa6bd9c29937424483a0e32c2d3e20cc4413b7166796216e9,38,SI compound 38,C/C=C/C(=O)OC1=C(CC(=O)CC)[C@@]2(C)CC[C@H](C(C)C)[C@H]2C1,C20H30O3,318.21949481999997,"[{""source_id"": ""si"", ""sha256"": ""8fbe4159fc7b128ff62b4d4a0ced698f5e1ca633dfb5b17269e1ebdcb428df17"", ""pages"": [21, 22, 24], ""locator"": ""SI drawing/procedure: 38""}]",structures/38.svg,route_compound,pending_independent_chemist_review,False,False,Racemic series: one source-drawn enantiomer represents relative configuration; no absolute purity implied.
39,,CCC1=C(C2C(=O)C[C@@H]3[C@@H](C(C)C)CC[C@]23C)C(=O)CC(C)O1,source_drawing_transcription,mol-d4ec377012b653cd683aecddb65e29443d21484310b4e381c719faa26d543053,39,SI compound 39,CCC1=C(C2C(=O)C[C@@H]3[C@@H](C(C)C)CC[C@]23C)C(=O)CC(C)O1,C20H30O3,318.21949481999997,"[{""source_id"": ""si"", ""sha256"": ""8fbe4159fc7b128ff62b4d4a0ced698f5e1ca633dfb5b17269e1ebdcb428df17"", ""pages"": [24], ""locator"": ""SI drawing/procedure: 39""}]",structures/39.svg,route_compound,pending_independent_chemist_review,False,False,Racemic series: one source-drawn enantiomer represents relative configuration; no absolute purity implied.
40,,C=CC1=C(CC)C[C@]2(C(=O)C[C@@H]3[C@@H](C(C)C)CC[C@@]32C)C1=O,source_drawing_transcription,mol-e860f9fbfb38598c22d3c15eabb73022990634e37dba30bd6d561e5c9dfabd3c,40,SI compound 40,C=CC1=C(CC)C[C@]2(C(=O)C[C@@H]3[C@@H](C(C)C)CC[C@@]32C)C1=O,C20H28O2,300.208930136,"[{""source_id"": ""si"", ""sha256"": ""8fbe4159fc7b128ff62b4d4a0ced698f5e1ca633dfb5b17269e1ebdcb428df17"", ""pages"": [24, 25], ""locator"": ""SI drawing/procedure: 40""}]",structures/40.svg,route_compound,pending_independent_chemist_review,False,False,Racemic series: one source-drawn enantiomer represents relative configuration; no absolute purity implied.
3,,C/C=C/C(=O)[C@@]12CC(=O)C(C)=C1C[C@@H]1[C@@H](C(C)C)CC[C@@]12C,source_drawing_transcription,mol-9c5c04fbeb6bc448f67833ef9aac093276747ee61927a7746f0c178b36cf33d4,3,SI compound 3,C/C=C/C(=O)[C@@]12CC(=O)C(C)=C1C[C@@H]1[C@@H](C(C)C)CC[C@@]12C,C20H28O2,300.208930136,"[{""source_id"": ""si"", ""sha256"": ""8fbe4159fc7b128ff62b4d4a0ced698f5e1ca633dfb5b17269e1ebdcb428df17"", ""pages"": [26, 27], ""locator"": ""SI drawing/procedure: 3""}]",structures/3.svg,route_compound,pending_independent_chemist_review,False,False,Racemic series: one source-drawn enantiomer represents relative configuration; no absolute purity implied.
1,,CC1=C2[C@@H]3[C@@H]4[C@@H](C(C)C)CC[C@]4(C)[C@@]2(CC1=O)C(=O)C[C@H]3C,source_drawing_transcription,mol-a44a3578899dd37cd9810014ad09da25f9de543a262e1a1859298eefd3b12e79,1,SI compound 1,CC1=C2[C@@H]3[C@@H]4[C@@H](C(C)C)CC[C@]4(C)[C@@]2(CC1=O)C(=O)C[C@H]3C,C20H28O2,300.208930136,"[{""source_id"": ""si"", ""sha256"": ""8fbe4159fc7b128ff62b4d4a0ced698f5e1ca633dfb5b17269e1ebdcb428df17"", ""pages"": [4, 29, 30], ""locator"": ""SI drawing/procedure: 1""}]",structures/1.svg,target,pending_independent_chemist_review,False,False,"Racemic product represented by source-defined natural enantiomer; racemate, not an enantiopure sample."
(-)-8,Known bromide feed; no upstream preparation in SI.,C=C[C@H](CBr)C(C)C,source_drawing_transcription,mol-3fb835d8bf8788b580d034a868cd0df38ba5cf1eb6bdb4708f64aae20fd03388,(-)-8,SI compound (-)-8,C=C[C@H](CBr)C(C)C,C7H13Br,176.020062516,"[{""source_id"": ""si"", ""sha256"": ""8fbe4159fc7b128ff62b4d4a0ced698f5e1ca633dfb5b17269e1ebdcb428df17"", ""pages"": [34, 36], ""locator"": ""SI drawing/procedure: (-)-8""}]",structures/(-)-8.svg,route_compound,pending_independent_chemist_review,False,False,"Enantioenriched series explicitly shown in SI 34/36; no numerical ee reported. Same procedure stated, separate yields not given."
(-)-11,,C=C[C@H](CCC(C)C(=O)O)C(C)C,source_drawing_transcription,mol-10148bfe3aab9912660e7788c049f518620a1eca00c693cfec9ac5ec0e810bdb,(-)-11,SI compound (-)-11,C=C[C@H](CCC(C)C(=O)O)C(C)C,C11H20O2,184.14632988,"[{""source_id"": ""si"", ""sha256"": ""8fbe4159fc7b128ff62b4d4a0ced698f5e1ca633dfb5b17269e1ebdcb428df17"", ""pages"": [34, 36], ""locator"": ""SI drawing/procedure: (-)-11""}]",structures/(-)-11.svg,route_compound,pending_independent_chemist_review,False,False,"Enantioenriched series explicitly shown in SI 34/36; no numerical ee reported. Same procedure stated, separate yields not given."
(+)-14,,C=C[C@H](CCC(C)C#N)C(C)C,source_drawing_transcription,mol-0645b066de82b76e207c173320c0096f8bda1b3d778ed6525a4112c61ae3d5f6,(+)-14,SI compound (+)-14,C=C[C@H](CCC(C)C#N)C(C)C,C11H19N,165.151749608,"[{""source_id"": ""si"", ""sha256"": ""8fbe4159fc7b128ff62b4d4a0ced698f5e1ca633dfb5b17269e1ebdcb428df17"", ""pages"": [34, 36], ""locator"": ""SI drawing/procedure: (+)-14""}]",structures/(+)-14.svg,route_compound,pending_independent_chemist_review,False,False,"Enantioenriched series explicitly shown in SI 34/36; no numerical ee reported. Same procedure stated, separate yields not given."
(+)-7,,CC(C)[C@H]1CC[C@]2(C)C(=O)C[C@H]12,source_drawing_transcription,mol-7464779a1af0df05e6e1555799a923ee64b204465d3fd01c3bf4b0e3330765cb,(+)-7,SI compound (+)-7,CC(C)[C@H]1CC[C@]2(C)C(=O)C[C@H]12,C11H18O,166.135765196,"[{""source_id"": ""si"", ""sha256"": ""8fbe4159fc7b128ff62b4d4a0ced698f5e1ca633dfb5b17269e1ebdcb428df17"", ""pages"": [34, 36], ""locator"": ""SI drawing/procedure: (+)-7""}]",structures/(+)-7.svg,route_compound,pending_independent_chemist_review,False,False,"Enantioenriched series explicitly shown in SI 34/36; no numerical ee reported. Same procedure stated, separate yields not given."
(+)-7a,,Cc1ccc(S(=O)(=O)NN=C2C[C@@H]3[C@@H](C(C)C)CC[C@]23C)cc1,source_drawing_transcription,mol-f24e593471fa8db46f518b83ccb1610b401d9bd0879ace27f9a82b8ec07f5af7,(+)-7a,SI compound (+)-7a,Cc1ccc(S(=O)(=O)NN=C2C[C@@H]3[C@@H](C(C)C)CC[C@]23C)cc1,C18H26N2O2S,334.171499072,"[{""source_id"": ""si"", ""sha256"": ""8fbe4159fc7b128ff62b4d4a0ced698f5e1ca633dfb5b17269e1ebdcb428df17"", ""pages"": [34, 36], ""locator"": ""SI drawing/procedure: (+)-7a""}]",structures/(+)-7a.svg,route_compound,pending_independent_chemist_review,False,False,"Enantioenriched series explicitly shown in SI 34/36; no numerical ee reported. Same procedure stated, separate yields not given."
(+)-31,,C/C=C/c1oc(CC)cc1[C@]1(O)C[C@@H]2[C@@H](C(C)C)CC[C@@]21C,source_drawing_transcription,mol-d8257c6a14c7c37f4a54eaa69c7010b8ea49e1b608dd4a710173e814f33699e5,(+)-31,SI compound (+)-31,C/C=C/c1oc(CC)cc1[C@]1(O)C[C@@H]2[C@@H](C(C)C)CC[C@@]21C,C20H30O2,302.2245802,"[{""source_id"": ""si"", ""sha256"": ""8fbe4159fc7b128ff62b4d4a0ced698f5e1ca633dfb5b17269e1ebdcb428df17"", ""pages"": [34, 36], ""locator"": ""SI drawing/procedure: (+)-31""}]",structures/(+)-31.svg,route_compound,pending_independent_chemist_review,False,False,"Enantioenriched series explicitly shown in SI 34/36; no numerical ee reported. Same procedure stated, separate yields not given."
(+)-30,,C/C=C/C(=O)/C(=C/C(=O)CC)[C@]1(O)C[C@@H]2[C@@H](C(C)C)CC[C@@]21C,source_drawing_transcription,mol-be61fec611778f5c82662cb40dd9d785a3201823a1cc6a7f4e1e769bdc124b54,(+)-30,SI compound (+)-30,C/C=C/C(=O)/C(=C/C(=O)CC)[C@]1(O)C[C@@H]2[C@@H](C(C)C)CC[C@@]21C,C20H30O3,318.21949481999997,"[{""source_id"": ""si"", ""sha256"": ""8fbe4159fc7b128ff62b4d4a0ced698f5e1ca633dfb5b17269e1ebdcb428df17"", ""pages"": [34, 36], ""locator"": ""SI drawing/procedure: (+)-30""}]",structures/(+)-30.svg,route_compound,pending_independent_chemist_review,False,False,"Enantioenriched series explicitly shown in SI 34/36; no numerical ee reported. Same procedure stated, separate yields not given."
(-)-29,,C/C=C/C(=O)[C@@]1(CC(=O)CC)C(=O)C[C@@H]2[C@@H](C(C)C)CC[C@@]21C,source_drawing_transcription,mol-dae265c015b77c6458bcdd9acfcb6c113c0e2141359bcc6605ff884fe6146f25,(-)-29,SI compound (-)-29,C/C=C/C(=O)[C@@]1(CC(=O)CC)C(=O)C[C@@H]2[C@@H](C(C)C)CC[C@@]21C,C20H30O3,318.21949481999997,"[{""source_id"": ""si"", ""sha256"": ""8fbe4159fc7b128ff62b4d4a0ced698f5e1ca633dfb5b17269e1ebdcb428df17"", ""pages"": [34, 36], ""locator"": ""SI drawing/procedure: (-)-29""}]",structures/(-)-29.svg,route_compound,pending_independent_chemist_review,False,False,"Enantioenriched series explicitly shown in SI 34/36; no numerical ee reported. Same procedure stated, separate yields not given."
(+)-43,,C/C=C/C(=O)[C@@]1(CC(=O)CC)C(OS(=O)(=O)C(F)(F)F)=C[C@@H]2[C@@H](C(C)C)CC[C@@]21C,source_drawing_transcription,mol-95b66b5e8a402f82e041916efd5c4e3a1bd3fc0a0b90bb0b6fa71913b815180a,(+)-43,SI compound (+)-43,C/C=C/C(=O)[C@@]1(CC(=O)CC)C(OS(=O)(=O)C(F)(F)F)=C[C@@H]2[C@@H](C(C)C)CC[C@@]21C,C21H29F3O5S,450.16877968800003,"[{""source_id"": ""si"", ""sha256"": ""8fbe4159fc7b128ff62b4d4a0ced698f5e1ca633dfb5b17269e1ebdcb428df17"", ""pages"": [34, 36], ""locator"": ""SI drawing/procedure: (+)-43""}]",structures/(+)-43.svg,route_compound,pending_independent_chemist_review,False,False,"Enantioenriched series explicitly shown in SI 34/36; no numerical ee reported. Same procedure stated, separate yields not given."
(-)-3,,C/C=C/C(=O)[C@@]12CC(=O)C(C)=C1C[C@@H]1[C@@H](C(C)C)CC[C@@]12C,source_drawing_transcription,mol-9c5c04fbeb6bc448f67833ef9aac093276747ee61927a7746f0c178b36cf33d4,(-)-3,SI compound (-)-3,C/C=C/C(=O)[C@@]12CC(=O)C(C)=C1C[C@@H]1[C@@H](C(C)C)CC[C@@]12C,C20H28O2,300.208930136,"[{""source_id"": ""si"", ""sha256"": ""8fbe4159fc7b128ff62b4d4a0ced698f5e1ca633dfb5b17269e1ebdcb428df17"", ""pages"": [34, 36], ""locator"": ""SI drawing/procedure: (-)-3""}]",structures/(-)-3.svg,route_compound,pending_independent_chemist_review,False,False,"Enantioenriched series explicitly shown in SI 34/36; no numerical ee reported. Same procedure stated, separate yields not given."
(-)-1,,CC1=C2[C@@H]3[C@@H]4[C@@H](C(C)C)CC[C@]4(C)[C@@]2(CC1=O)C(=O)C[C@H]3C,source_drawing_transcription,mol-a44a3578899dd37cd9810014ad09da25f9de543a262e1a1859298eefd3b12e79,(-)-1,SI compound (-)-1,CC1=C2[C@@H]3[C@@H]4[C@@H](C(C)C)CC[C@]4(C)[C@@]2(CC1=O)C(=O)C[C@H]3C,C20H28O2,300.208930136,"[{""source_id"": ""si"", ""sha256"": ""8fbe4159fc7b128ff62b4d4a0ced698f5e1ca633dfb5b17269e1ebdcb428df17"", ""pages"": [34, 36], ""locator"": ""SI drawing/procedure: (-)-1""}]",structures/(-)-1.svg,target,pending_independent_chemist_review,False,False,"Enantioenriched series explicitly shown in SI 34/36; no numerical ee reported. Same procedure stated, separate yields not given."
