event_id,reactant_labels,product_labels,reagents,solvents,yield_scope,time,substrate_product_smiles,source_references,reported_yields,step_ids,category,formal_benchmark_eligible,admission_authority,experimental_stage_count,review_status,current_mA,temperature,operation_stages
E01,"[""1""]","[""2""]","[""EOMCl"", ""DIPEA"", ""DMAP""]","[""dichloromethane""]",Source-reported yield; source conflict notes take precedence.,7 h,O=Cc1ccc(O)c(O)c1>>CCOCOc1ccc(C=O)cc1OCOCC,"[{""source_id"": ""article"", ""sha256"": ""5b66630899f44568f4bccc3774c7b0dda8165cf6ce7b99154ffed724a0ee6adf"", ""pages"": [7, 8], ""locator"": ""Main experimental section / scheme: E01""}]","[{""product_label"": ""2"", ""percent"": 92.5, ""from_label"": ""1"", ""scope"": ""Source-reported yield; source conflict notes take precedence.""}]","[""E01.1""]",forward_synthesis,False,False,1,pending_independent_chemist_review,,,
E02,"[""2"", ""3""]","[""4""]","[""KOH""]","[""ethanol""]",Source-reported yield; source conflict notes take precedence.,1.5 h,CCOCOc1ccc(C=O)cc1OCOCC.COc1cc(O)ccc1C(C)=O>>CCOCOc1ccc(/C=C/C(=O)c2ccc(O)cc2OC)cc1OCOCC,"[{""source_id"": ""article"", ""sha256"": ""5b66630899f44568f4bccc3774c7b0dda8165cf6ce7b99154ffed724a0ee6adf"", ""pages"": [8], ""locator"": ""Main experimental section / scheme: E02""}]","[{""product_label"": ""4"", ""percent"": 66.8, ""from_label"": ""2"", ""scope"": ""Source-reported yield; source conflict notes take precedence.""}]","[""E02.1""]",forward_synthesis,False,False,1,pending_independent_chemist_review,,,
E03,"[""4""]","[""5""]","[""H2"", ""Pd/C""]","[""ethanol""]",Source-reported yield; source conflict notes take precedence.,48 h,CCOCOc1ccc(/C=C/C(=O)c2ccc(O)cc2OC)cc1OCOCC>>CCOCOc1ccc(CCCc2ccc(O)cc2OC)cc1OCOCC,"[{""source_id"": ""article"", ""sha256"": ""5b66630899f44568f4bccc3774c7b0dda8165cf6ce7b99154ffed724a0ee6adf"", ""pages"": [8], ""locator"": ""Main experimental section / scheme: E03""}]","[{""product_label"": ""5"", ""percent"": 90.6, ""from_label"": ""4"", ""scope"": ""Source-reported yield; source conflict notes take precedence.""}]","[""E03.1""]",forward_synthesis,False,False,1,pending_independent_chemist_review,,,
E04,"[""5""]","[""7""]","[""Oxone"", ""TBAPF6"", ""FeBr3"", ""C-Pt electrodes""]","[""acetonitrile"", ""water""]",Source-reported yield; source conflict notes take precedence.,,CCOCOc1ccc(CCCc2ccc(O)cc2OC)cc1OCOCC>>COC1=CC(=O)C=CC12CCCc1cc(O)c(O)cc12,"[{""source_id"": ""article"", ""sha256"": ""5b66630899f44568f4bccc3774c7b0dda8165cf6ce7b99154ffed724a0ee6adf"", ""pages"": [4, 8], ""locator"": ""Main experimental section / scheme: E04""}]","[{""product_label"": ""7"", ""percent"": 74.4, ""from_label"": ""5"", ""scope"": ""Source-reported yield; source conflict notes take precedence.""}]","[""E04.1""]",forward_synthesis,False,False,2,pending_independent_chemist_review,8,room temperature,"[""electrolysis 4 h"", ""FeBr3 deprotection 4 h""]"
E05,"[""4a-unnumbered""]","[""5a""]","[""H2"", ""Pd/C""]","[""ethanol""]",Source-reported yield; source conflict notes take precedence.,48 h,CCOCOc1cc(/C=C/C(=O)c2ccc(O)cc2OC)ccc1OC>>CCOCOc1cc(CCCc2ccc(O)cc2OC)ccc1OC,"[{""source_id"": ""article"", ""sha256"": ""5b66630899f44568f4bccc3774c7b0dda8165cf6ce7b99154ffed724a0ee6adf"", ""pages"": [8, 9], ""locator"": ""Main experimental section / scheme: E05""}]","[{""product_label"": ""5a"", ""percent"": 78, ""from_label"": ""4a-unnumbered"", ""scope"": ""Source-reported yield; source conflict notes take precedence.""}]","[""E05.1""]",forward_synthesis,False,False,1,pending_independent_chemist_review,,,
E06,"[""5a""]","[""7"", ""8""]","[""Oxone"", ""TBAPF6"", ""FeBr3"", ""C-Pt electrodes""]","[""acetonitrile"", ""water""]",Source-reported yield; source conflict notes take precedence.,,CCOCOc1cc(CCCc2ccc(O)cc2OC)ccc1OC>>COC1=CC(=O)C=CC12CCCc1cc(O)c(O)cc12.COC1=CC(=O)C=CC12CCCc1cc(OC)c(O)cc12,"[{""source_id"": ""article"", ""sha256"": ""5b66630899f44568f4bccc3774c7b0dda8165cf6ce7b99154ffed724a0ee6adf"", ""pages"": [5, 9], ""locator"": ""Main experimental section / scheme: E06""}]","[{""product_label"": ""7"", ""percent"": 53, ""from_label"": ""5a"", ""scope"": ""Source-reported yield; source conflict notes take precedence.""}, {""product_label"": ""8"", ""percent"": 10, ""from_label"": ""5a"", ""scope"": ""Source-reported yield; source conflict notes take precedence.""}]","[""E06.1""]",forward_synthesis,False,False,2,pending_independent_chemist_review,8,,"[""electrolysis 1 h"", ""FeBr3 treatment 4 h""]"
E07,"[""8""]","[""7""]","[""electrolysis conditions as discussed""]","[""acetonitrile"", ""water""]",Reported conversion in text without isolated yield.,,COC1=CC(=O)C=CC12CCCc1cc(OC)c(O)cc12>>COC1=CC(=O)C=CC12CCCc1cc(O)c(O)cc12,"[{""source_id"": ""article"", ""sha256"": ""5b66630899f44568f4bccc3774c7b0dda8165cf6ce7b99154ffed724a0ee6adf"", ""pages"": [5], ""locator"": ""Main experimental section / scheme: E07""}]",[],"[""E07.1""]",forward_synthesis,False,False,1,pending_independent_chemist_review,,,
E08,"[""5""]","[""7""]","[""Oxone"", ""TBAPF6"", ""FeBr3"", ""C-Pt electrodes""]","[""acetonitrile"", ""water""]",Source-reported yield; source conflict notes take precedence.,,CCOCOc1ccc(CCCc2ccc(O)cc2OC)cc1OCOCC>>COC1=CC(=O)C=CC12CCCc1cc(O)c(O)cc12,"[{""source_id"": ""article"", ""sha256"": ""5b66630899f44568f4bccc3774c7b0dda8165cf6ce7b99154ffed724a0ee6adf"", ""pages"": [9], ""locator"": ""Main experimental section / scheme: E08""}]","[{""product_label"": ""7"", ""percent"": 51.1, ""from_label"": ""5"", ""scope"": ""Source-reported yield; source conflict notes take precedence.""}]","[""E08.1""]",forward_synthesis,False,False,2,pending_independent_chemist_review,8,,"[""gram-scale electrolysis 6 h"", ""FeBr3 deprotection 4 h""]"
E09,"[""7""]","[""7-plus"", ""7-minus""]","[""CHIRALPAK AD-H HPLC""]",[],Source-reported yield; source conflict notes take precedence.,,COC1=CC(=O)C=CC12CCCc1cc(O)c(O)cc12>>COC1=CC(=O)C=C[C@@]12CCCc1cc(O)c(O)cc12.COC1=CC(=O)C=C[C@]12CCCc1cc(O)c(O)cc12,"[{""source_id"": ""article"", ""sha256"": ""5b66630899f44568f4bccc3774c7b0dda8165cf6ce7b99154ffed724a0ee6adf"", ""pages"": [5, 7], ""locator"": ""Main experimental section / scheme: E09""}]",[],"[""E09.1""]",physical_separation,False,False,1,pending_independent_chemist_review,,,
E10,"[""8""]","[""8-plus"", ""8-minus""]","[""CHIRALPAK AD-H HPLC""]",[],Source-reported yield; source conflict notes take precedence.,,COC1=CC(=O)C=CC12CCCc1cc(OC)c(O)cc12>>COC1=CC(=O)C=C[C@@]12CCCc1cc(OC)c(O)cc12.COC1=CC(=O)C=C[C@]12CCCc1cc(OC)c(O)cc12,"[{""source_id"": ""article"", ""sha256"": ""5b66630899f44568f4bccc3774c7b0dda8165cf6ce7b99154ffed724a0ee6adf"", ""pages"": [5, 7], ""locator"": ""Main experimental section / scheme: E10""}]",[],"[""E10.1""]",physical_separation,False,False,1,pending_independent_chemist_review,,,
