event_id,reactant_labels,product_labels,si_pages,reported_yields,notes,category,paper_id,reaction_id,source_references,substrate_product_smiles,smiles_scope,atom_mapping_status,formal_benchmark_eligible,review_status,step_ids
E01,"[""23""]","[""24""]","[2, 3]","[{""product_label"": ""24"", ""percent"": 69, ""scope"": ""event"", ""from_label"": null}]",One-pot sequence; no isolated yield or drawing for the two internal states.,main_route,paper-0ae671ac9a8bbe22,paper-0ae671ac9a8bbe22:event:E01,"[{""source_id"": ""si"", ""pages"": [2, 3], ""locator"": ""Experimental preparation / reaction drawing"", ""sha256"": ""12d89578011a62dfcb72d6e927df1499bb52a7f00da663668fb9d229fba97c32""}]",O=C(CCBr)N[C@H]1[C@H]2C=CC[C@]1(c1ccccc1[N+](=O)[O-])C(=O)CC2>>O=C(CCBr)N[C@H]1[C@H]2C=CC[C@@]13c1ccccc1N(C(=O)OCc1ccccc1)[C@H]3CC2,substrates_and_reported_products_only; agents separate; not atom-balanced,not_assigned,False,pending_independent_chemist_review,"[""E01.1"", ""E01.2"", ""E01.3""]"
E02,"[""24""]","[""25""]","[3, 4]","[{""product_label"": ""25"", ""percent"": 53, ""scope"": ""two_steps"", ""from_label"": ""24""}]",SI reports flash purification of the dialdehyde; article says no column purification. Preserve both claims.,main_route,paper-0ae671ac9a8bbe22,paper-0ae671ac9a8bbe22:event:E02,"[{""source_id"": ""si"", ""pages"": [3, 4], ""locator"": ""Experimental preparation / reaction drawing"", ""sha256"": ""12d89578011a62dfcb72d6e927df1499bb52a7f00da663668fb9d229fba97c32""}]",O=C(CCBr)N[C@H]1[C@H]2C=CC[C@@]13c1ccccc1N(C(=O)OCc1ccccc1)[C@H]3CC2>>O=C[C@]12CCC(=O)N3[C@@H](O)C[C@@]4(c5ccccc5N(C(=O)OCc5ccccc5)[C@H]4CC1)[C@@H]32,substrates_and_reported_products_only; agents separate; not atom-balanced,not_assigned,False,pending_independent_chemist_review,"[""E02.1"", ""E02.2""]"
E03,"[""25""]","[""26""]","[5, 6, 7]",[],"Shared transformation repeated in preparations of 1 and 2; impure with Ph3PO, no standalone yield. Hemiaminal C5 epimerization is reported.",main_route,paper-0ae671ac9a8bbe22,paper-0ae671ac9a8bbe22:event:E03,"[{""source_id"": ""si"", ""pages"": [5, 6, 7], ""locator"": ""Experimental preparation / reaction drawing"", ""sha256"": ""12d89578011a62dfcb72d6e927df1499bb52a7f00da663668fb9d229fba97c32""}]",O=C[C@]12CCC(=O)N3[C@@H](O)C[C@@]4(c5ccccc5N(C(=O)OCc5ccccc5)[C@H]4CC1)[C@@H]32>>C=C[C@]12CCC(=O)N3C(O)C[C@@]4(c5ccccc5N(C(=O)OCc5ccccc5)[C@H]4CC1)[C@@H]32,substrates_and_reported_products_only; agents separate; not atom-balanced,not_assigned,False,pending_independent_chemist_review,"[""E03.1""]"
E04,"[""26""]","[""1""]","[5, 6]","[{""product_label"": ""1"", ""percent"": 56, ""scope"": ""three_steps_from_25"", ""from_label"": ""25""}]",,main_route,paper-0ae671ac9a8bbe22,paper-0ae671ac9a8bbe22:event:E04,"[{""source_id"": ""si"", ""pages"": [5, 6], ""locator"": ""Experimental preparation / reaction drawing"", ""sha256"": ""12d89578011a62dfcb72d6e927df1499bb52a7f00da663668fb9d229fba97c32""}]",C=C[C@]12CCC(=O)N3C(O)C[C@@]4(c5ccccc5N(C(=O)OCc5ccccc5)[C@H]4CC1)[C@@H]32>>CC[C@]12CCCN3CC[C@@]4(c5ccccc5N[C@H]4CC1)[C@@H]32,substrates_and_reported_products_only; agents separate; not atom-balanced,not_assigned,False,pending_independent_chemist_review,"[""E04.1"", ""E04.2""]"
E05,"[""26""]","[""2""]","[6, 7]","[{""product_label"": ""2"", ""percent"": 79, ""scope"": ""three_steps_from_25"", ""from_label"": ""25""}]",,main_route,paper-0ae671ac9a8bbe22,paper-0ae671ac9a8bbe22:event:E05,"[{""source_id"": ""si"", ""pages"": [6, 7], ""locator"": ""Experimental preparation / reaction drawing"", ""sha256"": ""12d89578011a62dfcb72d6e927df1499bb52a7f00da663668fb9d229fba97c32""}]",C=C[C@]12CCC(=O)N3C(O)C[C@@]4(c5ccccc5N(C(=O)OCc5ccccc5)[C@H]4CC1)[C@@H]32>>CC[C@]12CCCN3CC[C@@]4(c5ccccc5N(C)[C@H]4CC1)[C@@H]32,substrates_and_reported_products_only; agents separate; not atom-balanced,not_assigned,False,pending_independent_chemist_review,"[""E05.1"", ""E05.2""]"
E06,"[""1""]","[""27""]","[7, 8]","[{""product_label"": ""27"", ""percent"": 100, ""scope"": ""event"", ""from_label"": null}]",,main_route,paper-0ae671ac9a8bbe22,paper-0ae671ac9a8bbe22:event:E06,"[{""source_id"": ""si"", ""pages"": [7, 8], ""locator"": ""Experimental preparation / reaction drawing"", ""sha256"": ""12d89578011a62dfcb72d6e927df1499bb52a7f00da663668fb9d229fba97c32""}]",CC[C@]12CCCN3CC[C@@]4(c5ccccc5N[C@H]4CC1)[C@@H]32>>CC[C@]12CCCN3CC[C@@]4(c5ccccc5N(C(C)=O)[C@H]4CC1)[C@@H]32,substrates_and_reported_products_only; agents separate; not atom-balanced,not_assigned,False,pending_independent_chemist_review,"[""E06.1""]"
E07,"[""27""]","[""3""]","[8, 9]","[{""product_label"": ""3"", ""percent"": 88, ""scope"": ""event"", ""from_label"": null}]",Article calls product (+); SI calls it (-) and reports negative rotation. Structure is transcribed from the drawing without resolving the textual sign conflict.,main_route,paper-0ae671ac9a8bbe22,paper-0ae671ac9a8bbe22:event:E07,"[{""source_id"": ""si"", ""pages"": [8, 9], ""locator"": ""Experimental preparation / reaction drawing"", ""sha256"": ""12d89578011a62dfcb72d6e927df1499bb52a7f00da663668fb9d229fba97c32""}]",CC[C@]12CCCN3CC[C@@]4(c5ccccc5N(C(C)=O)[C@H]4CC1)[C@@H]32>>CC[C@]12CCCN3CC[C@@]4(c5cccc(O)c5N(C(C)=O)[C@H]4CC1)[C@@H]32,substrates_and_reported_products_only; agents separate; not atom-balanced,not_assigned,False,pending_independent_chemist_review,"[""E07.1""]"
E08,"[""3""]","[""4""]","[9, 10]","[{""product_label"": ""4"", ""percent"": 99, ""scope"": ""event"", ""from_label"": null}]",,main_route,paper-0ae671ac9a8bbe22,paper-0ae671ac9a8bbe22:event:E08,"[{""source_id"": ""si"", ""pages"": [9, 10], ""locator"": ""Experimental preparation / reaction drawing"", ""sha256"": ""12d89578011a62dfcb72d6e927df1499bb52a7f00da663668fb9d229fba97c32""}]",CC[C@]12CCCN3CC[C@@]4(c5cccc(O)c5N(C(C)=O)[C@H]4CC1)[C@@H]32>>CC[C@]12CCCN3CC[C@@]4(c5cccc(OC)c5N(C(C)=O)[C@H]4CC1)[C@@H]32,substrates_and_reported_products_only; agents separate; not atom-balanced,not_assigned,False,pending_independent_chemist_review,"[""E08.1""]"
E09,"[""1""]","[""5""]",[10],"[{""product_label"": ""5"", ""percent"": 79, ""scope"": ""event"", ""from_label"": null}]",,main_route,paper-0ae671ac9a8bbe22,paper-0ae671ac9a8bbe22:event:E09,"[{""source_id"": ""si"", ""pages"": [10], ""locator"": ""Experimental preparation / reaction drawing"", ""sha256"": ""12d89578011a62dfcb72d6e927df1499bb52a7f00da663668fb9d229fba97c32""}]",CC[C@]12CCCN3CC[C@@]4(c5ccccc5N[C@H]4CC1)[C@@H]32>>CC[C@]12CCCN3CC[C@]4(C(=Nc5ccccc54)CC1)[C@@H]32,substrates_and_reported_products_only; agents separate; not atom-balanced,not_assigned,False,pending_independent_chemist_review,"[""E09.1""]"
E10,"[""5""]","[""6""]","[12, 13]","[{""product_label"": ""6"", ""percent"": 64, ""scope"": ""event"", ""from_label"": null}]",,main_route,paper-0ae671ac9a8bbe22,paper-0ae671ac9a8bbe22:event:E10,"[{""source_id"": ""si"", ""pages"": [12, 13], ""locator"": ""Experimental preparation / reaction drawing"", ""sha256"": ""12d89578011a62dfcb72d6e927df1499bb52a7f00da663668fb9d229fba97c32""}]",CC[C@]12CCCN3CC[C@]4(C(=Nc5ccccc54)CC1)[C@@H]32>>CC[C@]12CCCN(CCc3c([nH]c4ccccc34)CC1)C2,substrates_and_reported_products_only; agents separate; not atom-balanced,not_assigned,False,pending_independent_chemist_review,"[""E10.1""]"
E11,"[""5""]","[""7"", ""31""]","[13, 14]","[{""product_label"": ""7"", ""percent"": 50, ""scope"": ""event"", ""from_label"": null}, {""product_label"": ""31"", ""percent"": 11, ""scope"": ""event"", ""from_label"": null}]","31 is an isolated N-substitution side product, not a subsequent step.",main_route,paper-0ae671ac9a8bbe22,paper-0ae671ac9a8bbe22:event:E11,"[{""source_id"": ""si"", ""pages"": [13, 14], ""locator"": ""Experimental preparation / reaction drawing"", ""sha256"": ""12d89578011a62dfcb72d6e927df1499bb52a7f00da663668fb9d229fba97c32""}]",CC[C@]12CCCN3CC[C@]4(C(=Nc5ccccc54)CC1)[C@@H]32>>CC[C@]12CCCN3CC[C@]4(C(=C(C(=O)OC)C1)Nc1ccccc14)[C@@H]32.CC[C@@]12CC=C3N(C(=O)OC)c4ccccc4[C@@]34CCN(CCC1)[C@@H]24,substrates_and_reported_products_only; agents separate; not atom-balanced,not_assigned,False,pending_independent_chemist_review,"[""E11.1""]"
E12,"[""1""]","[""5"", ""28""]",[11],"[{""product_label"": ""5"", ""percent"": 53, ""scope"": ""event"", ""from_label"": null}, {""product_label"": ""28"", ""percent"": 20, ""scope"": ""event"", ""from_label"": null}]","Inseparable mixture, ratio approximately 2.6:1 by NMR.",alternative_and_side_products,paper-0ae671ac9a8bbe22,paper-0ae671ac9a8bbe22:event:E12,"[{""source_id"": ""si"", ""pages"": [11], ""locator"": ""Experimental preparation / reaction drawing"", ""sha256"": ""12d89578011a62dfcb72d6e927df1499bb52a7f00da663668fb9d229fba97c32""}]",CC[C@]12CCCN3CC[C@@]4(c5ccccc5N[C@H]4CC1)[C@@H]32>>CC[C@]12CCCN3CC[C@]4(C(=Nc5ccccc54)CC1)[C@@H]32.CC[C@]12CCCN3CC[C@@]4(c5cccc(CSC)c5N[C@H]4CC1)[C@@H]32,substrates_and_reported_products_only; agents separate; not atom-balanced,not_assigned,False,pending_independent_chemist_review,"[""E12.1""]"
E13,"[""5"", ""28""]","[""29"", ""30""]","[11, 12]","[{""product_label"": ""29"", ""percent"": 96, ""scope"": ""component"", ""from_label"": ""5""}, {""product_label"": ""30"", ""percent"": 95, ""scope"": ""component"", ""from_label"": ""28""}]","One mixture experiment, two separately isolated products. Inputs are co-processed, not coupled.",alternative_and_side_products,paper-0ae671ac9a8bbe22,paper-0ae671ac9a8bbe22:event:E13,"[{""source_id"": ""si"", ""pages"": [11, 12], ""locator"": ""Experimental preparation / reaction drawing"", ""sha256"": ""12d89578011a62dfcb72d6e927df1499bb52a7f00da663668fb9d229fba97c32""}]",CC[C@]12CCCN3CC[C@]4(C(=Nc5ccccc54)CC1)[C@@H]32.CC[C@]12CCCN3CC[C@@]4(c5cccc(CSC)c5N[C@H]4CC1)[C@@H]32>>CC[C@@]12CC=C3N(C(=O)OCc4ccccc4)c4ccccc4[C@@]34CCN(CCC1)[C@@H]24.CC[C@]12CCCN3CC[C@@]4(c5cccc(CSC)c5N(C(=O)OCc5ccccc5)[C@H]4CC1)[C@@H]32,substrates_and_reported_products_only; agents separate; not atom-balanced,not_assigned,False,pending_independent_chemist_review,"[""E13.1""]"
E14,"[""25""]","[""32""]","[14, 15, 22]",[],Shared transformation repeated for 33 and 36; Ph3PO-contaminated material. No standalone yield; C5 configuration unspecified.,main_route,paper-0ae671ac9a8bbe22,paper-0ae671ac9a8bbe22:event:E14,"[{""source_id"": ""si"", ""pages"": [14, 15, 22], ""locator"": ""Experimental preparation / reaction drawing"", ""sha256"": ""12d89578011a62dfcb72d6e927df1499bb52a7f00da663668fb9d229fba97c32""}]",O=C[C@]12CCC(=O)N3[C@@H](O)C[C@@]4(c5ccccc5N(C(=O)OCc5ccccc5)[C@H]4CC1)[C@@H]32>>CO/C=C/[C@]12CCC(=O)N3C(O)C[C@@]4(c5ccccc5N(C(=O)OCc5ccccc5)[C@H]4CC1)[C@@H]32,substrates_and_reported_products_only; agents separate; not atom-balanced,not_assigned,False,pending_independent_chemist_review,"[""E14.1""]"
E15,"[""32""]","[""33""]","[14, 15, 16]","[{""product_label"": ""33"", ""percent"": 52, ""scope"": ""two_reported_steps_from_25"", ""from_label"": ""25""}]",,main_route,paper-0ae671ac9a8bbe22,paper-0ae671ac9a8bbe22:event:E15,"[{""source_id"": ""si"", ""pages"": [14, 15, 16], ""locator"": ""Experimental preparation / reaction drawing"", ""sha256"": ""12d89578011a62dfcb72d6e927df1499bb52a7f00da663668fb9d229fba97c32""}]",CO/C=C/[C@]12CCC(=O)N3C(O)C[C@@]4(c5ccccc5N(C(=O)OCc5ccccc5)[C@H]4CC1)[C@@H]32>>O=C(OCc1ccccc1)N1c2ccccc2[C@@]23CCN4CCC[C@@](CCO)(CC[C@H]12)[C@H]43,substrates_and_reported_products_only; agents separate; not atom-balanced,not_assigned,False,pending_independent_chemist_review,"[""E15.1"", ""E15.2""]"
E16,"[""33""]","[""8""]",[16],"[{""product_label"": ""8"", ""percent"": 83, ""scope"": ""event"", ""from_label"": null}]",,main_route,paper-0ae671ac9a8bbe22,paper-0ae671ac9a8bbe22:event:E16,"[{""source_id"": ""si"", ""pages"": [16], ""locator"": ""Experimental preparation / reaction drawing"", ""sha256"": ""12d89578011a62dfcb72d6e927df1499bb52a7f00da663668fb9d229fba97c32""}]",O=C(OCc1ccccc1)N1c2ccccc2[C@@]23CCN4CCC[C@@](CCO)(CC[C@H]12)[C@H]43>>OCC[C@]12CCCN3CC[C@@]4(c5ccccc5N[C@H]4CC1)[C@@H]32,substrates_and_reported_products_only; agents separate; not atom-balanced,not_assigned,False,pending_independent_chemist_review,"[""E16.1""]"
E17,"[""8""]","[""34""]",[17],"[{""product_label"": ""34"", ""percent"": 100, ""scope"": ""event"", ""from_label"": null}]",Reported as quantitative.,main_route,paper-0ae671ac9a8bbe22,paper-0ae671ac9a8bbe22:event:E17,"[{""source_id"": ""si"", ""pages"": [17], ""locator"": ""Experimental preparation / reaction drawing"", ""sha256"": ""12d89578011a62dfcb72d6e927df1499bb52a7f00da663668fb9d229fba97c32""}]",OCC[C@]12CCCN3CC[C@@]4(c5ccccc5N[C@H]4CC1)[C@@H]32>>CC(=O)N1c2ccccc2[C@@]23CCN4CCC[C@@](CCO)(CC[C@H]12)[C@H]43,substrates_and_reported_products_only; agents separate; not atom-balanced,not_assigned,False,pending_independent_chemist_review,"[""E17.1""]"
E18,"[""34""]","[""35""]",[18],"[{""product_label"": ""35"", ""percent"": 91, ""scope"": ""event"", ""from_label"": null}]",,main_route,paper-0ae671ac9a8bbe22,paper-0ae671ac9a8bbe22:event:E18,"[{""source_id"": ""si"", ""pages"": [18], ""locator"": ""Experimental preparation / reaction drawing"", ""sha256"": ""12d89578011a62dfcb72d6e927df1499bb52a7f00da663668fb9d229fba97c32""}]",CC(=O)N1c2ccccc2[C@@]23CCN4CCC[C@@](CCO)(CC[C@H]12)[C@H]43>>CC(=O)N1c2ccccc2[C@@]23CCN4CCC[C@@](CC=O)(CC[C@H]12)[C@H]43,substrates_and_reported_products_only; agents separate; not atom-balanced,not_assigned,False,pending_independent_chemist_review,"[""E18.1""]"
E19,"[""35""]","[""9""]","[18, 19]","[{""product_label"": ""9"", ""percent"": 60, ""scope"": ""event"", ""from_label"": null}]",Article reports 55% over E18+E19 (91% x 60% = 54.6%).,main_route,paper-0ae671ac9a8bbe22,paper-0ae671ac9a8bbe22:event:E19,"[{""source_id"": ""si"", ""pages"": [18, 19], ""locator"": ""Experimental preparation / reaction drawing"", ""sha256"": ""12d89578011a62dfcb72d6e927df1499bb52a7f00da663668fb9d229fba97c32""}]",CC(=O)N1c2ccccc2[C@@]23CCN4CCC[C@@](CC=O)(CC[C@H]12)[C@H]43>>COC(=O)C[C@]12CCCN3CC[C@@]4(c5ccccc5N(C(C)=O)[C@H]4CC1)[C@@H]32,substrates_and_reported_products_only; agents separate; not atom-balanced,not_assigned,False,pending_independent_chemist_review,"[""E19.1""]"
E20,"[""34""]","[""10""]",[20],"[{""product_label"": ""10"", ""percent"": 55, ""scope"": ""event"", ""from_label"": null}]",,main_route,paper-0ae671ac9a8bbe22,paper-0ae671ac9a8bbe22:event:E20,"[{""source_id"": ""si"", ""pages"": [20], ""locator"": ""Experimental preparation / reaction drawing"", ""sha256"": ""12d89578011a62dfcb72d6e927df1499bb52a7f00da663668fb9d229fba97c32""}]",CC(=O)N1c2ccccc2[C@@]23CCN4CCC[C@@](CCO)(CC[C@H]12)[C@H]43>>CC(=O)N1c2ccccc2[C@]23CCN4CCC[C@@]5(CCO[C@]452)CC[C@H]13,substrates_and_reported_products_only; agents separate; not atom-balanced,not_assigned,False,pending_independent_chemist_review,"[""E20.1""]"
E21,"[""10""]","[""11""]",[21],"[{""product_label"": ""11"", ""percent"": 69, ""scope"": ""event"", ""from_label"": null}]",,main_route,paper-0ae671ac9a8bbe22,paper-0ae671ac9a8bbe22:event:E21,"[{""source_id"": ""si"", ""pages"": [21], ""locator"": ""Experimental preparation / reaction drawing"", ""sha256"": ""12d89578011a62dfcb72d6e927df1499bb52a7f00da663668fb9d229fba97c32""}]",CC(=O)N1c2ccccc2[C@]23CCN4CCC[C@@]5(CCO[C@]452)CC[C@H]13>>CC(=O)N1c2c(O)cccc2[C@]23CCN4CCC[C@@]5(CCO[C@]452)CC[C@H]13,substrates_and_reported_products_only; agents separate; not atom-balanced,not_assigned,False,pending_independent_chemist_review,"[""E21.1""]"
E22,"[""32""]","[""36""]","[22, 23]","[{""product_label"": ""36"", ""percent"": 52, ""scope"": ""two_reported_steps_from_25"", ""from_label"": ""25""}]",,main_route,paper-0ae671ac9a8bbe22,paper-0ae671ac9a8bbe22:event:E22,"[{""source_id"": ""si"", ""pages"": [22, 23], ""locator"": ""Experimental preparation / reaction drawing"", ""sha256"": ""12d89578011a62dfcb72d6e927df1499bb52a7f00da663668fb9d229fba97c32""}]",CO/C=C/[C@]12CCC(=O)N3C(O)C[C@@]4(c5ccccc5N(C(=O)OCc5ccccc5)[C@H]4CC1)[C@@H]32>>O=C1CC[C@@]2(CCO)CC[C@@H]3N(C(=O)OCc4ccccc4)c4ccccc4[C@@]34CCN1[C@@H]24,substrates_and_reported_products_only; agents separate; not atom-balanced,not_assigned,False,pending_independent_chemist_review,"[""E22.1"", ""E22.2""]"
E23,"[""36""]","[""37""]","[23, 24]","[{""product_label"": ""37"", ""percent"": 87, ""scope"": ""event"", ""from_label"": null}]",SI procedure solvent CH2Cl2 conflicts with DMF in Scheme 4.,main_route,paper-0ae671ac9a8bbe22,paper-0ae671ac9a8bbe22:event:E23,"[{""source_id"": ""si"", ""pages"": [23, 24], ""locator"": ""Experimental preparation / reaction drawing"", ""sha256"": ""12d89578011a62dfcb72d6e927df1499bb52a7f00da663668fb9d229fba97c32""}]",O=C1CC[C@@]2(CCO)CC[C@@H]3N(C(=O)OCc4ccccc4)c4ccccc4[C@@]34CCN1[C@@H]24>>CC(C)(C)[Si](C)(C)OCC[C@]12CCC(=O)N3CC[C@@]4(c5ccccc5N(C(=O)OCc5ccccc5)[C@H]4CC1)[C@@H]32,substrates_and_reported_products_only; agents separate; not atom-balanced,not_assigned,False,pending_independent_chemist_review,"[""E23.1""]"
E24,"[""37""]","[""38""]","[24, 25]","[{""product_label"": ""38"", ""percent"": 46, ""scope"": ""two_steps"", ""from_label"": ""37""}]",Phenylselenide is carried crude; newly introduced stereochemistry is unspecified.,main_route,paper-0ae671ac9a8bbe22,paper-0ae671ac9a8bbe22:event:E24,"[{""source_id"": ""si"", ""pages"": [24, 25], ""locator"": ""Experimental preparation / reaction drawing"", ""sha256"": ""12d89578011a62dfcb72d6e927df1499bb52a7f00da663668fb9d229fba97c32""}]",CC(C)(C)[Si](C)(C)OCC[C@]12CCC(=O)N3CC[C@@]4(c5ccccc5N(C(=O)OCc5ccccc5)[C@H]4CC1)[C@@H]32>>CC(C)(C)[Si](C)(C)OCC[C@]12C=CC(=O)N3CC[C@@]4(c5ccccc5N(C(=O)OCc5ccccc5)[C@H]4CC1)[C@@H]32,substrates_and_reported_products_only; agents separate; not atom-balanced,not_assigned,False,pending_independent_chemist_review,"[""E24.1"", ""E24.2""]"
E25,"[""38""]","[""39""]","[25, 26]","[{""product_label"": ""39"", ""percent"": 86, ""scope"": ""event"", ""from_label"": null}]",Desilylation and cyclization are reported as one operation; free alcohol is not isolated.,main_route,paper-0ae671ac9a8bbe22,paper-0ae671ac9a8bbe22:event:E25,"[{""source_id"": ""si"", ""pages"": [25, 26], ""locator"": ""Experimental preparation / reaction drawing"", ""sha256"": ""12d89578011a62dfcb72d6e927df1499bb52a7f00da663668fb9d229fba97c32""}]",CC(C)(C)[Si](C)(C)OCC[C@]12C=CC(=O)N3CC[C@@]4(c5ccccc5N(C(=O)OCc5ccccc5)[C@H]4CC1)[C@@H]32>>O=C1C[C@@H]2OCC[C@@]23CC[C@@H]2N(C(=O)OCc4ccccc4)c4ccccc4[C@@]24CCN1[C@@H]34,substrates_and_reported_products_only; agents separate; not atom-balanced,not_assigned,False,pending_independent_chemist_review,"[""E25.1""]"
E26,"[""39""]","[""S1""]","[26, 27]","[{""product_label"": ""S1"", ""percent"": 78, ""scope"": ""event"", ""from_label"": null}]",,main_route,paper-0ae671ac9a8bbe22,paper-0ae671ac9a8bbe22:event:E26,"[{""source_id"": ""si"", ""pages"": [26, 27], ""locator"": ""Experimental preparation / reaction drawing"", ""sha256"": ""12d89578011a62dfcb72d6e927df1499bb52a7f00da663668fb9d229fba97c32""}]",O=C1C[C@@H]2OCC[C@@]23CC[C@@H]2N(C(=O)OCc4ccccc4)c4ccccc4[C@@]24CCN1[C@@H]34>>O=C(OCc1ccccc1)N1c2ccccc2[C@@]23CCN4CC[C@@H]5OCC[C@]5(CC[C@H]12)[C@H]43,substrates_and_reported_products_only; agents separate; not atom-balanced,not_assigned,False,pending_independent_chemist_review,"[""E26.1""]"
E27,"[""S1""]","[""40""]","[27, 28]","[{""product_label"": ""40"", ""percent"": 73, ""scope"": ""event"", ""from_label"": null}]","Endpoint of work actually performed here. The two steps from 40 to 12 belong to reference 20, not this paper.",main_route,paper-0ae671ac9a8bbe22,paper-0ae671ac9a8bbe22:event:E27,"[{""source_id"": ""si"", ""pages"": [27, 28], ""locator"": ""Experimental preparation / reaction drawing"", ""sha256"": ""12d89578011a62dfcb72d6e927df1499bb52a7f00da663668fb9d229fba97c32""}]",O=C(OCc1ccccc1)N1c2ccccc2[C@@]23CCN4CC[C@@H]5OCC[C@]5(CC[C@H]12)[C@H]43>>c1ccc2c(c1)N[C@H]1CC[C@]34CCO[C@H]3CCN3CC[C@]21[C@@H]34,substrates_and_reported_products_only; agents separate; not atom-balanced,not_assigned,False,pending_independent_chemist_review,"[""E27.1""]"
