reagents,solvents,event_id,reactant_labels,product_labels,substrate_product_smiles,source_references,reported_yields,step_ids,category,formal_benchmark_eligible,admission_authority,experimental_stage_count,review_status,operation_stages,yield_scope,combined_yield_percent,diastereomeric_ratio
"[""TBSCl"", ""imidazole""]","[""DCM""]",A01,"[""8""]","[""9""]",OCCCCO>>CC(C)(C)[Si](C)(C)OCCCCO,"[{""source_id"": ""article"", ""sha256"": ""c706656d4286c247094735b09a44c0ac37d5994fadbba9b426d37b2007c86073"", ""pages"": [2, 6], ""locator"": ""Main experimental section / scheme: A01""}]","[{""product_label"": ""9"", ""percent"": 90, ""from_label"": ""8"", ""scope"": ""Reported preparation yield; mixture components are not assigned individual yields.""}]","[""A01.1""]",forward_synthesis,False,False,1,pending_independent_chemist_review,,,,
"[""oxalyl chloride"", ""DMSO"", ""Et3N""]","[""DCM"", ""toluene""]",A02,"[""9"", ""10""]","[""11""]",CC(C)(C)[Si](C)(C)OCCCCO.CCOC(=O)CC(=O)O>>CCOC(=O)C/C=C/CCO[Si](C)(C)C(C)(C)C,"[{""source_id"": ""article"", ""sha256"": ""c706656d4286c247094735b09a44c0ac37d5994fadbba9b426d37b2007c86073"", ""pages"": [2, 6], ""locator"": ""Main experimental section / scheme: A02""}]","[{""product_label"": ""11"", ""percent"": 77, ""from_label"": ""9"", ""scope"": ""Two-operation sequence""}]","[""A02.1""]",forward_synthesis,False,False,2,pending_independent_chemist_review,"[{""operation"": ""Swern oxidation""}, {""operation"": ""modified Knoevenagel condensation""}]",Two-operation sequence,,
"[""AD-mix beta"", ""(DHQD)2PHAL"", ""methanesulfonamide""]","[""tBuOH"", ""water""]",A03,"[""11""]","[""12""]",CCOC(=O)C/C=C/CCO[Si](C)(C)C(C)(C)C>>CC(C)(C)[Si](C)(C)OCC[C@H]1OC(=O)C[C@H]1O,"[{""source_id"": ""article"", ""sha256"": ""c706656d4286c247094735b09a44c0ac37d5994fadbba9b426d37b2007c86073"", ""pages"": [2, 7], ""locator"": ""Main experimental section / scheme: A03""}]","[{""product_label"": ""12"", ""percent"": 78, ""from_label"": ""11"", ""scope"": ""Reported preparation yield; mixture components are not assigned individual yields.""}]","[""A03.1""]",forward_synthesis,False,False,1,pending_independent_chemist_review,,,,
"[""TBSCl"", ""imidazole""]","[""DCM""]",A04,"[""12""]","[""7""]",CC(C)(C)[Si](C)(C)OCC[C@H]1OC(=O)C[C@H]1O>>CC(C)(C)[Si](C)(C)OCC[C@H]1OC(=O)C[C@H]1O[Si](C)(C)C(C)(C)C,"[{""source_id"": ""article"", ""sha256"": ""c706656d4286c247094735b09a44c0ac37d5994fadbba9b426d37b2007c86073"", ""pages"": [2, 7], ""locator"": ""Main experimental section / scheme: A04""}]","[{""product_label"": ""7"", ""percent"": 90, ""from_label"": ""12"", ""scope"": ""Reported preparation yield; mixture components are not assigned individual yields.""}]","[""A04.1""]",forward_synthesis,False,False,1,pending_independent_chemist_review,,,,
"[""n-BuLi"", ""TMSCl"", ""HCl"", ""PBr3"", ""PPh3""]","[""THF"", ""DCM"", ""benzene""]",F01,"[""propargyl alcohol""]","[""13""]",C#CCO>>C[Si](C)(C)C#CC[P+](c1ccccc1)(c1ccccc1)c1ccccc1.[Br-],"[{""source_id"": ""article"", ""sha256"": ""c706656d4286c247094735b09a44c0ac37d5994fadbba9b426d37b2007c86073"", ""pages"": [7], ""locator"": ""Main experimental section / scheme: F01""}]","[{""product_label"": ""13"", ""percent"": 45, ""from_label"": ""propargyl alcohol"", ""scope"": ""45% over three operations; crude intermediates not separately drawn""}]","[""F01.1""]",forward_synthesis,False,False,3,pending_independent_chemist_review,"[{""operation"": ""alkyne silylation and workup""}, {""operation"": ""alcohol bromination""}, {""operation"": ""phosphonium salt formation""}]",45% over three operations; crude intermediates not separately drawn,,
"[""DIBAL-H"", ""n-BuLi""]","[""DCM"", ""THF""]",A05,"[""7"", ""13""]","[""14a"", ""14b""]",CC(C)(C)[Si](C)(C)OCC[C@H]1OC(=O)C[C@H]1O[Si](C)(C)C(C)(C)C.C[Si](C)(C)C#CC[P+](c1ccccc1)(c1ccccc1)c1ccccc1.[Br-]>>CC(C)(C)[Si](C)(C)OCC[C@@H](O)[C@@H](C/C=C/C#C[Si](C)(C)C)O[Si](C)(C)C(C)(C)C.CC(C)(C)[Si](C)(C)OCC[C@@H](O)[C@@H](C/C=C\C#C[Si](C)(C)C)O[Si](C)(C)C(C)(C)C,"[{""source_id"": ""article"", ""sha256"": ""c706656d4286c247094735b09a44c0ac37d5994fadbba9b426d37b2007c86073"", ""pages"": [3, 7, 8], ""locator"": ""Main experimental section / scheme: A05""}]","[{""product_label"": ""14a"", ""percent"": 52, ""from_label"": ""7"", ""scope"": ""Separated E/Z products, each over two operations""}, {""product_label"": ""14b"", ""percent"": 14, ""from_label"": ""7"", ""scope"": ""Separated E/Z products, each over two operations""}]","[""A05.1""]",forward_synthesis,False,False,2,pending_independent_chemist_review,"[{""operation"": ""lactone reduction""}, {""operation"": ""Wittig olefination""}]","Separated E/Z products, each over two operations",,
"[""K2CO3""]","[""MeOH""]",A06,"[""14a""]","[""6a""]",CC(C)(C)[Si](C)(C)OCC[C@@H](O)[C@@H](C/C=C/C#C[Si](C)(C)C)O[Si](C)(C)C(C)(C)C>>C#C/C=C/C[C@@H](O[Si](C)(C)C(C)(C)C)[C@H](O)CCO[Si](C)(C)C(C)(C)C,"[{""source_id"": ""article"", ""sha256"": ""c706656d4286c247094735b09a44c0ac37d5994fadbba9b426d37b2007c86073"", ""pages"": [3, 8], ""locator"": ""Main experimental section / scheme: A06""}]","[{""product_label"": ""6a"", ""percent"": 93, ""from_label"": ""14a"", ""scope"": ""Reported preparation yield; mixture components are not assigned individual yields.""}]","[""A06.1""]",forward_synthesis,False,False,1,pending_independent_chemist_review,,,,
"[""K2CO3""]","[""MeOH""]",A07,"[""14b""]","[""6b""]",CC(C)(C)[Si](C)(C)OCC[C@@H](O)[C@@H](C/C=C\C#C[Si](C)(C)C)O[Si](C)(C)C(C)(C)C>>C#C/C=C\C[C@@H](O[Si](C)(C)C(C)(C)C)[C@H](O)CCO[Si](C)(C)C(C)(C)C,"[{""source_id"": ""article"", ""sha256"": ""c706656d4286c247094735b09a44c0ac37d5994fadbba9b426d37b2007c86073"", ""pages"": [3, 8], ""locator"": ""Main experimental section / scheme: A07""}]","[{""product_label"": ""6b"", ""percent"": 92, ""from_label"": ""14b"", ""scope"": ""Reported preparation yield; mixture components are not assigned individual yields.""}]","[""A07.1""]",forward_synthesis,False,False,1,pending_independent_chemist_review,,,,
"[""NBS""]","[""DCM""]",B01,"[""6a""]","[""5a"", ""5a'""]",C#C/C=C/C[C@@H](O[Si](C)(C)C(C)(C)C)[C@H](O)CCO[Si](C)(C)C(C)(C)C>>CC(C)(C)[Si](C)(C)OCC[C@H]1O[C@@H](C=C=CBr)C[C@H]1O[Si](C)(C)C(C)(C)C.CC(C)(C)[Si](C)(C)OCC[C@H]1O[C@@H](C=C=CBr)C[C@H]1O[Si](C)(C)C(C)(C)C,"[{""source_id"": ""article"", ""sha256"": ""c706656d4286c247094735b09a44c0ac37d5994fadbba9b426d37b2007c86073"", ""pages"": [3, 8], ""locator"": ""Main experimental section / scheme: B01""}]",[],"[""B01.1""]",forward_synthesis,False,False,1,pending_independent_chemist_review,,20% inseparable combined mixture; 5a:5a prime = 1:1,20,1:1
"[""TBCD""]","[""DCM""]",B02,"[""6a""]","[""5a"", ""5a'""]",C#C/C=C/C[C@@H](O[Si](C)(C)C(C)(C)C)[C@H](O)CCO[Si](C)(C)C(C)(C)C>>CC(C)(C)[Si](C)(C)OCC[C@H]1O[C@@H](C=C=CBr)C[C@H]1O[Si](C)(C)C(C)(C)C.CC(C)(C)[Si](C)(C)OCC[C@H]1O[C@@H](C=C=CBr)C[C@H]1O[Si](C)(C)C(C)(C)C,"[{""source_id"": ""article"", ""sha256"": ""c706656d4286c247094735b09a44c0ac37d5994fadbba9b426d37b2007c86073"", ""pages"": [3, 8], ""locator"": ""Main experimental section / scheme: B02""}]",[],"[""B02.1""]",forward_synthesis,False,False,1,pending_independent_chemist_review,,65% inseparable combined mixture; 5a:5a prime = 1:2.6,65,1:2.6
"[""TBCD""]","[""cyclohexane""]",B03,"[""6a""]","[""5a"", ""5a'""]",C#C/C=C/C[C@@H](O[Si](C)(C)C(C)(C)C)[C@H](O)CCO[Si](C)(C)C(C)(C)C>>CC(C)(C)[Si](C)(C)OCC[C@H]1O[C@@H](C=C=CBr)C[C@H]1O[Si](C)(C)C(C)(C)C.CC(C)(C)[Si](C)(C)OCC[C@H]1O[C@@H](C=C=CBr)C[C@H]1O[Si](C)(C)C(C)(C)C,"[{""source_id"": ""article"", ""sha256"": ""c706656d4286c247094735b09a44c0ac37d5994fadbba9b426d37b2007c86073"", ""pages"": [3, 8], ""locator"": ""Main experimental section / scheme: B03""}]",[],"[""B03.1""]",forward_synthesis,False,False,1,pending_independent_chemist_review,,38% inseparable combined mixture; 5a:5a prime = 1.3:1,38,1.3:1
"[""TBCD""]","[""benzene""]",B04,"[""6a""]","[""5a"", ""5a'""]",C#C/C=C/C[C@@H](O[Si](C)(C)C(C)(C)C)[C@H](O)CCO[Si](C)(C)C(C)(C)C>>CC(C)(C)[Si](C)(C)OCC[C@H]1O[C@@H](C=C=CBr)C[C@H]1O[Si](C)(C)C(C)(C)C.CC(C)(C)[Si](C)(C)OCC[C@H]1O[C@@H](C=C=CBr)C[C@H]1O[Si](C)(C)C(C)(C)C,"[{""source_id"": ""article"", ""sha256"": ""c706656d4286c247094735b09a44c0ac37d5994fadbba9b426d37b2007c86073"", ""pages"": [3, 8], ""locator"": ""Main experimental section / scheme: B04""}]",[],"[""B04.1""]",forward_synthesis,False,False,1,pending_independent_chemist_review,,55% inseparable combined mixture; 5a:5a prime = 2.8:1,55,2.8:1
"[""TBCD""]","[""toluene""]",B05,"[""6a""]","[""5a"", ""5a'""]",C#C/C=C/C[C@@H](O[Si](C)(C)C(C)(C)C)[C@H](O)CCO[Si](C)(C)C(C)(C)C>>CC(C)(C)[Si](C)(C)OCC[C@H]1O[C@@H](C=C=CBr)C[C@H]1O[Si](C)(C)C(C)(C)C.CC(C)(C)[Si](C)(C)OCC[C@H]1O[C@@H](C=C=CBr)C[C@H]1O[Si](C)(C)C(C)(C)C,"[{""source_id"": ""article"", ""sha256"": ""c706656d4286c247094735b09a44c0ac37d5994fadbba9b426d37b2007c86073"", ""pages"": [3, 8], ""locator"": ""Main experimental section / scheme: B05""}]",[],"[""B05.1""]",forward_synthesis,False,False,1,pending_independent_chemist_review,,68% inseparable combined mixture; 5a:5a prime = 3.3:1,68,3.3:1
"[""TBAF""]","[""THF""]",B06,"[""5a"", ""5a'""]","[""15a"", ""15b""]",CC(C)(C)[Si](C)(C)OCC[C@H]1O[C@@H](C=C=CBr)C[C@H]1O[Si](C)(C)C(C)(C)C.CC(C)(C)[Si](C)(C)OCC[C@H]1O[C@@H](C=C=CBr)C[C@H]1O[Si](C)(C)C(C)(C)C>>OCC[C@H]1O[C@@H](C=C=CBr)C[C@H]1O.OCC[C@H]1O[C@@H](C=C=CBr)C[C@H]1O,"[{""source_id"": ""article"", ""sha256"": ""c706656d4286c247094735b09a44c0ac37d5994fadbba9b426d37b2007c86073"", ""pages"": [3, 8, 9], ""locator"": ""Main experimental section / scheme: B06""}]","[{""product_label"": ""15a"", ""percent"": 65, ""from_label"": ""5a"", ""scope"": ""Separated product yields based on combined 5a/5a prime feed, not pure individual precursors""}, {""product_label"": ""15b"", ""percent"": 21, ""from_label"": ""5a"", ""scope"": ""Separated product yields based on combined 5a/5a prime feed, not pure individual precursors""}]","[""B06.1""]",forward_synthesis,False,False,1,pending_independent_chemist_review,,"Separated product yields based on combined 5a/5a prime feed, not pure individual precursors",,
"[""PPh3""]","[""benzene""]",F02,"[""(E)-1-bromohex-3-ene""]","[""hex-3-enyl phosphonium bromide""]",CC/C=C/CCBr>>CC/C=C/CC[P+](c1ccccc1)(c1ccccc1)c1ccccc1.[Br-],"[{""source_id"": ""article"", ""sha256"": ""c706656d4286c247094735b09a44c0ac37d5994fadbba9b426d37b2007c86073"", ""pages"": [9], ""locator"": ""Main experimental section / scheme: F02""}]","[{""product_label"": ""hex-3-enyl phosphonium bromide"", ""percent"": 72, ""from_label"": ""(E)-1-bromohex-3-ene"", ""scope"": ""Reported preparation yield; mixture components are not assigned individual yields.""}]","[""F02.1""]",forward_synthesis,False,False,1,pending_independent_chemist_review,,,,
"[""Dess-Martin periodinane"", ""NaHMDS""]","[""DCM"", ""THF""]",B07,"[""15a"", ""hex-3-enyl phosphonium bromide""]","[""16a""]",CC/C=C/CC[P+](c1ccccc1)(c1ccccc1)c1ccccc1.OCC[C@H]1O[C@@H](C=C=CBr)C[C@H]1O.[Br-]>>CC/C=C/C/C=C\C[C@H]1O[C@@H](C=C=CBr)C[C@H]1O,"[{""source_id"": ""article"", ""sha256"": ""c706656d4286c247094735b09a44c0ac37d5994fadbba9b426d37b2007c86073"", ""pages"": [4, 9], ""locator"": ""Main experimental section / scheme: B07""}]","[{""product_label"": ""16a"", ""percent"": 72, ""from_label"": ""15a"", ""scope"": ""Two-operation sequence""}]","[""B07.1""]",forward_synthesis,False,False,2,pending_independent_chemist_review,"[{""operation"": ""selective primary alcohol oxidation""}, {""operation"": ""Wittig olefination""}]",Two-operation sequence,,
"[""Dess-Martin periodinane"", ""NaHMDS""]","[""DCM"", ""THF""]",B08,"[""15b"", ""hex-3-enyl phosphonium bromide""]","[""16b""]",CC/C=C/CC[P+](c1ccccc1)(c1ccccc1)c1ccccc1.OCC[C@H]1O[C@@H](C=C=CBr)C[C@H]1O.[Br-]>>CC/C=C/C/C=C\C[C@H]1O[C@@H](C=C=CBr)C[C@H]1O,"[{""source_id"": ""article"", ""sha256"": ""c706656d4286c247094735b09a44c0ac37d5994fadbba9b426d37b2007c86073"", ""pages"": [4, 9], ""locator"": ""Main experimental section / scheme: B08""}]","[{""product_label"": ""16b"", ""percent"": 70, ""from_label"": ""15b"", ""scope"": ""Two-operation sequence""}]","[""B08.1""]",forward_synthesis,False,False,2,pending_independent_chemist_review,"[{""operation"": ""selective primary alcohol oxidation""}, {""operation"": ""Wittig olefination""}]",Two-operation sequence,,
"[""Ac2O"", ""pyridine""]","[""DCM""]",B09,"[""16a""]","[""2a""]",CC/C=C/C/C=C\C[C@H]1O[C@@H](C=C=CBr)C[C@H]1O>>CC/C=C/C/C=C\C[C@H]1O[C@@H](C=C=CBr)C[C@H]1OC(C)=O,"[{""source_id"": ""article"", ""sha256"": ""c706656d4286c247094735b09a44c0ac37d5994fadbba9b426d37b2007c86073"", ""pages"": [9], ""locator"": ""Main experimental section / scheme: B09""}]","[{""product_label"": ""2a"", ""percent"": 80, ""from_label"": ""16a"", ""scope"": ""Reported preparation yield; mixture components are not assigned individual yields.""}]","[""B09.1""]",forward_synthesis,False,False,1,pending_independent_chemist_review,,,,
"[""Ac2O"", ""pyridine""]","[""DCM""]",B10,"[""16b""]","[""2a'""]",CC/C=C/C/C=C\C[C@H]1O[C@@H](C=C=CBr)C[C@H]1O>>CC/C=C/C/C=C\C[C@H]1O[C@@H](C=C=CBr)C[C@H]1OC(C)=O,"[{""source_id"": ""article"", ""sha256"": ""c706656d4286c247094735b09a44c0ac37d5994fadbba9b426d37b2007c86073"", ""pages"": [9], ""locator"": ""Main experimental section / scheme: B10""}]","[{""product_label"": ""2a'"", ""percent"": 82, ""from_label"": ""16b"", ""scope"": ""Reported preparation yield; mixture components are not assigned individual yields.""}]","[""B10.1""]",forward_synthesis,False,False,1,pending_independent_chemist_review,,,,
"[""Ac2O"", ""pyridine""]","[""DCM""]",C15,"[""27a""]","[""2b""]",CC/C=C/C/C=C\C[C@H]1O[C@H](C=C=CBr)C[C@H]1O>>CC/C=C/C/C=C\C[C@H]1O[C@H](C=C=CBr)C[C@H]1OC(C)=O,"[{""source_id"": ""article"", ""sha256"": ""c706656d4286c247094735b09a44c0ac37d5994fadbba9b426d37b2007c86073"", ""pages"": [12], ""locator"": ""Main experimental section / scheme: C15""}]","[{""product_label"": ""2b"", ""percent"": 88, ""from_label"": ""27a"", ""scope"": ""Reported preparation yield; mixture components are not assigned individual yields.""}]","[""C15.1""]",forward_synthesis,False,False,1,pending_independent_chemist_review,,,,
"[""Ac2O"", ""pyridine""]","[""DCM""]",C16,"[""27b""]","[""2b'""]",CC/C=C/C/C=C\C[C@H]1O[C@H](C=C=CBr)C[C@H]1O>>CC/C=C/C/C=C\C[C@H]1O[C@H](C=C=CBr)C[C@H]1OC(C)=O,"[{""source_id"": ""article"", ""sha256"": ""c706656d4286c247094735b09a44c0ac37d5994fadbba9b426d37b2007c86073"", ""pages"": [12], ""locator"": ""Main experimental section / scheme: C16""}]","[{""product_label"": ""2b'"", ""percent"": 84, ""from_label"": ""27b"", ""scope"": ""Reported preparation yield; mixture components are not assigned individual yields.""}]","[""C16.1""]",forward_synthesis,False,False,1,pending_independent_chemist_review,,,,
"[""DIBAL-H""]","[""DCM"", ""benzene""]",C01,"[""12"", ""ethyl triphenylphosphoranylidene acetate""]","[""17""]",CC(C)(C)[Si](C)(C)OCC[C@H]1OC(=O)C[C@H]1O.CCOC(=O)C=P(c1ccccc1)(c1ccccc1)c1ccccc1>>CCOC(=O)/C=C/C[C@@H](O)[C@H](O)CCO[Si](C)(C)C(C)(C)C,"[{""source_id"": ""article"", ""sha256"": ""c706656d4286c247094735b09a44c0ac37d5994fadbba9b426d37b2007c86073"", ""pages"": [4, 9], ""locator"": ""Main experimental section / scheme: C01""}]","[{""product_label"": ""17"", ""percent"": 70, ""from_label"": ""12"", ""scope"": ""Two-operation sequence""}]","[""C01.1""]",forward_synthesis,False,False,2,pending_independent_chemist_review,"[{""operation"": ""lactone reduction""}, {""operation"": ""Wittig olefination""}]",Two-operation sequence,,
"[""DIBAL-H""]","[""DCM""]",C02,"[""17""]","[""18""]",CCOC(=O)/C=C/C[C@@H](O)[C@H](O)CCO[Si](C)(C)C(C)(C)C>>CC(C)(C)[Si](C)(C)OCC[C@@H](O)[C@H](O)C/C=C/CO,"[{""source_id"": ""article"", ""sha256"": ""c706656d4286c247094735b09a44c0ac37d5994fadbba9b426d37b2007c86073"", ""pages"": [4, 10], ""locator"": ""Main experimental section / scheme: C02""}]","[{""product_label"": ""18"", ""percent"": 86, ""from_label"": ""17"", ""scope"": ""Reported preparation yield; mixture components are not assigned individual yields.""}]","[""C02.1""]",forward_synthesis,False,False,1,pending_independent_chemist_review,,,,
"[""AcCl"", ""2,3,5-collidine""]","[""DCM""]",C03,"[""18""]","[""19""]",CC(C)(C)[Si](C)(C)OCC[C@@H](O)[C@H](O)C/C=C/CO>>CC(=O)OC/C=C/C[C@@H](O)[C@H](O)CCO[Si](C)(C)C(C)(C)C,"[{""source_id"": ""article"", ""sha256"": ""c706656d4286c247094735b09a44c0ac37d5994fadbba9b426d37b2007c86073"", ""pages"": [4, 10], ""locator"": ""Main experimental section / scheme: C03""}]","[{""product_label"": ""19"", ""percent"": 88, ""from_label"": ""18"", ""scope"": ""Reported preparation yield; mixture components are not assigned individual yields.""}]","[""C03.1""]",forward_synthesis,False,False,1,pending_independent_chemist_review,,,,
"[""Pd(OAc)2"", ""PPh3"", ""pyridine""]","[""THF""]",C04,"[""19""]","[""20""]",CC(=O)OC/C=C/C[C@@H](O)[C@H](O)CCO[Si](C)(C)C(C)(C)C>>C=C[C@@H]1C[C@@H](O)[C@@H](CCO[Si](C)(C)C(C)(C)C)O1,"[{""source_id"": ""article"", ""sha256"": ""c706656d4286c247094735b09a44c0ac37d5994fadbba9b426d37b2007c86073"", ""pages"": [4, 10], ""locator"": ""Main experimental section / scheme: C04""}]","[{""product_label"": ""20"", ""percent"": 92, ""from_label"": ""19"", ""scope"": ""trans:cis 11:1 mixture; target graph describes major trans member""}]","[""C04.1""]",forward_synthesis,False,False,1,pending_independent_chemist_review,,trans:cis 11:1 mixture; target graph describes major trans member,,
"[""TBSCl"", ""imidazole""]","[""DCM""]",C05,"[""20""]","[""21""]",C=C[C@@H]1C[C@@H](O)[C@@H](CCO[Si](C)(C)C(C)(C)C)O1>>C=C[C@@H]1C[C@@H](O[Si](C)(C)C(C)(C)C)[C@@H](CCO[Si](C)(C)C(C)(C)C)O1,"[{""source_id"": ""article"", ""sha256"": ""c706656d4286c247094735b09a44c0ac37d5994fadbba9b426d37b2007c86073"", ""pages"": [5, 10], ""locator"": ""Main experimental section / scheme: C05""}]","[{""product_label"": ""21"", ""percent"": 92, ""from_label"": ""20"", ""scope"": ""Reported preparation yield; mixture components are not assigned individual yields.""}]","[""C05.1""]",forward_synthesis,False,False,1,pending_independent_chemist_review,,,,
"[""OsO4"", ""NaIO4"", ""2,6-lutidine""]","[""dioxane"", ""water"", ""THF""]",C06,"[""21"", ""ethynylmagnesium bromide""]","[""22""]",C#[C][Mg][Br].C=C[C@@H]1C[C@@H](O[Si](C)(C)C(C)(C)C)[C@@H](CCO[Si](C)(C)C(C)(C)C)O1>>C#CC(O)[C@@H]1C[C@@H](O[Si](C)(C)C(C)(C)C)[C@@H](CCO[Si](C)(C)C(C)(C)C)O1,"[{""source_id"": ""article"", ""sha256"": ""c706656d4286c247094735b09a44c0ac37d5994fadbba9b426d37b2007c86073"", ""pages"": [5, 10], ""locator"": ""Main experimental section / scheme: C06""}]","[{""product_label"": ""22"", ""percent"": 85, ""from_label"": ""21"", ""scope"": ""Two-operation yield, propargyl diastereomers 1.2:1""}]","[""C06.1""]",forward_synthesis,False,False,2,pending_independent_chemist_review,"[{""operation"": ""oxidative alkene cleavage""}, {""operation"": ""ethynyl Grignard addition""}]","Two-operation yield, propargyl diastereomers 1.2:1",,
"[""2,4,6-triisopropylbenzenesulfonyl chloride"", ""DMAP""]","[""DCM""]",C07,"[""22""]","[""23""]",C#CC(O)[C@@H]1C[C@@H](O[Si](C)(C)C(C)(C)C)[C@@H](CCO[Si](C)(C)C(C)(C)C)O1>>C#CC(OS(=O)(=O)c1c(C(C)C)cc(C(C)C)cc1C(C)C)[C@@H]1C[C@@H](O[Si](C)(C)C(C)(C)C)[C@@H](CCO[Si](C)(C)C(C)(C)C)O1,"[{""source_id"": ""article"", ""sha256"": ""c706656d4286c247094735b09a44c0ac37d5994fadbba9b426d37b2007c86073"", ""pages"": [5], ""locator"": ""Main experimental section / scheme: C07""}]","[{""product_label"": ""23"", ""percent"": 94, ""from_label"": ""22"", ""scope"": ""Combined diastereomeric mixture""}]","[""C07.1""]",forward_synthesis,False,False,1,pending_independent_chemist_review,,Combined diastereomeric mixture,,
"[""2,4,6-triisopropylbenzenesulfonyl chloride"", ""DMAP""]","[""DCM""]",C11,"[""22a""]","[""23a""]",C#CC(O)[C@@H]1C[C@@H](O[Si](C)(C)C(C)(C)C)[C@@H](CCO[Si](C)(C)C(C)(C)C)O1>>C#CC(OS(=O)(=O)c1c(C(C)C)cc(C(C)C)cc1C(C)C)[C@@H]1C[C@@H](O[Si](C)(C)C(C)(C)C)[C@@H](CCO[Si](C)(C)C(C)(C)C)O1,"[{""source_id"": ""article"", ""sha256"": ""c706656d4286c247094735b09a44c0ac37d5994fadbba9b426d37b2007c86073"", ""pages"": [5, 11], ""locator"": ""Main experimental section / scheme: C11""}]","[{""product_label"": ""23a"", ""percent"": 94, ""from_label"": ""22a"", ""scope"": ""Combined diastereomeric mixture""}]","[""C11.1""]",forward_synthesis,False,False,1,pending_independent_chemist_review,,Combined diastereomeric mixture,,
"[""LiBr"", ""CuBr""]","[""THF""]",C08,"[""23""]","[""24""]",C#CC(OS(=O)(=O)c1c(C(C)C)cc(C(C)C)cc1C(C)C)[C@@H]1C[C@@H](O[Si](C)(C)C(C)(C)C)[C@@H](CCO[Si](C)(C)C(C)(C)C)O1>>CC(C)(C)[Si](C)(C)OCC[C@H]1O[C@H](C=C=CBr)C[C@H]1O[Si](C)(C)C(C)(C)C,"[{""source_id"": ""article"", ""sha256"": ""c706656d4286c247094735b09a44c0ac37d5994fadbba9b426d37b2007c86073"", ""pages"": [5], ""locator"": ""Main experimental section / scheme: C08""}]","[{""product_label"": ""24"", ""percent"": 88, ""from_label"": ""23"", ""scope"": ""Combined axial diastereomers""}]","[""C08.1""]",forward_synthesis,False,False,1,pending_independent_chemist_review,,Combined axial diastereomers,,
"[""LiBr"", ""CuBr""]","[""THF""]",C12,"[""23a""]","[""24a""]",C#CC(OS(=O)(=O)c1c(C(C)C)cc(C(C)C)cc1C(C)C)[C@@H]1C[C@@H](O[Si](C)(C)C(C)(C)C)[C@@H](CCO[Si](C)(C)C(C)(C)C)O1>>CC(C)(C)[Si](C)(C)OCC[C@H]1O[C@H](C=C=CBr)C[C@H]1O[Si](C)(C)C(C)(C)C,"[{""source_id"": ""article"", ""sha256"": ""c706656d4286c247094735b09a44c0ac37d5994fadbba9b426d37b2007c86073"", ""pages"": [5, 11], ""locator"": ""Main experimental section / scheme: C12""}]","[{""product_label"": ""24a"", ""percent"": 88, ""from_label"": ""23a"", ""scope"": ""Combined axial diastereomers""}]","[""C12.1""]",forward_synthesis,False,False,1,pending_independent_chemist_review,,Combined axial diastereomers,,
"[""TBAF""]","[""THF""]",C09,"[""24""]","[""25""]",CC(C)(C)[Si](C)(C)OCC[C@H]1O[C@H](C=C=CBr)C[C@H]1O[Si](C)(C)C(C)(C)C>>OCC[C@H]1O[C@H](C=C=CBr)C[C@H]1O,"[{""source_id"": ""article"", ""sha256"": ""c706656d4286c247094735b09a44c0ac37d5994fadbba9b426d37b2007c86073"", ""pages"": [5], ""locator"": ""Main experimental section / scheme: C09""}]","[{""product_label"": ""25"", ""percent"": 90, ""from_label"": ""24"", ""scope"": ""Combined axial diastereomers""}]","[""C09.1""]",forward_synthesis,False,False,1,pending_independent_chemist_review,,Combined axial diastereomers,,
"[""TBAF""]","[""THF""]",C13,"[""24a""]","[""25a""]",CC(C)(C)[Si](C)(C)OCC[C@H]1O[C@H](C=C=CBr)C[C@H]1O[Si](C)(C)C(C)(C)C>>OCC[C@H]1O[C@H](C=C=CBr)C[C@H]1O,"[{""source_id"": ""article"", ""sha256"": ""c706656d4286c247094735b09a44c0ac37d5994fadbba9b426d37b2007c86073"", ""pages"": [5, 11], ""locator"": ""Main experimental section / scheme: C13""}]","[{""product_label"": ""25a"", ""percent"": 91, ""from_label"": ""24a"", ""scope"": ""Combined axial diastereomers""}]","[""C13.1""]",forward_synthesis,False,False,1,pending_independent_chemist_review,,Combined axial diastereomers,,
"[""Dess-Martin periodinane""]","[""DCM""]",C10,"[""22""]","[""26""]",C#CC(O)[C@@H]1C[C@@H](O[Si](C)(C)C(C)(C)C)[C@@H](CCO[Si](C)(C)C(C)(C)C)O1>>C#CC(=O)[C@@H]1C[C@@H](O[Si](C)(C)C(C)(C)C)[C@@H](CCO[Si](C)(C)C(C)(C)C)O1,"[{""source_id"": ""article"", ""sha256"": ""c706656d4286c247094735b09a44c0ac37d5994fadbba9b426d37b2007c86073"", ""pages"": [5, 11], ""locator"": ""Main experimental section / scheme: C10""}]","[{""product_label"": ""26"", ""percent"": 93, ""from_label"": ""22"", ""scope"": ""Experimental section 93%; Scheme 7 reports 94%""}]","[""C10.1""]",forward_synthesis,False,False,1,pending_independent_chemist_review,,Experimental section 93%; Scheme 7 reports 94%,,
"[""Red-Al""]","[""THF""]",C10R,"[""26""]","[""22a""]",C#CC(=O)[C@@H]1C[C@@H](O[Si](C)(C)C(C)(C)C)[C@@H](CCO[Si](C)(C)C(C)(C)C)O1>>C#CC(O)[C@@H]1C[C@@H](O[Si](C)(C)C(C)(C)C)[C@@H](CCO[Si](C)(C)C(C)(C)C)O1,"[{""source_id"": ""article"", ""sha256"": ""c706656d4286c247094735b09a44c0ac37d5994fadbba9b426d37b2007c86073"", ""pages"": [5, 11], ""locator"": ""Main experimental section / scheme: C10R""}]","[{""product_label"": ""22a"", ""percent"": 98, ""from_label"": ""26"", ""scope"": ""5:1 inseparable diastereomers""}]","[""C10R.1""]",forward_synthesis,False,False,1,pending_independent_chemist_review,,5:1 inseparable diastereomers,,
"[""Dess-Martin periodinane"", ""NaHMDS""]","[""DCM"", ""THF""]",C14,"[""25a"", ""hex-3-enyl phosphonium iodide""]","[""27a"", ""27b""]",CC/C=C/CC[P+](c1ccccc1)(c1ccccc1)c1ccccc1.OCC[C@H]1O[C@H](C=C=CBr)C[C@H]1O.[I-]>>CC/C=C/C/C=C\C[C@H]1O[C@H](C=C=CBr)C[C@H]1O.CC/C=C/C/C=C\C[C@H]1O[C@H](C=C=CBr)C[C@H]1O,"[{""source_id"": ""article"", ""sha256"": ""c706656d4286c247094735b09a44c0ac37d5994fadbba9b426d37b2007c86073"", ""pages"": [6, 11, 12], ""locator"": ""Main experimental section / scheme: C14""}]","[{""product_label"": ""27a"", ""percent"": 74, ""from_label"": ""25a"", ""scope"": ""Separated axial diastereomers, two-operation yields""}, {""product_label"": ""27b"", ""percent"": 11, ""from_label"": ""25a"", ""scope"": ""Separated axial diastereomers, two-operation yields""}]","[""C14.1""]",forward_synthesis,False,False,2,pending_independent_chemist_review,"[{""operation"": ""primary alcohol oxidation""}, {""operation"": ""Wittig olefination""}]","Separated axial diastereomers, two-operation yields",,
