event_id,reactant_labels,product_labels,step_ids,substrate_product_smiles,source_references,reported_yields,category,smiles_scope,review_status,formal_benchmark_eligible,admission_authority,reported_product_ee_percent,reported_product_dr,reported_product_rr,sample_type,not_connected_to_enriched_target_routes
E01,"[""phloroglucinol"", ""methanol""]","[""S1""]","[""E01.1""]",CO.Oc1cc(O)cc(O)c1>>COc1cc(O)cc(O)c1,"[{""source_id"": ""si"", ""sha256"": ""a6ffe5e992e896da765adbe931c05789fef9282a9c836565dcde757a6c1edf24"", ""pages"": [11], ""locator"": ""SI numbered preparation/drawing: E01 forward preparation""}]","[{""product_label"": ""S1"", ""percent"": 50, ""scope"": ""isolated event yield"", ""from_label"": ""phloroglucinol""}]",forward_synthesis,Source endpoints plus incorporating partners; not atom-balanced; no unreported intermediates invented,pending_independent_chemist_review,False,False,,,,,
E02,"[""S1""]","[""S2"", ""S3""]","[""E02.1""]",COc1cc(O)cc(O)c1>>COc1cc(O)c(Br)c(O)c1.COc1cc(O)cc(O)c1Br,"[{""source_id"": ""si"", ""sha256"": ""a6ffe5e992e896da765adbe931c05789fef9282a9c836565dcde757a6c1edf24"", ""pages"": [11, 12], ""locator"": ""SI numbered preparation/drawing: E02 forward preparation""}]","[{""product_label"": ""S2"", ""percent"": 36, ""scope"": ""isolated event yield"", ""from_label"": ""S1""}, {""product_label"": ""S3"", ""percent"": 36, ""scope"": ""isolated event yield"", ""from_label"": ""S1""}]",forward_synthesis,Source endpoints plus incorporating partners; not atom-balanced; no unreported intermediates invented,pending_independent_chemist_review,False,False,,,,,
E03,"[""S2"", ""MOMCl""]","[""30""]","[""E03.1""]",COCCl.COc1cc(O)c(Br)c(O)c1>>COCOc1cc(OC)cc(OCOC)c1Br,"[{""source_id"": ""si"", ""sha256"": ""a6ffe5e992e896da765adbe931c05789fef9282a9c836565dcde757a6c1edf24"", ""pages"": [12, 13], ""locator"": ""SI numbered preparation/drawing: E03 forward preparation""}]","[{""product_label"": ""30"", ""percent"": 71, ""scope"": ""isolated event yield"", ""from_label"": ""S2""}]",forward_synthesis,Source endpoints plus incorporating partners; not atom-balanced; no unreported intermediates invented,pending_independent_chemist_review,False,False,,,,,
E04,"[""S3"", ""MOMCl""]","[""31""]","[""E04.1""]",COCCl.COc1cc(O)cc(O)c1Br>>COCOc1cc(OC)c(Br)c(OCOC)c1,"[{""source_id"": ""si"", ""sha256"": ""a6ffe5e992e896da765adbe931c05789fef9282a9c836565dcde757a6c1edf24"", ""pages"": [12, 13], ""locator"": ""SI numbered preparation/drawing: E04 forward preparation""}]","[{""product_label"": ""31"", ""percent"": 89, ""scope"": ""isolated event yield"", ""from_label"": ""S3""}]",forward_synthesis,Source endpoints plus incorporating partners; not atom-balanced; no unreported intermediates invented,pending_independent_chemist_review,False,False,,,,,
E05,"[""phloroglucinol"", ""MOMCl""]","[""S4""]","[""E05.1""]",COCCl.Oc1cc(O)cc(O)c1>>COCOc1cc(OCOC)cc(OCOC)c1,"[{""source_id"": ""si"", ""sha256"": ""a6ffe5e992e896da765adbe931c05789fef9282a9c836565dcde757a6c1edf24"", ""pages"": [12, 13], ""locator"": ""SI numbered preparation/drawing: E05 forward preparation""}]","[{""product_label"": ""S4"", ""percent"": 65, ""scope"": ""isolated event yield"", ""from_label"": ""phloroglucinol""}]",forward_synthesis,Source endpoints plus incorporating partners; not atom-balanced; no unreported intermediates invented,pending_independent_chemist_review,False,False,,,,,
E06,"[""S4""]","[""32""]","[""E06.1""]",COCOc1cc(OCOC)cc(OCOC)c1>>COCOc1cc(OCOC)c(Br)c(OCOC)c1,"[{""source_id"": ""si"", ""sha256"": ""a6ffe5e992e896da765adbe931c05789fef9282a9c836565dcde757a6c1edf24"", ""pages"": [12, 13], ""locator"": ""SI numbered preparation/drawing: E06 forward preparation""}]","[{""product_label"": ""32"", ""percent"": 84, ""scope"": ""isolated event yield"", ""from_label"": ""S4""}]",forward_synthesis,Source endpoints plus incorporating partners; not atom-balanced; no unreported intermediates invented,pending_independent_chemist_review,False,False,,,,,
E07,"[""9"", ""10""]","[""11""]","[""E07.1""]",C=C/C(C)=C/CCOC(C)=O.COc1ccc(C(=O)/C=C/c2ccc(OC(C)(C)C)cc2)cc1>>COc1ccc(C(=O)[C@H]2CC=C(C)[C@H](CCOC(C)=O)[C@@H]2c2ccc(OC(C)(C)C)cc2)cc1,"[{""source_id"": ""si"", ""sha256"": ""a6ffe5e992e896da765adbe931c05789fef9282a9c836565dcde757a6c1edf24"", ""pages"": [14], ""locator"": ""SI numbered preparation/drawing: E07 forward preparation""}]","[{""product_label"": ""11"", ""percent"": 92, ""scope"": ""isolated event yield"", ""from_label"": ""9""}]",forward_synthesis,Source endpoints plus incorporating partners; not atom-balanced; no unreported intermediates invented,pending_independent_chemist_review,False,False,83,95:5,>95:5,,
E08,"[""11""]","[""14""]","[""E08.1"", ""E08.2"", ""E08.3""]",COc1ccc(C(=O)[C@H]2CC=C(C)[C@H](CCOC(C)=O)[C@@H]2c2ccc(OC(C)(C)C)cc2)cc1>>COc1ccc(C(=O)[C@H]2CC=C(C)[C@H](CCOC(C)=O)[C@@H]2c2ccccc2)cc1,"[{""source_id"": ""si"", ""sha256"": ""a6ffe5e992e896da765adbe931c05789fef9282a9c836565dcde757a6c1edf24"", ""pages"": [15, 16, 17], ""locator"": ""SI numbered preparation/drawing: E08 forward preparation""}]","[{""product_label"": ""14"", ""percent"": 81, ""scope"": ""81% isolated 14 over three steps from 11; individual stage yields absent"", ""from_label"": ""11""}]",forward_synthesis,Source endpoints plus incorporating partners; not atom-balanced; no unreported intermediates invented,pending_independent_chemist_review,False,False,,,,,
E09,"[""14""]","[""16""]","[""E09.1"", ""E09.2""]",COc1ccc(C(=O)[C@H]2CC=C(C)[C@H](CCOC(C)=O)[C@@H]2c2ccccc2)cc1>>COc1ccc(C(=O)[C@H]2CC=C(C)[C@H](CC=O)[C@@H]2c2ccccc2)cc1,"[{""source_id"": ""si"", ""sha256"": ""a6ffe5e992e896da765adbe931c05789fef9282a9c836565dcde757a6c1edf24"", ""pages"": [17, 18], ""locator"": ""SI numbered preparation/drawing: E09 forward preparation""}]","[{""product_label"": ""16"", ""percent"": 98, ""scope"": ""98% isolated 16 over two steps from 14"", ""from_label"": ""14""}]",forward_synthesis,Source endpoints plus incorporating partners; not atom-balanced; no unreported intermediates invented,pending_independent_chemist_review,False,False,,,,,
E10,"[""16"", ""S7""]","[""17""]","[""E10.1""]",CC(C)S(=O)(=O)c1nnnn1-c1ccccc1.COc1ccc(C(=O)[C@H]2CC=C(C)[C@H](CC=O)[C@@H]2c2ccccc2)cc1>>COc1ccc(C(=O)[C@H]2CC=C(C)[C@H](CC=C(C)C)[C@@H]2c2ccccc2)cc1,"[{""source_id"": ""si"", ""sha256"": ""a6ffe5e992e896da765adbe931c05789fef9282a9c836565dcde757a6c1edf24"", ""pages"": [20], ""locator"": ""SI numbered preparation/drawing: E10 forward preparation""}]","[{""product_label"": ""17"", ""percent"": 81, ""scope"": ""isolated event yield"", ""from_label"": ""16""}]",forward_synthesis,Source endpoints plus incorporating partners; not atom-balanced; no unreported intermediates invented,pending_independent_chemist_review,False,False,,,,,
E11,"[""17"", ""hydroxylamine"", ""Boc2O""]","[""27"", ""26""]","[""E11.1"", ""E11.2"", ""E11.3""]",CC(C)(C)OC(=O)OC(=O)OC(C)(C)C.COc1ccc(C(=O)[C@H]2CC=C(C)[C@H](CC=C(C)C)[C@@H]2c2ccccc2)cc1.NO>>COc1ccc(C(=O)N[C@H]2CC=C(C)[C@H](CC=C(C)C)[C@@H]2c2ccccc2)cc1.COc1ccc(N(C(=O)OC(C)(C)C)C(=O)[C@H]2CC=C(C)[C@H](CC=C(C)C)[C@@H]2c2ccccc2)cc1,"[{""source_id"": ""si"", ""sha256"": ""a6ffe5e992e896da765adbe931c05789fef9282a9c836565dcde757a6c1edf24"", ""pages"": [21, 22], ""locator"": ""SI numbered preparation/drawing: E11 forward preparation""}]","[{""product_label"": ""27"", ""percent"": 64, ""scope"": ""64% isolated 27 over three steps from 17; 26 is a crude byproduct removed during purification, no isolated yield"", ""from_label"": ""17""}]",forward_synthesis,Source endpoints plus incorporating partners; not atom-balanced; no unreported intermediates invented,pending_independent_chemist_review,False,False,,,,,
E12,"[""27"", ""methanol""]","[""1""]","[""E12.1""]",CO.COc1ccc(N(C(=O)OC(C)(C)C)C(=O)[C@H]2CC=C(C)[C@H](CC=C(C)C)[C@@H]2c2ccccc2)cc1>>COC(=O)[C@H]1CC=C(C)[C@H](CC=C(C)C)[C@@H]1c1ccccc1,"[{""source_id"": ""si"", ""sha256"": ""a6ffe5e992e896da765adbe931c05789fef9282a9c836565dcde757a6c1edf24"", ""pages"": [22], ""locator"": ""SI numbered preparation/drawing: E12 forward preparation""}]","[{""product_label"": ""1"", ""percent"": 68, ""scope"": ""isolated event yield"", ""from_label"": ""27""}]",forward_synthesis,Source endpoints plus incorporating partners; not atom-balanced; no unreported intermediates invented,pending_independent_chemist_review,False,False,,,,,
E13,"[""27""]","[""29""]","[""E13.1"", ""E13.2""]",COc1ccc(N(C(=O)OC(C)(C)C)C(=O)[C@H]2CC=C(C)[C@H](CC=C(C)C)[C@@H]2c2ccccc2)cc1>>CC(C)=CC[C@H]1C(C)=CC[C@H](C=O)[C@H]1c1ccccc1,"[{""source_id"": ""si"", ""sha256"": ""a6ffe5e992e896da765adbe931c05789fef9282a9c836565dcde757a6c1edf24"", ""pages"": [23], ""locator"": ""SI numbered preparation/drawing: E13 forward preparation""}]","[{""product_label"": ""29"", ""percent"": 74, ""scope"": ""74% isolated 29 over two steps from 27"", ""from_label"": ""27""}]",forward_synthesis,Source endpoints plus incorporating partners; not atom-balanced; no unreported intermediates invented,pending_independent_chemist_review,False,False,,,,,
E14,"[""29"", ""30""]","[""S9""]","[""E14.1"", ""E14.2"", ""E14.3""]",CC(C)=CC[C@H]1C(C)=CC[C@H](C=O)[C@H]1c1ccccc1.COCOc1cc(OC)cc(OCOC)c1Br>>COCOc1cc(OC)cc(OCOC)c1C(=O)[C@H]1CC=C(C)[C@H](CC=C(C)C)[C@@H]1c1ccccc1,"[{""source_id"": ""si"", ""sha256"": ""a6ffe5e992e896da765adbe931c05789fef9282a9c836565dcde757a6c1edf24"", ""pages"": [24], ""locator"": ""SI numbered preparation/drawing: E14 forward preparation""}]","[{""product_label"": ""S9"", ""percent"": 65, ""scope"": ""65% isolated S9 over source two-step addition/oxidation sequence; aryllithium formation recorded as an internal operation"", ""from_label"": ""29""}]",forward_synthesis,Source endpoints plus incorporating partners; not atom-balanced; no unreported intermediates invented,pending_independent_chemist_review,False,False,,,,,
E15,"[""S9""]","[""2""]","[""E15.1""]",COCOc1cc(OC)cc(OCOC)c1C(=O)[C@H]1CC=C(C)[C@H](CC=C(C)C)[C@@H]1c1ccccc1>>COc1cc(O)c(C(=O)[C@H]2CC=C(C)[C@H](CC=C(C)C)[C@@H]2c2ccccc2)c(O)c1,"[{""source_id"": ""si"", ""sha256"": ""a6ffe5e992e896da765adbe931c05789fef9282a9c836565dcde757a6c1edf24"", ""pages"": [25], ""locator"": ""SI numbered preparation/drawing: E15 forward preparation""}]","[{""product_label"": ""2"", ""percent"": 83, ""scope"": ""isolated event yield"", ""from_label"": ""S9""}]",forward_synthesis,Source endpoints plus incorporating partners; not atom-balanced; no unreported intermediates invented,pending_independent_chemist_review,False,False,,,,,
E16,"[""29"", ""31""]","[""S11""]","[""E16.1"", ""E16.2"", ""E16.3""]",CC(C)=CC[C@H]1C(C)=CC[C@H](C=O)[C@H]1c1ccccc1.COCOc1cc(OC)c(Br)c(OCOC)c1>>COCOc1cc(OC)c(C(=O)[C@H]2CC=C(C)[C@H](CC=C(C)C)[C@@H]2c2ccccc2)c(OCOC)c1,"[{""source_id"": ""si"", ""sha256"": ""a6ffe5e992e896da765adbe931c05789fef9282a9c836565dcde757a6c1edf24"", ""pages"": [26], ""locator"": ""SI numbered preparation/drawing: E16 forward preparation""}]","[{""product_label"": ""S11"", ""percent"": 90, ""scope"": ""90% isolated S11 over source two-step addition/oxidation sequence; aryllithium formation recorded as an internal operation"", ""from_label"": ""29""}]",forward_synthesis,Source endpoints plus incorporating partners; not atom-balanced; no unreported intermediates invented,pending_independent_chemist_review,False,False,,,,,
E17,"[""S11""]","[""3""]","[""E17.1""]",COCOc1cc(OC)c(C(=O)[C@H]2CC=C(C)[C@H](CC=C(C)C)[C@@H]2c2ccccc2)c(OCOC)c1>>COc1cc(O)cc(O)c1C(=O)[C@H]1CC=C(C)[C@H](CC=C(C)C)[C@@H]1c1ccccc1,"[{""source_id"": ""si"", ""sha256"": ""a6ffe5e992e896da765adbe931c05789fef9282a9c836565dcde757a6c1edf24"", ""pages"": [27], ""locator"": ""SI numbered preparation/drawing: E17 forward preparation""}]","[{""product_label"": ""3"", ""percent"": 87, ""scope"": ""isolated event yield"", ""from_label"": ""S11""}]",forward_synthesis,Source endpoints plus incorporating partners; not atom-balanced; no unreported intermediates invented,pending_independent_chemist_review,False,False,,,,,
E18,"[""29"", ""32""]","[""S13""]","[""E18.1"", ""E18.2"", ""E18.3""]",CC(C)=CC[C@H]1C(C)=CC[C@H](C=O)[C@H]1c1ccccc1.COCOc1cc(OCOC)c(Br)c(OCOC)c1>>COCOc1cc(OCOC)c(C(=O)[C@H]2CC=C(C)[C@H](CC=C(C)C)[C@@H]2c2ccccc2)c(OCOC)c1,"[{""source_id"": ""si"", ""sha256"": ""a6ffe5e992e896da765adbe931c05789fef9282a9c836565dcde757a6c1edf24"", ""pages"": [28], ""locator"": ""SI numbered preparation/drawing: E18 forward preparation""}]","[{""product_label"": ""S13"", ""percent"": 85, ""scope"": ""85% isolated S13 over source two-step addition/oxidation sequence; aryllithium formation recorded as an internal operation"", ""from_label"": ""29""}]",forward_synthesis,Source endpoints plus incorporating partners; not atom-balanced; no unreported intermediates invented,pending_independent_chemist_review,False,False,,,,,
E19,"[""S13""]","[""4""]","[""E19.1""]",COCOc1cc(OCOC)c(C(=O)[C@H]2CC=C(C)[C@H](CC=C(C)C)[C@@H]2c2ccccc2)c(OCOC)c1>>CC(C)=CC[C@H]1C(C)=CC[C@H](C(=O)c2c(O)cc(O)cc2O)[C@H]1c1ccccc1,"[{""source_id"": ""si"", ""sha256"": ""a6ffe5e992e896da765adbe931c05789fef9282a9c836565dcde757a6c1edf24"", ""pages"": [29], ""locator"": ""SI numbered preparation/drawing: E19 forward preparation""}]","[{""product_label"": ""4"", ""percent"": 83, ""scope"": ""isolated event yield"", ""from_label"": ""S13""}]",forward_synthesis,Source endpoints plus incorporating partners; not atom-balanced; no unreported intermediates invented,pending_independent_chemist_review,False,False,,,,,
E20,"[""rac-14""]","[""rac-16""]","[""E20.1"", ""E20.2""]",COc1ccc(C(=O)[C@H]2CC=C(C)[C@H](CCOC(C)=O)[C@@H]2c2ccccc2)cc1>>COc1ccc(C(=O)[C@H]2CC=C(C)[C@H](CC=O)[C@@H]2c2ccccc2)cc1,"[{""source_id"": ""si"", ""sha256"": ""a6ffe5e992e896da765adbe931c05789fef9282a9c836565dcde757a6c1edf24"", ""pages"": [19], ""locator"": ""SI numbered preparation/drawing: E20 forward preparation""}]","[{""product_label"": ""rac-16"", ""percent"": 89, ""scope"": ""89% isolated rac-16 over two steps; racemic control, not the enriched main route"", ""from_label"": ""rac-14""}]",forward_synthesis,Source endpoints plus incorporating partners; not atom-balanced; no unreported intermediates invented,pending_independent_chemist_review,False,False,,,,racemate,True
