reagents,solvents,yield_scope,operation_stages,event_id,reactant_labels,product_labels,substrate_product_smiles,source_references,reported_yields,step_ids,category,formal_benchmark_eligible,admission_authority,experimental_stage_count,review_status,sequence_yield_percent
"[""Ac2O"", ""DMAP"", ""Et3N"", ""SOCl2"", ""DMF"", ""NHPI""]","[""DCM""]",Two reported steps combined;three operations,"[{""stage"": 1, ""description"": ""Acetylation""}, {""stage"": 2, ""description"": ""Acid chloride formation andNHPIesterification""}]",A01,"[""5""]","[""S1""]",CC1(C)CC[C@]2(C(=O)O)CC[C@]3(C)C(=CC[C@@H]4[C@@]5(C)CC[C@H](O)C(C)(C)[C@@H]5CC[C@]43C)[C@@H]2C1>>CC(=O)O[C@H]1CC[C@]2(C)[C@H]3CC=C4[C@@H]5CC(C)(C)CC[C@]5(C(=O)ON5C(=O)c6ccccc6C5=O)CC[C@@]4(C)[C@]3(C)CC[C@H]2C1(C)C,"[{""source_id"": ""article"", ""sha256"": ""00fbe2030220be39a5ed0ec58c7e637232a42f462dde766fe467f0330720d3eb"", ""pages"": [4], ""locator"": ""Main experimental section / scheme: A01""}, {""source_id"": ""si"", ""sha256"": ""e1e806653844c48a752775f11d24dec80de046ded44c8c6a122c34f79ea5dbff"", ""pages"": [7], ""locator"": ""Compound drawing and associated NMR spectrum: A01""}]","[{""product_label"": ""S1"", ""percent"": 90, ""from_label"": ""5"", ""scope"": ""Two reported steps combined;three operations""}]","[""A01.1""]",forward_synthesis,False,False,2,pending_independent_chemist_review,
"[""PPh3"", ""LiI"", ""MeI"", ""BF3.OEt2""]","[""THF"", ""DCM""]",Two steps combined,"[{""stage"": 1, ""description"": ""Photodecarboxylative elimination,unelucidated diene mixture""}, {""stage"": 2, ""description"": ""Lewis-acid isomerization""}]",A02,"[""S1""]","[""14""]",CC(=O)O[C@H]1CC[C@]2(C)[C@H]3CC=C4[C@@H]5CC(C)(C)CC[C@]5(C(=O)ON5C(=O)c6ccccc6C5=O)CC[C@@]4(C)[C@]3(C)CC[C@H]2C1(C)C>>CC(=O)O[C@H]1CC[C@]2(C)[C@H]3CC=C4C5=C(CCC(C)(C)C5)CC[C@@]4(C)[C@]3(C)CC[C@H]2C1(C)C,"[{""source_id"": ""article"", ""sha256"": ""00fbe2030220be39a5ed0ec58c7e637232a42f462dde766fe467f0330720d3eb"", ""pages"": [4], ""locator"": ""Main experimental section / scheme: A02""}, {""source_id"": ""si"", ""sha256"": ""e1e806653844c48a752775f11d24dec80de046ded44c8c6a122c34f79ea5dbff"", ""pages"": [8], ""locator"": ""Compound drawing and associated NMR spectrum: A02""}]","[{""product_label"": ""14"", ""percent"": 94, ""from_label"": ""S1"", ""scope"": ""Two steps combined""}]","[""A02.1""]",forward_synthesis,False,False,2,pending_independent_chemist_review,
"[""NaIO4"", ""K2OsO4.2H2O"", ""NaSMe"", ""PhI(OAc)2""]","[""THF"", ""water"", ""DCM""]","Two steps combined,undrawn diol stereochemistrynotinvented","[{""stage"": 1, ""description"": ""Oxidative dihydroxylation/osmatecleavage""}, {""stage"": 2, ""description"": ""Diol cleavage""}]",A03,"[""14""]","[""8""]",CC(=O)O[C@H]1CC[C@]2(C)[C@H]3CC=C4C5=C(CCC(C)(C)C5)CC[C@@]4(C)[C@]3(C)CC[C@H]2C1(C)C>>CC(=O)O[C@H]1CC[C@]2(C)[C@H]3CC=C4C(=O)CC(C)(C)CCC(=O)CC[C@@]4(C)[C@]3(C)CC[C@H]2C1(C)C,"[{""source_id"": ""article"", ""sha256"": ""00fbe2030220be39a5ed0ec58c7e637232a42f462dde766fe467f0330720d3eb"", ""pages"": [4], ""locator"": ""Main experimental section / scheme: A03""}, {""source_id"": ""si"", ""sha256"": ""e1e806653844c48a752775f11d24dec80de046ded44c8c6a122c34f79ea5dbff"", ""pages"": [9], ""locator"": ""Compound drawing and associated NMR spectrum: A03""}]","[{""product_label"": ""8"", ""percent"": 67, ""from_label"": ""14"", ""scope"": ""Two steps combined,undrawn diol stereochemistrynotinvented""}]","[""A03.1""]",forward_synthesis,False,False,2,pending_independent_chemist_review,
"[""DBU""]","[""DCM""]",,,A04,"[""8""]","[""9"", ""10""]",CC(=O)O[C@H]1CC[C@]2(C)[C@H]3CC=C4C(=O)CC(C)(C)CCC(=O)CC[C@@]4(C)[C@]3(C)CC[C@H]2C1(C)C>>CC(=O)O[C@H]1CC[C@]2(C)[C@H]3CC=C4[C@@]5(O)CC(C)(C)CCC(=O)[C@@H]5C[C@@]4(C)[C@]3(C)CC[C@H]2C1(C)C.CC(=O)O[C@H]1CC[C@]2(C)[C@H]3CC=C4[C@@]5(O)CC(C)(C)CCC(=O)[C@H]5C[C@@]4(C)[C@]3(C)CC[C@H]2C1(C)C,"[{""source_id"": ""article"", ""sha256"": ""00fbe2030220be39a5ed0ec58c7e637232a42f462dde766fe467f0330720d3eb"", ""pages"": [4], ""locator"": ""Main experimental section / scheme: A04""}, {""source_id"": ""si"", ""sha256"": ""e1e806653844c48a752775f11d24dec80de046ded44c8c6a122c34f79ea5dbff"", ""pages"": [10], ""locator"": ""Compound drawing and associated NMR spectrum: A04""}]","[{""product_label"": ""9"", ""percent"": 58, ""from_label"": ""8"", ""scope"": ""Reported preparation yield; mixture components are not assigned individual yields.""}, {""product_label"": ""10"", ""percent"": 35, ""from_label"": ""8"", ""scope"": ""Reported preparation yield; mixture components are not assigned individual yields.""}]","[""A04.1""]",forward_synthesis,False,False,1,pending_independent_chemist_review,
"[""TFA""]","[""DCM""]",,,A05,"[""8""]","[""11""]",CC(=O)O[C@H]1CC[C@]2(C)[C@H]3CC=C4C(=O)CC(C)(C)CCC(=O)CC[C@@]4(C)[C@]3(C)CC[C@H]2C1(C)C>>CC(=O)O[C@H]1CC[C@]2(C)[C@H]3CC=C4C5=C(C[C@@]4(C)[C@]3(C)CC[C@H]2C1(C)C)C(=O)CCC(C)(C)C5,"[{""source_id"": ""article"", ""sha256"": ""00fbe2030220be39a5ed0ec58c7e637232a42f462dde766fe467f0330720d3eb"", ""pages"": [4], ""locator"": ""Main experimental section / scheme: A05""}, {""source_id"": ""si"", ""sha256"": ""e1e806653844c48a752775f11d24dec80de046ded44c8c6a122c34f79ea5dbff"", ""pages"": [10, 11], ""locator"": ""Compound drawing and associated NMR spectrum: A05""}]","[{""product_label"": ""11"", ""percent"": 73, ""from_label"": ""8"", ""scope"": ""Reported preparation yield; mixture components are not assigned individual yields.""}]","[""A05.1""]",forward_synthesis,False,False,1,pending_independent_chemist_review,
"[""TFA""]","[""DCM""]",,,A06,"[""10""]","[""11""]",CC(=O)O[C@H]1CC[C@]2(C)[C@H]3CC=C4[C@@]5(O)CC(C)(C)CCC(=O)[C@@H]5C[C@@]4(C)[C@]3(C)CC[C@H]2C1(C)C>>CC(=O)O[C@H]1CC[C@]2(C)[C@H]3CC=C4C5=C(C[C@@]4(C)[C@]3(C)CC[C@H]2C1(C)C)C(=O)CCC(C)(C)C5,"[{""source_id"": ""article"", ""sha256"": ""00fbe2030220be39a5ed0ec58c7e637232a42f462dde766fe467f0330720d3eb"", ""pages"": [4], ""locator"": ""Main experimental section / scheme: A06""}, {""source_id"": ""si"", ""sha256"": ""e1e806653844c48a752775f11d24dec80de046ded44c8c6a122c34f79ea5dbff"", ""pages"": [11], ""locator"": ""Compound drawing and associated NMR spectrum: A06""}]","[{""product_label"": ""11"", ""percent"": 69, ""from_label"": ""10"", ""scope"": ""Reported preparation yield; mixture components are not assigned individual yields.""}]","[""A06.1""]",forward_synthesis,False,False,1,pending_independent_chemist_review,
"[""ethane-1,2-dithiol"", ""BF3.OEt2""]","[""DCM""]",,,A07,"[""8""]","[""S2""]",CC(=O)O[C@H]1CC[C@]2(C)[C@H]3CC=C4C(=O)CC(C)(C)CCC(=O)CC[C@@]4(C)[C@]3(C)CC[C@H]2C1(C)C>>CC(=O)O[C@H]1CC[C@]2(C)[C@H]3CC=C4C(=O)CC(C)(C)CCC5(CC[C@@]4(C)[C@]3(C)CC[C@H]2C1(C)C)SCCS5,"[{""source_id"": ""article"", ""sha256"": ""00fbe2030220be39a5ed0ec58c7e637232a42f462dde766fe467f0330720d3eb"", ""pages"": [4], ""locator"": ""Main experimental section / scheme: A07""}, {""source_id"": ""si"", ""sha256"": ""e1e806653844c48a752775f11d24dec80de046ded44c8c6a122c34f79ea5dbff"", ""pages"": [11], ""locator"": ""Compound drawing and associated NMR spectrum: A07""}]","[{""product_label"": ""S2"", ""percent"": 75, ""from_label"": ""8"", ""scope"": ""Reported preparation yield; mixture components are not assigned individual yields.""}]","[""A07.1""]",forward_synthesis,False,False,1,pending_independent_chemist_review,
"[""TMSOTf"", ""pyridine""]","[""DCM""]",,,A08,"[""S2""]","[""12""]",CC(=O)O[C@H]1CC[C@]2(C)[C@H]3CC=C4C(=O)CC(C)(C)CCC5(CC[C@@]4(C)[C@]3(C)CC[C@H]2C1(C)C)SCCS5>>CC(=O)O[C@H]1CC[C@]2(C)[C@H]3CC=C4C(O[Si](C)(C)C)=CC(C)(C)CCC5(CC[C@@]4(C)[C@]3(C)CC[C@H]2C1(C)C)SCCS5,"[{""source_id"": ""article"", ""sha256"": ""00fbe2030220be39a5ed0ec58c7e637232a42f462dde766fe467f0330720d3eb"", ""pages"": [4], ""locator"": ""Main experimental section / scheme: A08""}, {""source_id"": ""si"", ""sha256"": ""e1e806653844c48a752775f11d24dec80de046ded44c8c6a122c34f79ea5dbff"", ""pages"": [12], ""locator"": ""Compound drawing and associated NMR spectrum: A08""}]","[{""product_label"": ""12"", ""percent"": 98, ""from_label"": ""S2"", ""scope"": ""Reported preparation yield; mixture components are not assigned individual yields.""}]","[""A08.1""]",forward_synthesis,False,False,1,pending_independent_chemist_review,
"[""NCS""]","[""DCM""]",,,A09,"[""12""]","[""13""]",CC(=O)O[C@H]1CC[C@]2(C)[C@H]3CC=C4C(O[Si](C)(C)C)=CC(C)(C)CCC5(CC[C@@]4(C)[C@]3(C)CC[C@H]2C1(C)C)SCCS5>>CC(=O)O[C@H]1CC[C@]2(C)[C@H]3CC=C4C(=O)C5=C(CCC5(C)C)CC[C@@]4(C)[C@]3(C)CC[C@H]2C1(C)C,"[{""source_id"": ""article"", ""sha256"": ""00fbe2030220be39a5ed0ec58c7e637232a42f462dde766fe467f0330720d3eb"", ""pages"": [4], ""locator"": ""Main experimental section / scheme: A09""}, {""source_id"": ""si"", ""sha256"": ""e1e806653844c48a752775f11d24dec80de046ded44c8c6a122c34f79ea5dbff"", ""pages"": [13], ""locator"": ""Compound drawing and associated NMR spectrum: A09""}]","[{""product_label"": ""13"", ""percent"": 59, ""from_label"": ""12"", ""scope"": ""Reported preparation yield; mixture components are not assigned individual yields.""}]","[""A09.1""]",forward_synthesis,False,False,1,pending_independent_chemist_review,
"[""methylene blue"", ""O2"", ""whiteLED""]","[""MeOH"", ""DCM""]",,,B01,"[""14""]","[""16""]",CC(=O)O[C@H]1CC[C@]2(C)[C@H]3CC=C4C5=C(CCC(C)(C)C5)CC[C@@]4(C)[C@]3(C)CC[C@H]2C1(C)C>>CC(=O)O[C@H]1CC[C@]2(C)[C@H]3CC=C4C5=CC(C)(C)CC[C@]5(OO)CC[C@@]4(C)[C@]3(C)CC[C@H]2C1(C)C,"[{""source_id"": ""article"", ""sha256"": ""00fbe2030220be39a5ed0ec58c7e637232a42f462dde766fe467f0330720d3eb"", ""pages"": [5], ""locator"": ""Main experimental section / scheme: B01""}, {""source_id"": ""si"", ""sha256"": ""e1e806653844c48a752775f11d24dec80de046ded44c8c6a122c34f79ea5dbff"", ""pages"": [13], ""locator"": ""Compound drawing and associated NMR spectrum: B01""}]","[{""product_label"": ""16"", ""percent"": 50, ""from_label"": ""14"", ""scope"": ""Reported preparation yield; mixture components are not assigned individual yields.""}]","[""B01.1""]",forward_synthesis,False,False,1,pending_independent_chemist_review,
"[""p-TSA""]","[""DCM""]",,,B02,"[""16""]","[""19""]",CC(=O)O[C@H]1CC[C@]2(C)[C@H]3CC=C4C5=CC(C)(C)CC[C@]5(OO)CC[C@@]4(C)[C@]3(C)CC[C@H]2C1(C)C>>CC(=O)O[C@H]1CC[C@]2(C)[C@H]3CC=C4C(=O)[C@H]5C(C)(C)CC[C@]5(O)CC[C@@]4(C)[C@]3(C)CC[C@H]2C1(C)C,"[{""source_id"": ""article"", ""sha256"": ""00fbe2030220be39a5ed0ec58c7e637232a42f462dde766fe467f0330720d3eb"", ""pages"": [5], ""locator"": ""Main experimental section / scheme: B02""}, {""source_id"": ""si"", ""sha256"": ""e1e806653844c48a752775f11d24dec80de046ded44c8c6a122c34f79ea5dbff"", ""pages"": [14], ""locator"": ""Compound drawing and associated NMR spectrum: B02""}]","[{""product_label"": ""19"", ""percent"": 34, ""from_label"": ""16"", ""scope"": ""Reported preparation yield; mixture components are not assigned individual yields.""}]","[""B02.1""]",forward_synthesis,False,False,1,pending_independent_chemist_review,
"[""methylene blue"", ""O2"", ""whiteLED"", ""p-TSA""]","[""MeOH"", ""DCM""]",,,B03,"[""14""]","[""19""]",CC(=O)O[C@H]1CC[C@]2(C)[C@H]3CC=C4C5=C(CCC(C)(C)C5)CC[C@@]4(C)[C@]3(C)CC[C@H]2C1(C)C>>CC(=O)O[C@H]1CC[C@]2(C)[C@H]3CC=C4C(=O)[C@H]5C(C)(C)CC[C@]5(O)CC[C@@]4(C)[C@]3(C)CC[C@H]2C1(C)C,"[{""source_id"": ""article"", ""sha256"": ""00fbe2030220be39a5ed0ec58c7e637232a42f462dde766fe467f0330720d3eb"", ""pages"": [5], ""locator"": ""Main experimental section / scheme: B03""}, {""source_id"": ""si"", ""sha256"": ""e1e806653844c48a752775f11d24dec80de046ded44c8c6a122c34f79ea5dbff"", ""pages"": [14], ""locator"": ""Compound drawing and associated NMR spectrum: B03""}]","[{""product_label"": ""19"", ""percent"": 38, ""from_label"": ""14"", ""scope"": ""Reported preparation yield; mixture components are not assigned individual yields.""}]","[""B03.1""]",forward_synthesis,False,False,1,pending_independent_chemist_review,
"[""TPP"", ""O2"", ""whiteLED""]","[""CCl4""]",,,B04,"[""14""]","[""20""]",CC(=O)O[C@H]1CC[C@]2(C)[C@H]3CC=C4C5=C(CCC(C)(C)C5)CC[C@@]4(C)[C@]3(C)CC[C@H]2C1(C)C>>CC(=O)O[C@H]1CC[C@]2(C)[C@H]3C[C@@H]4OO[C@H]5C6=C4[C@@](C)(CC[C@@]6(OO)CCC5(C)C)[C@]3(C)CC[C@H]2C1(C)C,"[{""source_id"": ""article"", ""sha256"": ""00fbe2030220be39a5ed0ec58c7e637232a42f462dde766fe467f0330720d3eb"", ""pages"": [5], ""locator"": ""Main experimental section / scheme: B04""}, {""source_id"": ""si"", ""sha256"": ""e1e806653844c48a752775f11d24dec80de046ded44c8c6a122c34f79ea5dbff"", ""pages"": [15], ""locator"": ""Compound drawing and associated NMR spectrum: B04""}]","[{""product_label"": ""20"", ""percent"": 63, ""from_label"": ""14"", ""scope"": ""Reported preparation yield; mixture components are not assigned individual yields.""}]","[""B04.1""]",forward_synthesis,False,False,1,pending_independent_chemist_review,
"[""TPP"", ""O2"", ""whiteLED""]","[""CCl4""]",,,B05,"[""16""]","[""20""]",CC(=O)O[C@H]1CC[C@]2(C)[C@H]3CC=C4C5=CC(C)(C)CC[C@]5(OO)CC[C@@]4(C)[C@]3(C)CC[C@H]2C1(C)C>>CC(=O)O[C@H]1CC[C@]2(C)[C@H]3C[C@@H]4OO[C@H]5C6=C4[C@@](C)(CC[C@@]6(OO)CCC5(C)C)[C@]3(C)CC[C@H]2C1(C)C,"[{""source_id"": ""article"", ""sha256"": ""00fbe2030220be39a5ed0ec58c7e637232a42f462dde766fe467f0330720d3eb"", ""pages"": [5], ""locator"": ""Main experimental section / scheme: B05""}, {""source_id"": ""si"", ""sha256"": ""e1e806653844c48a752775f11d24dec80de046ded44c8c6a122c34f79ea5dbff"", ""pages"": [15], ""locator"": ""Compound drawing and associated NMR spectrum: B05""}]","[{""product_label"": ""20"", ""percent"": 39, ""from_label"": ""16"", ""scope"": ""Reported preparation yield; mixture components are not assigned individual yields.""}]","[""B05.1""]",forward_synthesis,False,False,1,pending_independent_chemist_review,
"[""PPh3""]","[""DCM""]",,,B06,"[""16""]","[""21""]",CC(=O)O[C@H]1CC[C@]2(C)[C@H]3CC=C4C5=CC(C)(C)CC[C@]5(OO)CC[C@@]4(C)[C@]3(C)CC[C@H]2C1(C)C>>CC(=O)O[C@H]1CC[C@]2(C)[C@H]3CC=C4C5=CC(C)(C)CC[C@]5(O)CC[C@@]4(C)[C@]3(C)CC[C@H]2C1(C)C,"[{""source_id"": ""article"", ""sha256"": ""00fbe2030220be39a5ed0ec58c7e637232a42f462dde766fe467f0330720d3eb"", ""pages"": [5], ""locator"": ""Main experimental section / scheme: B06""}, {""source_id"": ""si"", ""sha256"": ""e1e806653844c48a752775f11d24dec80de046ded44c8c6a122c34f79ea5dbff"", ""pages"": [15, 16], ""locator"": ""Compound drawing and associated NMR spectrum: B06""}]","[{""product_label"": ""21"", ""percent"": 75, ""from_label"": ""16"", ""scope"": ""Reported preparation yield; mixture components are not assigned individual yields.""}]","[""B06.1""]",forward_synthesis,False,False,1,pending_independent_chemist_review,
"[""NHPI"", ""EDCI"", ""DMAP""]","[""DCM""]",,,C01,"[""5""]","[""22""]",CC1(C)CC[C@]2(C(=O)O)CC[C@]3(C)C(=CC[C@@H]4[C@@]5(C)CC[C@H](O)C(C)(C)[C@@H]5CC[C@]43C)[C@@H]2C1>>CC1(C)CC[C@]2(C(=O)ON3C(=O)c4ccccc4C3=O)CC[C@]3(C)C(=CC[C@@H]4[C@@]5(C)CC[C@H](O)C(C)(C)[C@@H]5CC[C@]43C)[C@@H]2C1,"[{""source_id"": ""article"", ""sha256"": ""00fbe2030220be39a5ed0ec58c7e637232a42f462dde766fe467f0330720d3eb"", ""pages"": [5], ""locator"": ""Main experimental section / scheme: C01""}, {""source_id"": ""si"", ""sha256"": ""e1e806653844c48a752775f11d24dec80de046ded44c8c6a122c34f79ea5dbff"", ""pages"": [16], ""locator"": ""Compound drawing and associated NMR spectrum: C01""}]","[{""product_label"": ""22"", ""percent"": 88, ""from_label"": ""5"", ""scope"": ""Reported preparation yield; mixture components are not assigned individual yields.""}]","[""C01.1""]",forward_synthesis,False,False,1,pending_independent_chemist_review,
"[""PPh3"", ""LiI"", ""blueLED"", ""BF3.OEt2""]","[""THF"", ""DCM""]",Main73%over2steps vsSI85%and87%;noindividualS3SMILES,"[{""stage"": 1, ""description"": ""Diene mixtureS3 isolated85%;regioisomers notelucidated""}, {""stage"": 2, ""description"": ""Isomerization87%""}]",C02,"[""22""]","[""23""]",CC1(C)CC[C@]2(C(=O)ON3C(=O)c4ccccc4C3=O)CC[C@]3(C)C(=CC[C@@H]4[C@@]5(C)CC[C@H](O)C(C)(C)[C@@H]5CC[C@]43C)[C@@H]2C1>>CC1(C)CCC2=C(C1)C1=CC[C@@H]3[C@@]4(C)CC[C@H](O)C(C)(C)[C@@H]4CC[C@@]3(C)[C@]1(C)CC2,"[{""source_id"": ""article"", ""sha256"": ""00fbe2030220be39a5ed0ec58c7e637232a42f462dde766fe467f0330720d3eb"", ""pages"": [5], ""locator"": ""Main experimental section / scheme: C02""}, {""source_id"": ""si"", ""sha256"": ""e1e806653844c48a752775f11d24dec80de046ded44c8c6a122c34f79ea5dbff"", ""pages"": [16, 17], ""locator"": ""Compound drawing and associated NMR spectrum: C02""}]",[],"[""C02.1""]",forward_synthesis,False,False,2,pending_independent_chemist_review,
"[""Ru(bpy)3Cl2.6H2O"", ""MeSO3H"", ""O2"", ""whiteLED""]","[""DCM"", ""MeOH""]",,,C03,"[""23""]","[""1""]",CC1(C)CCC2=C(C1)C1=CC[C@@H]3[C@@]4(C)CC[C@H](O)C(C)(C)[C@@H]4CC[C@@]3(C)[C@]1(C)CC2>>CC1(C)CC[C@]2(O)CC[C@]3(C)C(=CC[C@@H]4[C@@]5(C)CC[C@H](O)C(C)(C)[C@@H]5CC[C@]43C)C(=O)[C@@H]12,"[{""source_id"": ""article"", ""sha256"": ""00fbe2030220be39a5ed0ec58c7e637232a42f462dde766fe467f0330720d3eb"", ""pages"": [5], ""locator"": ""Main experimental section / scheme: C03""}, {""source_id"": ""si"", ""sha256"": ""e1e806653844c48a752775f11d24dec80de046ded44c8c6a122c34f79ea5dbff"", ""pages"": [17], ""locator"": ""Compound drawing and associated NMR spectrum: C03""}]","[{""product_label"": ""1"", ""percent"": 69, ""from_label"": ""23"", ""scope"": ""Reported preparation yield; mixture components are not assigned individual yields.""}]","[""C03.1""]",forward_synthesis,False,False,1,pending_independent_chemist_review,
"[""DMP"", ""NaHCO3""]","[""DCM""]",,,C04,"[""1""]","[""24b""]",CC1(C)CC[C@]2(O)CC[C@]3(C)C(=CC[C@@H]4[C@@]5(C)CC[C@H](O)C(C)(C)[C@@H]5CC[C@]43C)C(=O)[C@@H]12>>CC1(C)CC[C@]2(O)CC[C@]3(C)C(=CC[C@@H]4[C@@]5(C)CCC(=O)C(C)(C)[C@@H]5CC[C@]43C)C(=O)[C@@H]12,"[{""source_id"": ""article"", ""sha256"": ""00fbe2030220be39a5ed0ec58c7e637232a42f462dde766fe467f0330720d3eb"", ""pages"": [5], ""locator"": ""Main experimental section / scheme: C04""}, {""source_id"": ""si"", ""sha256"": ""e1e806653844c48a752775f11d24dec80de046ded44c8c6a122c34f79ea5dbff"", ""pages"": [18, 19], ""locator"": ""Compound drawing and associated NMR spectrum: C04""}]","[{""product_label"": ""24b"", ""percent"": 94, ""from_label"": ""1"", ""scope"": ""Reported preparation yield; mixture components are not assigned individual yields.""}]","[""C04.1""]",forward_synthesis,False,False,1,pending_independent_chemist_review,
"[""Co(acac)2"", ""(Me2SiH)2O""]","[""iPrOH""]","Single-step54%SI;mainclaims54%over2steps,conflictretained",,C05,"[""24b""]","[""2""]",CC1(C)CC[C@]2(O)CC[C@]3(C)C(=CC[C@@H]4[C@@]5(C)CCC(=O)C(C)(C)[C@@H]5CC[C@]43C)C(=O)[C@@H]12>>CC1(C)CC[C@]2(O)CC[C@]3(C)[C@H](CC[C@@H]4[C@@]5(C)CCC(=O)C(C)(C)[C@@H]5CC[C@]43C)C(=O)[C@@H]12,"[{""source_id"": ""article"", ""sha256"": ""00fbe2030220be39a5ed0ec58c7e637232a42f462dde766fe467f0330720d3eb"", ""pages"": [5], ""locator"": ""Main experimental section / scheme: C05""}, {""source_id"": ""si"", ""sha256"": ""e1e806653844c48a752775f11d24dec80de046ded44c8c6a122c34f79ea5dbff"", ""pages"": [19], ""locator"": ""Compound drawing and associated NMR spectrum: C05""}]","[{""product_label"": ""2"", ""percent"": 54, ""from_label"": ""24b"", ""scope"": ""Single-step54%SI;mainclaims54%over2steps,conflictretained""}]","[""C05.1""]",forward_synthesis,False,False,1,pending_independent_chemist_review,
"[""DMP"", ""NaHCO3""]","[""DCM""]",,,D01,"[""23""]","[""24a""]",CC1(C)CCC2=C(C1)C1=CC[C@@H]3[C@@]4(C)CC[C@H](O)C(C)(C)[C@@H]4CC[C@@]3(C)[C@]1(C)CC2>>CC1(C)CCC2=C(C1)C1=CC[C@@H]3[C@@]4(C)CCC(=O)C(C)(C)[C@@H]4CC[C@@]3(C)[C@]1(C)CC2,"[{""source_id"": ""article"", ""sha256"": ""00fbe2030220be39a5ed0ec58c7e637232a42f462dde766fe467f0330720d3eb"", ""pages"": [7], ""locator"": ""Main experimental section / scheme: D01""}, {""source_id"": ""si"", ""sha256"": ""e1e806653844c48a752775f11d24dec80de046ded44c8c6a122c34f79ea5dbff"", ""pages"": [20], ""locator"": ""Compound drawing and associated NMR spectrum: D01""}]","[{""product_label"": ""24a"", ""percent"": 96, ""from_label"": ""23"", ""scope"": ""Reported preparation yield; mixture components are not assigned individual yields.""}]","[""D01.1""]",forward_synthesis,False,False,1,pending_independent_chemist_review,
"[""NH2OH.HCl"", ""KOAc""]","[""EtOH""]",,,D02,"[""24a""]","[""25a""]",CC1(C)CCC2=C(C1)C1=CC[C@@H]3[C@@]4(C)CCC(=O)C(C)(C)[C@@H]4CC[C@@]3(C)[C@]1(C)CC2>>CC1(C)CCC2=C(C1)C1=CC[C@@H]3[C@@]4(C)CCC(=NO)C(C)(C)[C@@H]4CC[C@@]3(C)[C@]1(C)CC2,"[{""source_id"": ""article"", ""sha256"": ""00fbe2030220be39a5ed0ec58c7e637232a42f462dde766fe467f0330720d3eb"", ""pages"": [7], ""locator"": ""Main experimental section / scheme: D02""}, {""source_id"": ""si"", ""sha256"": ""e1e806653844c48a752775f11d24dec80de046ded44c8c6a122c34f79ea5dbff"", ""pages"": [20], ""locator"": ""Compound drawing and associated NMR spectrum: D02""}]","[{""product_label"": ""25a"", ""percent"": 99, ""from_label"": ""24a"", ""scope"": ""Reported preparation yield; mixture components are not assigned individual yields.""}]","[""D02.1""]",forward_synthesis,False,False,1,pending_independent_chemist_review,
"[""4-pentynoic acid"", ""oxalyl chloride"", ""DMAP"", ""Et3N""]","[""DCM""]",,"[{""stage"": 1, ""description"": ""Acid chloride preparation""}, {""stage"": 2, ""description"": ""Esterification""}]",D03,"[""23""]","[""26a""]",CC1(C)CCC2=C(C1)C1=CC[C@@H]3[C@@]4(C)CC[C@H](O)C(C)(C)[C@@H]4CC[C@@]3(C)[C@]1(C)CC2>>C#CCCC(=O)O[C@H]1CC[C@]2(C)[C@H]3CC=C4C5=C(CCC(C)(C)C5)CC[C@@]4(C)[C@]3(C)CC[C@H]2C1(C)C,"[{""source_id"": ""article"", ""sha256"": ""00fbe2030220be39a5ed0ec58c7e637232a42f462dde766fe467f0330720d3eb"", ""pages"": [7], ""locator"": ""Main experimental section / scheme: D03""}, {""source_id"": ""si"", ""sha256"": ""e1e806653844c48a752775f11d24dec80de046ded44c8c6a122c34f79ea5dbff"", ""pages"": [21], ""locator"": ""Compound drawing and associated NMR spectrum: D03""}]","[{""product_label"": ""26a"", ""percent"": 83, ""from_label"": ""23"", ""scope"": ""Reported preparation yield; mixture components are not assigned individual yields.""}]","[""D03.1""]",forward_synthesis,False,False,2,pending_independent_chemist_review,
"[""MOMBr"", ""DIPEA""]","[""DCM""]",,,D04,"[""23""]","[""27a""]",CC1(C)CCC2=C(C1)C1=CC[C@@H]3[C@@]4(C)CC[C@H](O)C(C)(C)[C@@H]4CC[C@@]3(C)[C@]1(C)CC2>>COCO[C@H]1CC[C@]2(C)[C@H]3CC=C4C5=C(CCC(C)(C)C5)CC[C@@]4(C)[C@]3(C)CC[C@H]2C1(C)C,"[{""source_id"": ""article"", ""sha256"": ""00fbe2030220be39a5ed0ec58c7e637232a42f462dde766fe467f0330720d3eb"", ""pages"": [7], ""locator"": ""Main experimental section / scheme: D04""}, {""source_id"": ""si"", ""sha256"": ""e1e806653844c48a752775f11d24dec80de046ded44c8c6a122c34f79ea5dbff"", ""pages"": [21], ""locator"": ""Compound drawing and associated NMR spectrum: D04""}]","[{""product_label"": ""27a"", ""percent"": 78, ""from_label"": ""23"", ""scope"": ""Reported preparation yield; mixture components are not assigned individual yields.""}]","[""D04.1""]",forward_synthesis,False,False,1,pending_independent_chemist_review,
"[""Ru(bpy)3Cl2.6H2O"", ""MeSO3H"", ""O2"", ""whiteLED""]","[""DCM"", ""MeOH""]",,,D24,"[""24a""]","[""24b""]",CC1(C)CCC2=C(C1)C1=CC[C@@H]3[C@@]4(C)CCC(=O)C(C)(C)[C@@H]4CC[C@@]3(C)[C@]1(C)CC2>>CC1(C)CC[C@]2(O)CC[C@]3(C)C(=CC[C@@H]4[C@@]5(C)CCC(=O)C(C)(C)[C@@H]5CC[C@]43C)C(=O)[C@@H]12,"[{""source_id"": ""article"", ""sha256"": ""00fbe2030220be39a5ed0ec58c7e637232a42f462dde766fe467f0330720d3eb"", ""pages"": [7], ""locator"": ""Main experimental section / scheme: D24""}, {""source_id"": ""si"", ""sha256"": ""e1e806653844c48a752775f11d24dec80de046ded44c8c6a122c34f79ea5dbff"", ""pages"": [22], ""locator"": ""Compound drawing and associated NMR spectrum: D24""}]","[{""product_label"": ""24b"", ""percent"": 71, ""from_label"": ""24a"", ""scope"": ""Reported preparation yield; mixture components are not assigned individual yields.""}]","[""D24.1""]",forward_synthesis,False,False,1,pending_independent_chemist_review,
"[""Ru(bpy)3Cl2.6H2O"", ""MeSO3H"", ""O2"", ""whiteLED""]","[""DCM"", ""MeOH""]",,,D25,"[""25a""]","[""25b""]",CC1(C)CCC2=C(C1)C1=CC[C@@H]3[C@@]4(C)CCC(=NO)C(C)(C)[C@@H]4CC[C@@]3(C)[C@]1(C)CC2>>CC1(C)CC[C@]2(O)CC[C@]3(C)C(=CC[C@@H]4[C@@]5(C)CCC(=NO)C(C)(C)[C@@H]5CC[C@]43C)C(=O)[C@@H]12,"[{""source_id"": ""article"", ""sha256"": ""00fbe2030220be39a5ed0ec58c7e637232a42f462dde766fe467f0330720d3eb"", ""pages"": [7], ""locator"": ""Main experimental section / scheme: D25""}, {""source_id"": ""si"", ""sha256"": ""e1e806653844c48a752775f11d24dec80de046ded44c8c6a122c34f79ea5dbff"", ""pages"": [22], ""locator"": ""Compound drawing and associated NMR spectrum: D25""}]","[{""product_label"": ""25b"", ""percent"": 69, ""from_label"": ""25a"", ""scope"": ""Reported preparation yield; mixture components are not assigned individual yields.""}]","[""D25.1""]",forward_synthesis,False,False,1,pending_independent_chemist_review,
"[""Ru(bpy)3Cl2.6H2O"", ""MeSO3H"", ""O2"", ""whiteLED""]","[""DCM"", ""MeOH""]",,,D26,"[""26a""]","[""26b""]",C#CCCC(=O)O[C@H]1CC[C@]2(C)[C@H]3CC=C4C5=C(CCC(C)(C)C5)CC[C@@]4(C)[C@]3(C)CC[C@H]2C1(C)C>>C#CCCC(=O)O[C@H]1CC[C@]2(C)[C@H]3CC=C4C(=O)[C@H]5C(C)(C)CC[C@]5(O)CC[C@@]4(C)[C@]3(C)CC[C@H]2C1(C)C,"[{""source_id"": ""article"", ""sha256"": ""00fbe2030220be39a5ed0ec58c7e637232a42f462dde766fe467f0330720d3eb"", ""pages"": [7], ""locator"": ""Main experimental section / scheme: D26""}, {""source_id"": ""si"", ""sha256"": ""e1e806653844c48a752775f11d24dec80de046ded44c8c6a122c34f79ea5dbff"", ""pages"": [22], ""locator"": ""Compound drawing and associated NMR spectrum: D26""}]","[{""product_label"": ""26b"", ""percent"": 76, ""from_label"": ""26a"", ""scope"": ""Reported preparation yield; mixture components are not assigned individual yields.""}]","[""D26.1""]",forward_synthesis,False,False,1,pending_independent_chemist_review,
"[""Ru(bpy)3Cl2.6H2O"", ""MeSO3H"", ""O2"", ""whiteLED""]","[""DCM"", ""MeOH""]",,,D27,"[""27a""]","[""27b""]",COCO[C@H]1CC[C@]2(C)[C@H]3CC=C4C5=C(CCC(C)(C)C5)CC[C@@]4(C)[C@]3(C)CC[C@H]2C1(C)C>>COCO[C@H]1CC[C@]2(C)[C@H]3CC=C4C(=O)[C@H]5C(C)(C)CC[C@]5(O)CC[C@@]4(C)[C@]3(C)CC[C@H]2C1(C)C,"[{""source_id"": ""article"", ""sha256"": ""00fbe2030220be39a5ed0ec58c7e637232a42f462dde766fe467f0330720d3eb"", ""pages"": [7], ""locator"": ""Main experimental section / scheme: D27""}, {""source_id"": ""si"", ""sha256"": ""e1e806653844c48a752775f11d24dec80de046ded44c8c6a122c34f79ea5dbff"", ""pages"": [23], ""locator"": ""Compound drawing and associated NMR spectrum: D27""}]","[{""product_label"": ""27b"", ""percent"": 72, ""from_label"": ""27a"", ""scope"": ""Reported preparation yield; mixture components are not assigned individual yields.""}]","[""D27.1""]",forward_synthesis,False,False,1,pending_independent_chemist_review,
"[""TPP"", ""O2"", ""whiteLED"", ""MeSO3H""]","[""CCl4""]",,"[{""stage"": 1, ""description"": ""Photooxygenation""}, {""stage"": 2, ""description"": ""Acid-induced skeletal editing""}]",E28,"[""28a""]","[""28b""]",CC(=O)O[C@H]1CC[C@@]2(C)C(=CC[C@@H]3[C@@H]2CC[C@]2(C)C(=O)CC[C@@H]32)C1>>CC(=O)O[C@H]1CC[C@]2(C)[C@H]3CC[C@]4(C)C(=O)CC[C@H]4[C@@H]3[C@@H](C=O)[C@]2(O)C1,"[{""source_id"": ""article"", ""sha256"": ""00fbe2030220be39a5ed0ec58c7e637232a42f462dde766fe467f0330720d3eb"", ""pages"": [7], ""locator"": ""Main experimental section / scheme: E28""}, {""source_id"": ""si"", ""sha256"": ""e1e806653844c48a752775f11d24dec80de046ded44c8c6a122c34f79ea5dbff"", ""pages"": [23], ""locator"": ""Compound drawing and associated NMR spectrum: E28""}]","[{""product_label"": ""28b"", ""percent"": 77, ""from_label"": ""28a"", ""scope"": ""Reported preparation yield; mixture components are not assigned individual yields.""}]","[""E28.1""]",forward_synthesis,False,False,2,pending_independent_chemist_review,
"[""TPP"", ""O2"", ""whiteLED"", ""MeSO3H""]","[""CCl4""]",,"[{""stage"": 1, ""description"": ""Photooxygenation""}, {""stage"": 2, ""description"": ""Acid-induced skeletal editing""}]",E29,"[""29a""]","[""29b""]",C[C@H](CO)[C@H]1CC[C@H]2[C@@H]3CC=C4C[C@@H](O)CC[C@]4(C)[C@H]3CC[C@]12C>>C[C@H](CO)[C@H]1CC[C@H]2[C@@H]3[C@@H](C=O)[C@]4(O)C[C@@H](O)CC[C@]4(C)[C@H]3CC[C@]12C,"[{""source_id"": ""article"", ""sha256"": ""00fbe2030220be39a5ed0ec58c7e637232a42f462dde766fe467f0330720d3eb"", ""pages"": [7], ""locator"": ""Main experimental section / scheme: E29""}, {""source_id"": ""si"", ""sha256"": ""e1e806653844c48a752775f11d24dec80de046ded44c8c6a122c34f79ea5dbff"", ""pages"": [24], ""locator"": ""Compound drawing and associated NMR spectrum: E29""}]","[{""product_label"": ""29b"", ""percent"": 73, ""from_label"": ""29a"", ""scope"": ""Reported preparation yield; mixture components are not assigned individual yields.""}]","[""E29.1""]",forward_synthesis,False,False,2,pending_independent_chemist_review,
"[""TPP"", ""O2"", ""whiteLED"", ""MeSO3H""]","[""CCl4""]",,"[{""stage"": 1, ""description"": ""Photooxygenation""}, {""stage"": 2, ""description"": ""Acid-induced skeletal editing""}]",E30,"[""30a""]","[""3""]",C[C@@H]1CC[C@@]2(OC1)O[C@H]1C[C@H]3[C@@H]4CC=C5C[C@@H](O)CC[C@]5(C)[C@H]4CC[C@]3(C)[C@H]1[C@@H]2C>>C[C@@H]1CC[C@@]2(OC1)O[C@H]1C[C@H]3[C@@H]4[C@@H](C=O)[C@]5(O)C[C@@H](O)CC[C@]5(C)[C@H]4CC[C@]3(C)[C@H]1[C@@H]2C,"[{""source_id"": ""article"", ""sha256"": ""00fbe2030220be39a5ed0ec58c7e637232a42f462dde766fe467f0330720d3eb"", ""pages"": [7], ""locator"": ""Main experimental section / scheme: E30""}, {""source_id"": ""si"", ""sha256"": ""e1e806653844c48a752775f11d24dec80de046ded44c8c6a122c34f79ea5dbff"", ""pages"": [24], ""locator"": ""Compound drawing and associated NMR spectrum: E30""}]","[{""product_label"": ""3"", ""percent"": 47, ""from_label"": ""30a"", ""scope"": ""Reported preparation yield; mixture components are not assigned individual yields.""}]","[""E30.1""]",forward_synthesis,False,False,2,pending_independent_chemist_review,
"[""TPP"", ""O2"", ""whiteLED"", ""MeSO3H""]","[""CCl4""]",,"[{""stage"": 1, ""description"": ""Photooxygenation""}, {""stage"": 2, ""description"": ""Acid-induced skeletal editing""}]",E31,"[""31a""]","[""31b""]",C1CCC2=C(C1)CCCC2>>O=C1CCCCC2=C1CCC2,"[{""source_id"": ""article"", ""sha256"": ""00fbe2030220be39a5ed0ec58c7e637232a42f462dde766fe467f0330720d3eb"", ""pages"": [7], ""locator"": ""Main experimental section / scheme: E31""}, {""source_id"": ""si"", ""sha256"": ""e1e806653844c48a752775f11d24dec80de046ded44c8c6a122c34f79ea5dbff"", ""pages"": [26], ""locator"": ""Compound drawing and associated NMR spectrum: E31""}]","[{""product_label"": ""31b"", ""percent"": 86, ""from_label"": ""31a"", ""scope"": ""Reported preparation yield; mixture components are not assigned individual yields.""}]","[""E31.1""]",forward_synthesis,False,False,2,pending_independent_chemist_review,
"[""TPP"", ""O2"", ""whiteLED"", ""MeSO3H""]","[""CCl4""]",,"[{""stage"": 1, ""description"": ""Photooxygenation""}, {""stage"": 2, ""description"": ""Acid-induced skeletal editing""}]",E32,"[""32a""]","[""32b""]",CCOC(=O)C1(C(=O)OCC)C[C@H]2CC3=C(CCCC3)C[C@H]2C1>>CCOC(=O)C1(C(=O)OCC)C[C@@H]2CC3=C(C(=O)CCCC3)[C@@H]2C1,"[{""source_id"": ""article"", ""sha256"": ""00fbe2030220be39a5ed0ec58c7e637232a42f462dde766fe467f0330720d3eb"", ""pages"": [7], ""locator"": ""Main experimental section / scheme: E32""}, {""source_id"": ""si"", ""sha256"": ""e1e806653844c48a752775f11d24dec80de046ded44c8c6a122c34f79ea5dbff"", ""pages"": [26], ""locator"": ""Compound drawing and associated NMR spectrum: E32""}]","[{""product_label"": ""32b"", ""percent"": 63, ""from_label"": ""32a"", ""scope"": ""Reported preparation yield; mixture components are not assigned individual yields.""}]","[""E32.1""]",forward_synthesis,False,False,2,pending_independent_chemist_review,
"[""TPP"", ""O2"", ""whiteLED"", ""MeSO3H""]","[""CCl4""]",,"[{""stage"": 1, ""description"": ""Photooxygenation""}, {""stage"": 2, ""description"": ""Acid-induced skeletal editing""}]",E33,"[""33a""]","[""33b""]",C1CCC2=C(C1)C[C@H]1COC[C@H]1C2>>O=C1CCCCC2=C1C[C@H]1COC[C@@H]21,"[{""source_id"": ""article"", ""sha256"": ""00fbe2030220be39a5ed0ec58c7e637232a42f462dde766fe467f0330720d3eb"", ""pages"": [7], ""locator"": ""Main experimental section / scheme: E33""}, {""source_id"": ""si"", ""sha256"": ""e1e806653844c48a752775f11d24dec80de046ded44c8c6a122c34f79ea5dbff"", ""pages"": [27], ""locator"": ""Compound drawing and associated NMR spectrum: E33""}]","[{""product_label"": ""33b"", ""percent"": 76, ""from_label"": ""33a"", ""scope"": ""Reported preparation yield; mixture components are not assigned individual yields.""}]","[""E33.1""]",forward_synthesis,False,False,2,pending_independent_chemist_review,
"[""LiAlH4"", ""TsCl"", ""Et3N"", ""tBuOK""]","[""THF"", ""DCM"", ""DMSO""]",Noindividualyield;23%over5steps toS5,"[{""stage"": 1, ""description"": ""Anhydride reduction""}, {""stage"": 2, ""description"": ""Ditosylation""}, {""stage"": 3, ""description"": ""Elimination""}]",F01,"[""tetrahydrophthalic-anhydride""]","[""S4""]",O=C1OC(=O)C2=C1CCCC2>>C=C1CCCCC1=C,"[{""source_id"": ""article"", ""sha256"": ""00fbe2030220be39a5ed0ec58c7e637232a42f462dde766fe467f0330720d3eb"", ""pages"": [7], ""locator"": ""Main experimental section / scheme: F01""}, {""source_id"": ""si"", ""sha256"": ""e1e806653844c48a752775f11d24dec80de046ded44c8c6a122c34f79ea5dbff"", ""pages"": [24, 25], ""locator"": ""Compound drawing and associated NMR spectrum: F01""}]",[],"[""F01.1""]",forward_synthesis,False,False,3,pending_independent_chemist_review,
"[""BHT"", ""LiAlH4""]","[""toluene"", ""THF""]",23%over5steps including F01;not two-stepyield,"[{""stage"": 1, ""description"": ""Diels-Alder""}, {""stage"": 2, ""description"": ""Anhydride reduction""}]",F02,"[""S4"", ""maleic-anhydride""]","[""S5""]",C=C1CCCCC1=C.O=C1C=CC(=O)O1>>OC[C@@H]1CC2=C(CCCC2)C[C@@H]1CO,"[{""source_id"": ""article"", ""sha256"": ""00fbe2030220be39a5ed0ec58c7e637232a42f462dde766fe467f0330720d3eb"", ""pages"": [7], ""locator"": ""Main experimental section / scheme: F02""}, {""source_id"": ""si"", ""sha256"": ""e1e806653844c48a752775f11d24dec80de046ded44c8c6a122c34f79ea5dbff"", ""pages"": [24, 25], ""locator"": ""Compound drawing and associated NMR spectrum: F02""}]",[],"[""F02.1""]",forward_synthesis,False,False,2,pending_independent_chemist_review,23
"[""TsCl"", ""Et3N"", ""diethyl malonate"", ""NaH""]","[""DCM"", ""DMF""]",Twooperationscombined,"[{""stage"": 1, ""description"": ""Ditosylation""}, {""stage"": 2, ""description"": ""Double alkylation""}]",F03,"[""S5""]","[""32a""]",OC[C@@H]1CC2=C(CCCC2)C[C@@H]1CO>>CCOC(=O)C1(C(=O)OCC)C[C@H]2CC3=C(CCCC3)C[C@H]2C1,"[{""source_id"": ""article"", ""sha256"": ""00fbe2030220be39a5ed0ec58c7e637232a42f462dde766fe467f0330720d3eb"", ""pages"": [7], ""locator"": ""Main experimental section / scheme: F03""}, {""source_id"": ""si"", ""sha256"": ""e1e806653844c48a752775f11d24dec80de046ded44c8c6a122c34f79ea5dbff"", ""pages"": [25], ""locator"": ""Compound drawing and associated NMR spectrum: F03""}]","[{""product_label"": ""32a"", ""percent"": 39, ""from_label"": ""S5"", ""scope"": ""Twooperationscombined""}]","[""F03.1""]",forward_synthesis,False,False,2,pending_independent_chemist_review,
"[""TsCl"", ""Et3N""]","[""DCM""]",,,F04,"[""S5""]","[""33a""]",OC[C@@H]1CC2=C(CCCC2)C[C@@H]1CO>>C1CCC2=C(C1)C[C@H]1COC[C@H]1C2,"[{""source_id"": ""article"", ""sha256"": ""00fbe2030220be39a5ed0ec58c7e637232a42f462dde766fe467f0330720d3eb"", ""pages"": [7], ""locator"": ""Main experimental section / scheme: F04""}, {""source_id"": ""si"", ""sha256"": ""e1e806653844c48a752775f11d24dec80de046ded44c8c6a122c34f79ea5dbff"", ""pages"": [26], ""locator"": ""Compound drawing and associated NMR spectrum: F04""}]","[{""product_label"": ""33a"", ""percent"": 86, ""from_label"": ""S5"", ""scope"": ""Reported preparation yield; mixture components are not assigned individual yields.""}]","[""F04.1""]",forward_synthesis,False,False,1,pending_independent_chemist_review,
"[""MesAcr.BF4"", ""O2"", ""blueLED"", ""MeSO3H""]","[""MeOH"", ""CH2Br2""]",Isolatedindividualproductsfromonepotsequence,"[{""stage"": 1, ""description"": ""Allylic photooxygenation,transient35""}, {""stage"": 2, ""description"": ""Acid rearrangement""}]",G01,"[""34""]","[""4"", ""S6"", ""S7""]",CC(=O)O[C@H]1CC[C@]2(C)[C@H]3CC=C4[C@@H]5CC(C)(C)CC[C@]5(C)CC[C@@]4(C)[C@]3(C)CC[C@H]2C1(C)C>>CC(=O)O[C@H]1CC[C@]2(C)[C@H]3C(=O)C=C4[C@@H]5CC(C)(C)CC[C@]5(C)CC[C@@]4(C)[C@]3(C)CC[C@H]2C1(C)C.CC(=O)O[C@H]1CC[C@]2(C)[C@H]3[C@@H]4O[C@@H]4[C@]4(C)C(=CC[C@@]5(C)CCC(C)(C)C[C@H]54)[C@]3(C)CC[C@H]2C1(C)C.CO[C@@H]1C=C2[C@@H]3CC(C)(C)CC[C@]3(C)CC[C@@]2(C)[C@]2(C)CC[C@H]3C(C)(C)[C@@H](OC(C)=O)CC[C@]3(C)[C@@H]12,"[{""source_id"": ""article"", ""sha256"": ""00fbe2030220be39a5ed0ec58c7e637232a42f462dde766fe467f0330720d3eb"", ""pages"": [7], ""locator"": ""Main experimental section / scheme: G01""}, {""source_id"": ""si"", ""sha256"": ""e1e806653844c48a752775f11d24dec80de046ded44c8c6a122c34f79ea5dbff"", ""pages"": [27], ""locator"": ""Compound drawing and associated NMR spectrum: G01""}]","[{""product_label"": ""4"", ""percent"": 40, ""from_label"": ""34"", ""scope"": ""Isolatedindividualproductsfromonepotsequence""}, {""product_label"": ""S6"", ""percent"": 19, ""from_label"": ""34"", ""scope"": ""Isolatedindividualproductsfromonepotsequence""}, {""product_label"": ""S7"", ""percent"": 25, ""from_label"": ""34"", ""scope"": ""Isolatedindividualproductsfromonepotsequence""}]","[""G01.1""]",forward_synthesis,False,False,2,pending_independent_chemist_review,
"[""TFA(0.5eq)""]","[""DCM""]",,,control-TFA-half,"[""8""]","[""10"", ""11""]",CC(=O)O[C@H]1CC[C@]2(C)[C@H]3CC=C4C(=O)CC(C)(C)CCC(=O)CC[C@@]4(C)[C@]3(C)CC[C@H]2C1(C)C>>CC(=O)O[C@H]1CC[C@]2(C)[C@H]3CC=C4C5=C(C[C@@]4(C)[C@]3(C)CC[C@H]2C1(C)C)C(=O)CCC(C)(C)C5.CC(=O)O[C@H]1CC[C@]2(C)[C@H]3CC=C4[C@@]5(O)CC(C)(C)CCC(=O)[C@@H]5C[C@@]4(C)[C@]3(C)CC[C@H]2C1(C)C,"[{""source_id"": ""article"", ""sha256"": ""00fbe2030220be39a5ed0ec58c7e637232a42f462dde766fe467f0330720d3eb"", ""pages"": [4], ""locator"": ""Main experimental section / scheme: control-TFA-half""}, {""source_id"": ""si"", ""sha256"": ""e1e806653844c48a752775f11d24dec80de046ded44c8c6a122c34f79ea5dbff"", ""pages"": [4], ""locator"": ""Compound drawing and associated NMR spectrum: control-TFA-half""}]","[{""product_label"": ""10"", ""percent"": 11, ""from_label"": ""8"", ""scope"": ""Reported preparation yield; mixture components are not assigned individual yields.""}, {""product_label"": ""11"", ""percent"": 57, ""from_label"": ""8"", ""scope"": ""Reported preparation yield; mixture components are not assigned individual yields.""}]","[""control-TFA-half.1""]",forward_synthesis,False,False,1,pending_independent_chemist_review,
"[""FeCl3""]","[""DCM""]",,,control-FeCl3,"[""8""]","[""10""]",CC(=O)O[C@H]1CC[C@]2(C)[C@H]3CC=C4C(=O)CC(C)(C)CCC(=O)CC[C@@]4(C)[C@]3(C)CC[C@H]2C1(C)C>>CC(=O)O[C@H]1CC[C@]2(C)[C@H]3CC=C4[C@@]5(O)CC(C)(C)CCC(=O)[C@@H]5C[C@@]4(C)[C@]3(C)CC[C@H]2C1(C)C,"[{""source_id"": ""article"", ""sha256"": ""00fbe2030220be39a5ed0ec58c7e637232a42f462dde766fe467f0330720d3eb"", ""pages"": [4], ""locator"": ""Main experimental section / scheme: control-FeCl3""}, {""source_id"": ""si"", ""sha256"": ""e1e806653844c48a752775f11d24dec80de046ded44c8c6a122c34f79ea5dbff"", ""pages"": [4], ""locator"": ""Compound drawing and associated NMR spectrum: control-FeCl3""}]","[{""product_label"": ""10"", ""percent"": 55, ""from_label"": ""8"", ""scope"": ""Reported preparation yield; mixture components are not assigned individual yields.""}]","[""control-FeCl3.1""]",forward_synthesis,False,False,1,pending_independent_chemist_review,
"[""Ti(OnBu)4""]","[""DCM""]",,,control-Ti,"[""8""]","[""10"", ""11""]",CC(=O)O[C@H]1CC[C@]2(C)[C@H]3CC=C4C(=O)CC(C)(C)CCC(=O)CC[C@@]4(C)[C@]3(C)CC[C@H]2C1(C)C>>CC(=O)O[C@H]1CC[C@]2(C)[C@H]3CC=C4C5=C(C[C@@]4(C)[C@]3(C)CC[C@H]2C1(C)C)C(=O)CCC(C)(C)C5.CC(=O)O[C@H]1CC[C@]2(C)[C@H]3CC=C4[C@@]5(O)CC(C)(C)CCC(=O)[C@@H]5C[C@@]4(C)[C@]3(C)CC[C@H]2C1(C)C,"[{""source_id"": ""article"", ""sha256"": ""00fbe2030220be39a5ed0ec58c7e637232a42f462dde766fe467f0330720d3eb"", ""pages"": [4], ""locator"": ""Main experimental section / scheme: control-Ti""}, {""source_id"": ""si"", ""sha256"": ""e1e806653844c48a752775f11d24dec80de046ded44c8c6a122c34f79ea5dbff"", ""pages"": [4], ""locator"": ""Compound drawing and associated NMR spectrum: control-Ti""}]","[{""product_label"": ""10"", ""percent"": 29, ""from_label"": ""8"", ""scope"": ""Reported preparation yield; mixture components are not assigned individual yields.""}, {""product_label"": ""11"", ""percent"": 56, ""from_label"": ""8"", ""scope"": ""Reported preparation yield; mixture components are not assigned individual yields.""}]","[""control-Ti.1""]",forward_synthesis,False,False,1,pending_independent_chemist_review,
"[""basicAl2O3""]","[""DCM""]",,,control-alumina,"[""8""]","[""10""]",CC(=O)O[C@H]1CC[C@]2(C)[C@H]3CC=C4C(=O)CC(C)(C)CCC(=O)CC[C@@]4(C)[C@]3(C)CC[C@H]2C1(C)C>>CC(=O)O[C@H]1CC[C@]2(C)[C@H]3CC=C4[C@@]5(O)CC(C)(C)CCC(=O)[C@@H]5C[C@@]4(C)[C@]3(C)CC[C@H]2C1(C)C,"[{""source_id"": ""article"", ""sha256"": ""00fbe2030220be39a5ed0ec58c7e637232a42f462dde766fe467f0330720d3eb"", ""pages"": [4], ""locator"": ""Main experimental section / scheme: control-alumina""}, {""source_id"": ""si"", ""sha256"": ""e1e806653844c48a752775f11d24dec80de046ded44c8c6a122c34f79ea5dbff"", ""pages"": [4], ""locator"": ""Compound drawing and associated NMR spectrum: control-alumina""}]","[{""product_label"": ""10"", ""percent"": 64, ""from_label"": ""8"", ""scope"": ""Reported preparation yield; mixture components are not assigned individual yields.""}]","[""control-alumina.1""]",forward_synthesis,False,False,1,pending_independent_chemist_review,
