label,reported_neutral_formula,neutral_formula_match,reported_adduct,graph_scope,calculated_mz_reported,found_mz_reported,graph_derived_mz,reported_calculated_mz_consistent,found_mass_error_ppm,source_references
rac-17a,C13H24OSi,True,Na,Full molecular graph,247.1494,247.1493,247.14886262,True,1.7697026617308178,"[{""source_id"": ""si"", ""sha256"": ""272c537417304be4d8b55f4356e5eb73a4f1b89cd6cd840cd182953e215dbb28"", ""pages"": [3], ""locator"": ""SI PDF page: HRMS rac-17a""}]"
16a,C13H22OSi,True,H,Full molecular graph,223.1518,223.1518,223.15126832099998,True,2.382594569298072,"[{""source_id"": ""si"", ""sha256"": ""272c537417304be4d8b55f4356e5eb73a4f1b89cd6cd840cd182953e215dbb28"", ""pages"": [3], ""locator"": ""SI PDF page: HRMS 16a""}]"
6a,C18H24O2,True,M,Full molecular graph,272.1776,272.1776,272.177081428,True,1.9052743061800643,"[{""source_id"": ""si"", ""sha256"": ""272c537417304be4d8b55f4356e5eb73a4f1b89cd6cd840cd182953e215dbb28"", ""pages"": [4], ""locator"": ""SI PDF page: HRMS 6a""}]"
10,C13H22O4,True,Na,Full molecular graph,265.1416,265.1416,265.141029886,True,2.150229258048881,"[{""source_id"": ""si"", ""sha256"": ""272c537417304be4d8b55f4356e5eb73a4f1b89cd6cd840cd182953e215dbb28"", ""pages"": [5], ""locator"": ""SI PDF page: HRMS 10""}]"
S1,C27H30O6,True,H,Full molecular graph,451.2121,451.212,451.21151514699994,True,1.0745581257781056,"[{""source_id"": ""si"", ""sha256"": ""272c537417304be4d8b55f4356e5eb73a4f1b89cd6cd840cd182953e215dbb28"", ""pages"": [5], ""locator"": ""SI PDF page: HRMS S1""}]"
9,C13H24O4,True,Na,Full molecular graph,267.1572,267.1572,267.15667995,True,1.9466105061444694,"[{""source_id"": ""si"", ""sha256"": ""272c537417304be4d8b55f4356e5eb73a4f1b89cd6cd840cd182953e215dbb28"", ""pages"": [6], ""locator"": ""SI PDF page: HRMS 9""}]"
syn-9,C13H24O4,True,Na,Full molecular graph,267.1572,267.1572,267.15667995,True,1.9466105061444694,"[{""source_id"": ""si"", ""sha256"": ""272c537417304be4d8b55f4356e5eb73a4f1b89cd6cd840cd182953e215dbb28"", ""pages"": [6], ""locator"": ""SI PDF page: HRMS syn-9""}]"
S2,C12H20O3,True,Na,Full molecular graph,235.131,235.1309,235.130465202,True,1.849177645324796,"[{""source_id"": ""si"", ""sha256"": ""272c537417304be4d8b55f4356e5eb73a4f1b89cd6cd840cd182953e215dbb28"", ""pages"": [7], ""locator"": ""SI PDF page: HRMS S2""}]"
8,C18H34O3Si,True,Na,Full molecular graph,349.2175,349.2175,349.21694217999993,True,1.597345181931317,"[{""source_id"": ""si"", ""sha256"": ""272c537417304be4d8b55f4356e5eb73a4f1b89cd6cd840cd182953e215dbb28"", ""pages"": [7], ""locator"": ""SI PDF page: HRMS 8""}]"
S3,C18H38O3Si,True,H,Full molecular graph,331.2668,331.2668,331.266298073,True,1.5151767714853956,"[{""source_id"": ""si"", ""sha256"": ""272c537417304be4d8b55f4356e5eb73a4f1b89cd6cd840cd182953e215dbb28"", ""pages"": [8], ""locator"": ""SI PDF page: HRMS S3""}]"
18,C23H46O4Si,True,H,Full molecular graph,415.3244,415.3243,415.323812949,True,1.172701840847858,"[{""source_id"": ""si"", ""sha256"": ""272c537417304be4d8b55f4356e5eb73a4f1b89cd6cd840cd182953e215dbb28"", ""pages"": [8], ""locator"": ""SI PDF page: HRMS 18""}]"
19,C25H50O5Si,True,Na,Full molecular graph,481.3325,481.3325,481.33197193199993,True,1.0970972859571648,"[{""source_id"": ""si"", ""sha256"": ""272c537417304be4d8b55f4356e5eb73a4f1b89cd6cd840cd182953e215dbb28"", ""pages"": [8], ""locator"": ""SI PDF page: HRMS 19""}]"
7,C20H41IO3Si,True,Na,Full molecular graph,507.1767,507.1767,507.17619040399995,True,1.0047711420030392,"[{""source_id"": ""si"", ""sha256"": ""272c537417304be4d8b55f4356e5eb73a4f1b89cd6cd840cd182953e215dbb28"", ""pages"": [9], ""locator"": ""SI PDF page: HRMS 7""}]"
20a,C38H64O5Si,True,Na,Full molecular graph,651.4421,651.442,651.4415223799999,True,0.7331740204990005,"[{""source_id"": ""si"", ""sha256"": ""272c537417304be4d8b55f4356e5eb73a4f1b89cd6cd840cd182953e215dbb28"", ""pages"": [9], ""locator"": ""SI PDF page: HRMS 20a""}]"
20b,C36H62O5Si,True,Na,Full molecular graph,625.4264,625.4265,625.425872316,True,1.0036105441666723,"[{""source_id"": ""si"", ""sha256"": ""272c537417304be4d8b55f4356e5eb73a4f1b89cd6cd840cd182953e215dbb28"", ""pages"": [9], ""locator"": ""SI PDF page: HRMS 20b""}]"
21a,C30H56O4Si,True,Na,Full molecular graph,531.3846,531.3846,531.384007504,True,1.115005328727377,"[{""source_id"": ""si"", ""sha256"": ""272c537417304be4d8b55f4356e5eb73a4f1b89cd6cd840cd182953e215dbb28"", ""pages"": [10], ""locator"": ""SI PDF page: HRMS 21a""}]"
21b,C28H54O4Si,True,Na,Full molecular graph,505.3689,505.3689,505.36835743999995,True,1.0735931366786726,"[{""source_id"": ""si"", ""sha256"": ""272c537417304be4d8b55f4356e5eb73a4f1b89cd6cd840cd182953e215dbb28"", ""pages"": [10], ""locator"": ""SI PDF page: HRMS 21b""}]"
22a,C38H59NO5Si,True,Na,Full molecular graph,660.406,660.406,660.40547122,True,0.8006899140174722,"[{""source_id"": ""si"", ""sha256"": ""272c537417304be4d8b55f4356e5eb73a4f1b89cd6cd840cd182953e215dbb28"", ""pages"": [10], ""locator"": ""SI PDF page: HRMS 22a""}]"
22b,C36H57NO5Si,True,Na,Full molecular graph,634.3904,634.3904,634.3898211559999,True,0.9124421306436761,"[{""source_id"": ""si"", ""sha256"": ""272c537417304be4d8b55f4356e5eb73a4f1b89cd6cd840cd182953e215dbb28"", ""pages"": [11], ""locator"": ""SI PDF page: HRMS 22b""}]"
23a,C41H75N3O7Si,True,H,Full molecular graph,750.5453,750.5453,750.544704737,True,0.7931079871453177,"[{""source_id"": ""si"", ""sha256"": ""272c537417304be4d8b55f4356e5eb73a4f1b89cd6cd840cd182953e215dbb28"", ""pages"": [11], ""locator"": ""SI PDF page: HRMS 23a""}]"
23b,C39H73N3O7Si,True,H,Full molecular graph,724.5296,724.5294,724.5290546729999,True,0.47662270805750506,"[{""source_id"": ""si"", ""sha256"": ""272c537417304be4d8b55f4356e5eb73a4f1b89cd6cd840cd182953e215dbb28"", ""pages"": [12], ""locator"": ""SI PDF page: HRMS 23b""}]"
S4,C35H61N3O7,True,H,Full molecular graph,636.4588,636.4587,636.458227759,True,0.7419827090209704,"[{""source_id"": ""si"", ""sha256"": ""272c537417304be4d8b55f4356e5eb73a4f1b89cd6cd840cd182953e215dbb28"", ""pages"": [12], ""locator"": ""SI PDF page: HRMS S4""}]"
5a,C36H63N3O9S,True,H,Full molecular graph,714.4363,714.4362,714.4357780630002,True,0.5905877236049749,"[{""source_id"": ""si"", ""sha256"": ""272c537417304be4d8b55f4356e5eb73a4f1b89cd6cd840cd182953e215dbb28"", ""pages"": [12], ""locator"": ""SI PDF page: HRMS 5a""}]"
S5,C33H59N3O7,True,H,Full molecular graph,610.4431,610.4431,610.4425776949998,True,0.85561692320011,"[{""source_id"": ""si"", ""sha256"": ""272c537417304be4d8b55f4356e5eb73a4f1b89cd6cd840cd182953e215dbb28"", ""pages"": [13], ""locator"": ""SI PDF page: HRMS S5""}]"
5b,C34H61N3O9S,True,H,Full molecular graph,688.4207,688.4208,688.420127999,True,0.9761495526741287,"[{""source_id"": ""si"", ""sha256"": ""272c537417304be4d8b55f4356e5eb73a4f1b89cd6cd840cd182953e215dbb28"", ""pages"": [13], ""locator"": ""SI PDF page: HRMS 5b""}]"
24,C32H53N3O6,True,H,Full molecular graph,576.4013,576.4012,576.400712883,True,0.8451013143231636,"[{""source_id"": ""si"", ""sha256"": ""272c537417304be4d8b55f4356e5eb73a4f1b89cd6cd840cd182953e215dbb28"", ""pages"": [14], ""locator"": ""SI PDF page: HRMS 24""}]"
S6,C37H61N3O8,True,H,Full molecular graph,676.4537,676.4536,676.4531423789999,True,0.676500664205445,"[{""source_id"": ""si"", ""sha256"": ""272c537417304be4d8b55f4356e5eb73a4f1b89cd6cd840cd182953e215dbb28"", ""pages"": [14], ""locator"": ""SI PDF page: HRMS S6""}]"
3a,C36H59N3O8,True,H,Full molecular graph,662.438,662.438,662.437492315,True,0.7663892909021804,"[{""source_id"": ""si"", ""sha256"": ""272c537417304be4d8b55f4356e5eb73a4f1b89cd6cd840cd182953e215dbb28"", ""pages"": [14], ""locator"": ""SI PDF page: HRMS 3a""}]"
3b,C29H49N3O6,True,H,Full molecular graph,536.37,536.37,536.369412755,True,1.0948517683053622,"[{""source_id"": ""si"", ""sha256"": ""272c537417304be4d8b55f4356e5eb73a4f1b89cd6cd840cd182953e215dbb28"", ""pages"": [15], ""locator"": ""SI PDF page: HRMS 3b""}]"
S7,C56H94N6O14,True,H,Full molecular graph,1075.6906,1075.6906,1075.6900781550003,True,0.48512579063125666,"[{""source_id"": ""si"", ""sha256"": ""272c537417304be4d8b55f4356e5eb73a4f1b89cd6cd840cd182953e215dbb28"", ""pages"": [15], ""locator"": ""SI PDF page: HRMS S7""}]"
2a,C29H50N6O4,True,H,Neutral parent excludes source-drawn two trifluoroacetate counterions for targets,547.3971,547.3972,547.3966305470001,True,1.0402932136115002,"[{""source_id"": ""si"", ""sha256"": ""272c537417304be4d8b55f4356e5eb73a4f1b89cd6cd840cd182953e215dbb28"", ""pages"": [16], ""locator"": ""SI PDF page: HRMS 2a""}]"
S8,C49H84N6O12,True,H,Full molecular graph,949.6225,949.6224,949.621998595,True,0.4226997695167369,"[{""source_id"": ""si"", ""sha256"": ""272c537417304be4d8b55f4356e5eb73a4f1b89cd6cd840cd182953e215dbb28"", ""pages"": [16], ""locator"": ""SI PDF page: HRMS S8""}]"
2b,C27H48N6O4,True,H,Neutral parent excludes source-drawn two trifluoroacetate counterions for targets,521.3815,521.3815,521.3809804830001,True,0.9964249162574593,"[{""source_id"": ""si"", ""sha256"": ""272c537417304be4d8b55f4356e5eb73a4f1b89cd6cd840cd182953e215dbb28"", ""pages"": [16], ""locator"": ""SI PDF page: HRMS 2b""}]"
