label,canonical_smiles,structure_basis,molecule_id,paper_label,name,canonical_isomeric_smiles,molecular_formula,exact_mass,source_references,depiction,role,review_status,formal_benchmark_eligible,admission_authority,stereo_status
D-malic-acid,O=C(O)C[C@@H](O)C(=O)O,source_drawing_transcription,mol-296585314c7d395c1da99bd43d2e2c15fd37b15aa21747aeb1b1ec6ad11135f0,D-malic-acid,SI compound D-malic-acid,O=C(O)C[C@@H](O)C(=O)O,C4H6O5,134.021523292,"[{""source_id"": ""article"", ""sha256"": ""575f953b3a7e27b2fcc3569f22f6e9a58f2a67129d85616cc000219761abca2c"", ""pages"": [2], ""locator"": ""Main experimental section / scheme: D-malic-acid""}, {""source_id"": ""si"", ""sha256"": ""a06783de3afe2cb87eca40d5405d9f1c95aec19f0bc5f32d46b03bc5473a92fa"", ""pages"": [5], ""locator"": ""Compound drawing and associated NMR spectrum: D-malic-acid""}]",structures/D-malic-acid.svg,route_compound,pending_independent_chemist_review,False,False,
L-malic-acid,O=C(O)C[C@H](O)C(=O)O,source_drawing_transcription,mol-0ccafbf9ae9a9684fc1cfb7e1fa3203f7560ea92e028a0cfb9e887a11af4a599,L-malic-acid,SI compound L-malic-acid,O=C(O)C[C@H](O)C(=O)O,C4H6O5,134.021523292,"[{""source_id"": ""article"", ""sha256"": ""575f953b3a7e27b2fcc3569f22f6e9a58f2a67129d85616cc000219761abca2c"", ""pages"": [3], ""locator"": ""Main experimental section / scheme: L-malic-acid""}, {""source_id"": ""si"", ""sha256"": ""a06783de3afe2cb87eca40d5405d9f1c95aec19f0bc5f32d46b03bc5473a92fa"", ""pages"": [5], ""locator"": ""Compound drawing and associated NMR spectrum: L-malic-acid""}]",structures/L-malic-acid.svg,route_compound,pending_independent_chemist_review,False,False,
R-21,OCC[C@@H](O)CO,source_drawing_transcription,mol-1b19857df93fffac1daaddaa8a9f5dd8c874a6269a99f6f34c4f42ef871734fa,R-21,SI compound R-21,OCC[C@@H](O)CO,C4H10O3,106.06299418,"[{""source_id"": ""article"", ""sha256"": ""575f953b3a7e27b2fcc3569f22f6e9a58f2a67129d85616cc000219761abca2c"", ""pages"": [2], ""locator"": ""Main experimental section / scheme: R-21""}, {""source_id"": ""si"", ""sha256"": ""a06783de3afe2cb87eca40d5405d9f1c95aec19f0bc5f32d46b03bc5473a92fa"", ""pages"": [5], ""locator"": ""Compound drawing and associated NMR spectrum: R-21""}]",structures/R-21.svg,route_compound,pending_independent_chemist_review,False,False,
S-21,OCC[C@H](O)CO,source_drawing_transcription,mol-096908200138a55e7ed71a1604183db615378b1c6da76706b06d2ac27a116cc6,S-21,SI compound S-21,OCC[C@H](O)CO,C4H10O3,106.06299418,"[{""source_id"": ""article"", ""sha256"": ""575f953b3a7e27b2fcc3569f22f6e9a58f2a67129d85616cc000219761abca2c"", ""pages"": [3], ""locator"": ""Main experimental section / scheme: S-21""}, {""source_id"": ""si"", ""sha256"": ""a06783de3afe2cb87eca40d5405d9f1c95aec19f0bc5f32d46b03bc5473a92fa"", ""pages"": [5], ""locator"": ""Compound drawing and associated NMR spectrum: S-21""}]",structures/S-21.svg,route_compound,pending_independent_chemist_review,False,False,
R-22,CC1(C)OC[C@@H](CCO)O1,source_drawing_transcription,mol-650a55905d42f01ebdc8ce9499b84d914bb416161e4cab95c127aa2fba8433c4,R-22,SI compound R-22,CC1(C)OC[C@@H](CCO)O1,C7H14O3,146.094294308,"[{""source_id"": ""article"", ""sha256"": ""575f953b3a7e27b2fcc3569f22f6e9a58f2a67129d85616cc000219761abca2c"", ""pages"": [2], ""locator"": ""Main experimental section / scheme: R-22""}, {""source_id"": ""si"", ""sha256"": ""a06783de3afe2cb87eca40d5405d9f1c95aec19f0bc5f32d46b03bc5473a92fa"", ""pages"": [5], ""locator"": ""Compound drawing and associated NMR spectrum: R-22""}]",structures/R-22.svg,route_compound,pending_independent_chemist_review,False,False,
S-22,CC1(C)OC[C@H](CCO)O1,source_drawing_transcription,mol-85bdfefe9c84ffd1ff6aa0d6b58d52e15a3786b9483fc2030f9af9498129ba03,S-22,SI compound S-22,CC1(C)OC[C@H](CCO)O1,C7H14O3,146.094294308,"[{""source_id"": ""article"", ""sha256"": ""575f953b3a7e27b2fcc3569f22f6e9a58f2a67129d85616cc000219761abca2c"", ""pages"": [3], ""locator"": ""Main experimental section / scheme: S-22""}, {""source_id"": ""si"", ""sha256"": ""a06783de3afe2cb87eca40d5405d9f1c95aec19f0bc5f32d46b03bc5473a92fa"", ""pages"": [5], ""locator"": ""Compound drawing and associated NMR spectrum: S-22""}]",structures/S-22.svg,route_compound,pending_independent_chemist_review,False,False,
R-5,CC1(C)OC[C@@H](CC=O)O1,source_drawing_transcription,mol-1f1728e8c790e4349cd1b23d92ff2392b3ccfd23e3ff917325f20fa461651c55,R-5,SI compound R-5,CC1(C)OC[C@@H](CC=O)O1,C7H12O3,144.078644244,"[{""source_id"": ""article"", ""sha256"": ""575f953b3a7e27b2fcc3569f22f6e9a58f2a67129d85616cc000219761abca2c"", ""pages"": [2], ""locator"": ""Main experimental section / scheme: R-5""}, {""source_id"": ""si"", ""sha256"": ""a06783de3afe2cb87eca40d5405d9f1c95aec19f0bc5f32d46b03bc5473a92fa"", ""pages"": [6], ""locator"": ""Compound drawing and associated NMR spectrum: R-5""}]",structures/R-5.svg,route_compound,pending_independent_chemist_review,False,False,
S-5,CC1(C)OC[C@H](CC=O)O1,source_drawing_transcription,mol-cb114f78bf7dbec68e4e5ed6cd0e4a7484ba28ac80ae3632f0cced364b79f7c7,S-5,SI compound S-5,CC1(C)OC[C@H](CC=O)O1,C7H12O3,144.078644244,"[{""source_id"": ""article"", ""sha256"": ""575f953b3a7e27b2fcc3569f22f6e9a58f2a67129d85616cc000219761abca2c"", ""pages"": [3], ""locator"": ""Main experimental section / scheme: S-5""}, {""source_id"": ""si"", ""sha256"": ""a06783de3afe2cb87eca40d5405d9f1c95aec19f0bc5f32d46b03bc5473a92fa"", ""pages"": [6], ""locator"": ""Compound drawing and associated NMR spectrum: S-5""}]",structures/S-5.svg,route_compound,pending_independent_chemist_review,False,False,
butenyl-MgBr,C=CC[CH2][Mg][Br],source_drawing_transcription,mol-a7e32b02ee3711bf7e2f4100d689744b232c0659959f0be42a008f2a01b4ffe8,butenyl-MgBr,SI compound butenyl-MgBr,C=CC[CH2][Mg][Br],C4H7BrMg,157.95815402399998,"[{""source_id"": ""article"", ""sha256"": ""575f953b3a7e27b2fcc3569f22f6e9a58f2a67129d85616cc000219761abca2c"", ""pages"": [2], ""locator"": ""Main experimental section / scheme: butenyl-MgBr""}, {""source_id"": ""si"", ""sha256"": ""a06783de3afe2cb87eca40d5405d9f1c95aec19f0bc5f32d46b03bc5473a92fa"", ""pages"": [6], ""locator"": ""Compound drawing and associated NMR spectrum: butenyl-MgBr""}]",structures/butenyl-MgBr.svg,route_compound,pending_independent_chemist_review,False,False,
ethynyl-MgBr,C#[C][Mg][Br],source_drawing_transcription,mol-44576cf97137ff18b81b0310d805b9f2013e2a90149cc5a68cb3bc3b32c4e813,ethynyl-MgBr,SI compound ethynyl-MgBr,C#[C][Mg][Br],C2HBrMg,127.911203832,"[{""source_id"": ""article"", ""sha256"": ""575f953b3a7e27b2fcc3569f22f6e9a58f2a67129d85616cc000219761abca2c"", ""pages"": [3], ""locator"": ""Main experimental section / scheme: ethynyl-MgBr""}, {""source_id"": ""si"", ""sha256"": ""a06783de3afe2cb87eca40d5405d9f1c95aec19f0bc5f32d46b03bc5473a92fa"", ""pages"": [10, 11], ""locator"": ""Compound drawing and associated NMR spectrum: ethynyl-MgBr""}]",structures/ethynyl-MgBr.svg,route_compound,pending_independent_chemist_review,False,False,
styrene,C=Cc1ccccc1,source_drawing_transcription,mol-5bdf773e4226f0515533bea1061c7590372d06518ac4f6df37b0c33baa82e9ff,styrene,SI compound styrene,C=Cc1ccccc1,C8H8,104.062600256,"[{""source_id"": ""article"", ""sha256"": ""575f953b3a7e27b2fcc3569f22f6e9a58f2a67129d85616cc000219761abca2c"", ""pages"": [3], ""locator"": ""Main experimental section / scheme: styrene""}, {""source_id"": ""si"", ""sha256"": ""a06783de3afe2cb87eca40d5405d9f1c95aec19f0bc5f32d46b03bc5473a92fa"", ""pages"": [17], ""locator"": ""Compound drawing and associated NMR spectrum: styrene""}]",structures/styrene.svg,route_compound,pending_independent_chemist_review,False,False,
methyl-propiolate,C#CC(=O)OC,source_drawing_transcription,mol-ac9786bb4924fc3ba30d86094ba5bd360e21f75476ee9649df0aba9cdb1fb5a4,methyl-propiolate,SI compound methyl-propiolate,C#CC(=O)OC,C4H4O2,84.021129368,"[{""source_id"": ""article"", ""sha256"": ""575f953b3a7e27b2fcc3569f22f6e9a58f2a67129d85616cc000219761abca2c"", ""pages"": [4], ""locator"": ""Main experimental section / scheme: methyl-propiolate""}, {""source_id"": ""si"", ""sha256"": ""a06783de3afe2cb87eca40d5405d9f1c95aec19f0bc5f32d46b03bc5473a92fa"", ""pages"": [20], ""locator"": ""Compound drawing and associated NMR spectrum: methyl-propiolate""}]",structures/methyl-propiolate.svg,route_compound,pending_independent_chemist_review,False,False,
6a,C=CCC[C@H](O)C[C@@H]1COC(C)(C)O1,source_drawing_transcription,mol-8cf8b03c8557fd4731298342a9b53b370e2b49dfdad212527dbfbe0a10597d7a,6a,SI compound 6a,C=CCC[C@H](O)C[C@@H]1COC(C)(C)O1,C11H20O3,200.1412445,"[{""source_id"": ""article"", ""sha256"": ""575f953b3a7e27b2fcc3569f22f6e9a58f2a67129d85616cc000219761abca2c"", ""pages"": [2], ""locator"": ""Main experimental section / scheme: 6a""}, {""source_id"": ""si"", ""sha256"": ""a06783de3afe2cb87eca40d5405d9f1c95aec19f0bc5f32d46b03bc5473a92fa"", ""pages"": [6, 7], ""locator"": ""Compound drawing and associated NMR spectrum: 6a""}]",structures/6a.svg,route_compound,pending_independent_chemist_review,False,False,
6b,C=CCC[C@@H](O)C[C@@H]1COC(C)(C)O1,source_drawing_transcription,mol-0d7257b672432533c842095c5e6a1d8850e2cf4e923ab14ef52454fbdb657adb,6b,SI compound 6b,C=CCC[C@@H](O)C[C@@H]1COC(C)(C)O1,C11H20O3,200.1412445,"[{""source_id"": ""article"", ""sha256"": ""575f953b3a7e27b2fcc3569f22f6e9a58f2a67129d85616cc000219761abca2c"", ""pages"": [2], ""locator"": ""Main experimental section / scheme: 6b""}, {""source_id"": ""si"", ""sha256"": ""a06783de3afe2cb87eca40d5405d9f1c95aec19f0bc5f32d46b03bc5473a92fa"", ""pages"": [6, 7], ""locator"": ""Compound drawing and associated NMR spectrum: 6b""}]",structures/6b.svg,route_compound,pending_independent_chemist_review,False,False,
7a,C=CCC[C@@H](C[C@@H]1COC(C)(C)O1)OCc1ccc(OC)cc1,source_drawing_transcription,mol-719349c691d964ca0398d153a8adcc91c9019b919f979914609df7b6c7aa32bb,7a,SI compound 7a,C=CCC[C@@H](C[C@@H]1COC(C)(C)O1)OCc1ccc(OC)cc1,C19H28O4,320.198759376,"[{""source_id"": ""article"", ""sha256"": ""575f953b3a7e27b2fcc3569f22f6e9a58f2a67129d85616cc000219761abca2c"", ""pages"": [2], ""locator"": ""Main experimental section / scheme: 7a""}, {""source_id"": ""si"", ""sha256"": ""a06783de3afe2cb87eca40d5405d9f1c95aec19f0bc5f32d46b03bc5473a92fa"", ""pages"": [8], ""locator"": ""Compound drawing and associated NMR spectrum: 7a""}]",structures/7a.svg,route_compound,pending_independent_chemist_review,False,False,
7b,C=CCC[C@H](C[C@@H]1COC(C)(C)O1)OCc1ccc(OC)cc1,source_drawing_transcription,mol-07a91bf01c15328d01cdc430377aea6e5baea1103d792d2dae1c511595922abc,7b,SI compound 7b,C=CCC[C@H](C[C@@H]1COC(C)(C)O1)OCc1ccc(OC)cc1,C19H28O4,320.198759376,"[{""source_id"": ""article"", ""sha256"": ""575f953b3a7e27b2fcc3569f22f6e9a58f2a67129d85616cc000219761abca2c"", ""pages"": [2], ""locator"": ""Main experimental section / scheme: 7b""}, {""source_id"": ""si"", ""sha256"": ""a06783de3afe2cb87eca40d5405d9f1c95aec19f0bc5f32d46b03bc5473a92fa"", ""pages"": [8], ""locator"": ""Compound drawing and associated NMR spectrum: 7b""}]",structures/7b.svg,route_compound,pending_independent_chemist_review,False,False,
8a,C=CCC[C@@H](C[C@@H](O)CO)OCc1ccc(OC)cc1,source_drawing_transcription,mol-ed9575dbd84ebfe845c132449486b7da1854c1d612d130a65363dd991506d8d5,8a,SI compound 8a,C=CCC[C@@H](C[C@@H](O)CO)OCc1ccc(OC)cc1,C16H24O4,280.167459248,"[{""source_id"": ""article"", ""sha256"": ""575f953b3a7e27b2fcc3569f22f6e9a58f2a67129d85616cc000219761abca2c"", ""pages"": [2, 3], ""locator"": ""Main experimental section / scheme: 8a""}, {""source_id"": ""si"", ""sha256"": ""a06783de3afe2cb87eca40d5405d9f1c95aec19f0bc5f32d46b03bc5473a92fa"", ""pages"": [8], ""locator"": ""Compound drawing and associated NMR spectrum: 8a""}]",structures/8a.svg,route_compound,pending_independent_chemist_review,False,False,
8b,C=CCC[C@H](C[C@@H](O)CO)OCc1ccc(OC)cc1,source_drawing_transcription,mol-fc422a577031909f9b7fe096b45b51a7e14edec26d5292b2ba6167bd43c32a1b,8b,SI compound 8b,C=CCC[C@H](C[C@@H](O)CO)OCc1ccc(OC)cc1,C16H24O4,280.167459248,"[{""source_id"": ""article"", ""sha256"": ""575f953b3a7e27b2fcc3569f22f6e9a58f2a67129d85616cc000219761abca2c"", ""pages"": [2], ""locator"": ""Main experimental section / scheme: 8b""}, {""source_id"": ""si"", ""sha256"": ""a06783de3afe2cb87eca40d5405d9f1c95aec19f0bc5f32d46b03bc5473a92fa"", ""pages"": [8, 9], ""locator"": ""Compound drawing and associated NMR spectrum: 8b""}]",structures/8b.svg,route_compound,pending_independent_chemist_review,False,False,
9a,C=CCC[C@H]1C[C@H](CO)OC(c2ccc(OC)cc2)O1,source_drawing_transcription,mol-6e32ddce4d992fe2d9c33a176aea6af9e8468fe8f1f1d3c4828bd0216a63dd44,9a,SI compound 9a,C=CCC[C@H]1C[C@H](CO)OC(c2ccc(OC)cc2)O1,C16H22O4,278.151809184,"[{""source_id"": ""article"", ""sha256"": ""575f953b3a7e27b2fcc3569f22f6e9a58f2a67129d85616cc000219761abca2c"", ""pages"": [2], ""locator"": ""Main experimental section / scheme: 9a""}, {""source_id"": ""si"", ""sha256"": ""a06783de3afe2cb87eca40d5405d9f1c95aec19f0bc5f32d46b03bc5473a92fa"", ""pages"": [9, 10], ""locator"": ""Compound drawing and associated NMR spectrum: 9a""}]",structures/9a.svg,route_compound,pending_independent_chemist_review,False,False,New_benzylidene_acetal_center_pending_drawing_review
9b,C=CCC[C@@H]1C[C@H](CO)OC(c2ccc(OC)cc2)O1,source_drawing_transcription,mol-cadb985c1747ca039d8532727f5f8b6cfcf770bae14b8b09dbfad05d9c869b79,9b,SI compound 9b,C=CCC[C@@H]1C[C@H](CO)OC(c2ccc(OC)cc2)O1,C16H22O4,278.151809184,"[{""source_id"": ""article"", ""sha256"": ""575f953b3a7e27b2fcc3569f22f6e9a58f2a67129d85616cc000219761abca2c"", ""pages"": [2], ""locator"": ""Main experimental section / scheme: 9b""}, {""source_id"": ""si"", ""sha256"": ""a06783de3afe2cb87eca40d5405d9f1c95aec19f0bc5f32d46b03bc5473a92fa"", ""pages"": [9], ""locator"": ""Compound drawing and associated NMR spectrum: 9b""}]",structures/9b.svg,route_compound,pending_independent_chemist_review,False,False,New_benzylidene_acetal_center_pending_drawing_review
3,C=CCC[C@@H](C[C@@H]1CO1)OCc1ccc(OC)cc1,source_drawing_transcription,mol-7d29751a96aca83153710ea329e6dc3ee043f570372b8bd1fa44e23da9b18af3,3,SI compound 3,C=CCC[C@@H](C[C@@H]1CO1)OCc1ccc(OC)cc1,C16H22O3,262.156894564,"[{""source_id"": ""article"", ""sha256"": ""575f953b3a7e27b2fcc3569f22f6e9a58f2a67129d85616cc000219761abca2c"", ""pages"": [3], ""locator"": ""Main experimental section / scheme: 3""}, {""source_id"": ""si"", ""sha256"": ""a06783de3afe2cb87eca40d5405d9f1c95aec19f0bc5f32d46b03bc5473a92fa"", ""pages"": [10], ""locator"": ""Compound drawing and associated NMR spectrum: 3""}]",structures/3.svg,route_compound,pending_independent_chemist_review,False,False,
4,C#CC(C[C@H]1COC(C)(C)O1)O[Si](C)(C)C(C)(C)C,source_drawing_transcription,mol-432634f5c749fdfc4a5aa13cd6e71270ba6e7d7d377e4a76fe147f8ef9efc733,4,SI compound 4,C#CC(C[C@H]1COC(C)(C)O1)O[Si](C)(C)C(C)(C)C,C15H28O3Si,284.180771286,"[{""source_id"": ""article"", ""sha256"": ""575f953b3a7e27b2fcc3569f22f6e9a58f2a67129d85616cc000219761abca2c"", ""pages"": [3], ""locator"": ""Main experimental section / scheme: 4""}, {""source_id"": ""si"", ""sha256"": ""a06783de3afe2cb87eca40d5405d9f1c95aec19f0bc5f32d46b03bc5473a92fa"", ""pages"": [10, 11], ""locator"": ""Compound drawing and associated NMR spectrum: 4""}]",structures/4.svg,route_compound,pending_independent_chemist_review,False,False,C11_diastereomeric_mixture
10,C=CCC[C@@H](C[C@@H](O)CC#CC(C[C@H]1COC(C)(C)O1)O[Si](C)(C)C(C)(C)C)OCc1ccc(OC)cc1,source_drawing_transcription,mol-3c315eda55aa1be318d1a9087f83036377caea2cd3df5e54700974cd86e9f6ef,10,SI compound 10,C=CCC[C@@H](C[C@@H](O)CC#CC(C[C@H]1COC(C)(C)O1)O[Si](C)(C)C(C)(C)C)OCc1ccc(OC)cc1,C31H50O6Si,546.33766585,"[{""source_id"": ""article"", ""sha256"": ""575f953b3a7e27b2fcc3569f22f6e9a58f2a67129d85616cc000219761abca2c"", ""pages"": [3], ""locator"": ""Main experimental section / scheme: 10""}, {""source_id"": ""si"", ""sha256"": ""a06783de3afe2cb87eca40d5405d9f1c95aec19f0bc5f32d46b03bc5473a92fa"", ""pages"": [11, 12], ""locator"": ""Compound drawing and associated NMR spectrum: 10""}]",structures/10.svg,route_compound,pending_independent_chemist_review,False,False,C11_diastereomeric_mixture
11,C=CCC[C@@H](C[C@H](CC#CC(C[C@H]1COC(C)(C)O1)O[Si](C)(C)C(C)(C)C)OCc1ccc(OC)cc1)OCc1ccc(OC)cc1,source_drawing_transcription,mol-6b7fa469091e30d14c7499ceafe811295e65b11144b6a5424120afad30942fbd,11,SI compound 11,C=CCC[C@@H](C[C@H](CC#CC(C[C@H]1COC(C)(C)O1)O[Si](C)(C)C(C)(C)C)OCc1ccc(OC)cc1)OCc1ccc(OC)cc1,C39H58O7Si,666.3951807259999,"[{""source_id"": ""article"", ""sha256"": ""575f953b3a7e27b2fcc3569f22f6e9a58f2a67129d85616cc000219761abca2c"", ""pages"": [3], ""locator"": ""Main experimental section / scheme: 11""}, {""source_id"": ""si"", ""sha256"": ""a06783de3afe2cb87eca40d5405d9f1c95aec19f0bc5f32d46b03bc5473a92fa"", ""pages"": [12], ""locator"": ""Compound drawing and associated NMR spectrum: 11""}]",structures/11.svg,route_compound,pending_independent_chemist_review,False,False,C11_diastereomeric_mixture
13-mixture,C=CCC[C@@H](C[C@H](CC#CC(O)C[C@H]1COC(C)(C)O1)OCc1ccc(OC)cc1)OCc1ccc(OC)cc1,source_drawing_transcription,mol-8d364ecb04ca3da942a9e0d67c637437f4c1413d4c79e7f9756a14a16e74b199,13-mixture,SI compound 13-mixture,C=CCC[C@@H](C[C@H](CC#CC(O)C[C@H]1COC(C)(C)O1)OCc1ccc(OC)cc1)OCc1ccc(OC)cc1,C33H44O7,552.308703748,"[{""source_id"": ""article"", ""sha256"": ""575f953b3a7e27b2fcc3569f22f6e9a58f2a67129d85616cc000219761abca2c"", ""pages"": [3], ""locator"": ""Main experimental section / scheme: 13-mixture""}, {""source_id"": ""si"", ""sha256"": ""a06783de3afe2cb87eca40d5405d9f1c95aec19f0bc5f32d46b03bc5473a92fa"", ""pages"": [13], ""locator"": ""Compound drawing and associated NMR spectrum: 13-mixture""}]",structures/13-mixture.svg,route_compound,pending_independent_chemist_review,False,False,Unisolated_C11_epimeric_mixture_before_oxidation
12,C=CCC[C@@H](C[C@H](CC#CC(=O)C[C@H]1COC(C)(C)O1)OCc1ccc(OC)cc1)OCc1ccc(OC)cc1,source_drawing_transcription,mol-c326d9cae05ad238d989463898ba7b7d922a692ceaf04771ef8ce841a621af3f,12,SI compound 12,C=CCC[C@@H](C[C@H](CC#CC(=O)C[C@H]1COC(C)(C)O1)OCc1ccc(OC)cc1)OCc1ccc(OC)cc1,C33H42O7,550.2930536839999,"[{""source_id"": ""article"", ""sha256"": ""575f953b3a7e27b2fcc3569f22f6e9a58f2a67129d85616cc000219761abca2c"", ""pages"": [3], ""locator"": ""Main experimental section / scheme: 12""}, {""source_id"": ""si"", ""sha256"": ""a06783de3afe2cb87eca40d5405d9f1c95aec19f0bc5f32d46b03bc5473a92fa"", ""pages"": [12, 13], ""locator"": ""Compound drawing and associated NMR spectrum: 12""}]",structures/12.svg,route_compound,pending_independent_chemist_review,False,False,
13a,C=CCC[C@@H](C[C@H](CC#C[C@H](O)C[C@H]1COC(C)(C)O1)OCc1ccc(OC)cc1)OCc1ccc(OC)cc1,source_drawing_transcription,mol-5fa6bc0a201e9581ea2840cd31abf4819f60a21455f6fba28a1f690b6bc06438,13a,SI compound 13a,C=CCC[C@@H](C[C@H](CC#C[C@H](O)C[C@H]1COC(C)(C)O1)OCc1ccc(OC)cc1)OCc1ccc(OC)cc1,C33H44O7,552.308703748,"[{""source_id"": ""article"", ""sha256"": ""575f953b3a7e27b2fcc3569f22f6e9a58f2a67129d85616cc000219761abca2c"", ""pages"": [3], ""locator"": ""Main experimental section / scheme: 13a""}, {""source_id"": ""si"", ""sha256"": ""a06783de3afe2cb87eca40d5405d9f1c95aec19f0bc5f32d46b03bc5473a92fa"", ""pages"": [13, 14], ""locator"": ""Compound drawing and associated NMR spectrum: 13a""}]",structures/13a.svg,route_compound,pending_independent_chemist_review,False,False,
13b,C=CCC[C@@H](C[C@H](CC#C[C@@H](O)C[C@H]1COC(C)(C)O1)OCc1ccc(OC)cc1)OCc1ccc(OC)cc1,source_drawing_transcription,mol-7e2c142c55baf489bb15eebfca29a7a21c4ec6f592eb142de1301b2dccba2d25,13b,SI compound 13b,C=CCC[C@@H](C[C@H](CC#C[C@@H](O)C[C@H]1COC(C)(C)O1)OCc1ccc(OC)cc1)OCc1ccc(OC)cc1,C33H44O7,552.308703748,"[{""source_id"": ""article"", ""sha256"": ""575f953b3a7e27b2fcc3569f22f6e9a58f2a67129d85616cc000219761abca2c"", ""pages"": [3], ""locator"": ""Main experimental section / scheme: 13b""}, {""source_id"": ""si"", ""sha256"": ""a06783de3afe2cb87eca40d5405d9f1c95aec19f0bc5f32d46b03bc5473a92fa"", ""pages"": [13, 14], ""locator"": ""Compound drawing and associated NMR spectrum: 13b""}]",structures/13b.svg,route_compound,pending_independent_chemist_review,False,False,
14a,C=CCC[C@@H](C[C@H](C/C=C/[C@H](O)C[C@H]1COC(C)(C)O1)OCc1ccc(OC)cc1)OCc1ccc(OC)cc1,source_drawing_transcription,mol-7ec269815818eb5ed4782bda18f3e66253e9b138b0b4eafcebdd3f0338e4f255,14a,SI compound 14a,C=CCC[C@@H](C[C@H](C/C=C/[C@H](O)C[C@H]1COC(C)(C)O1)OCc1ccc(OC)cc1)OCc1ccc(OC)cc1,C33H46O7,554.3243538119999,"[{""source_id"": ""article"", ""sha256"": ""575f953b3a7e27b2fcc3569f22f6e9a58f2a67129d85616cc000219761abca2c"", ""pages"": [3], ""locator"": ""Main experimental section / scheme: 14a""}, {""source_id"": ""si"", ""sha256"": ""a06783de3afe2cb87eca40d5405d9f1c95aec19f0bc5f32d46b03bc5473a92fa"", ""pages"": [14, 15], ""locator"": ""Compound drawing and associated NMR spectrum: 14a""}]",structures/14a.svg,route_compound,pending_independent_chemist_review,False,False,
14b,C=CCC[C@@H](C[C@H](C/C=C/[C@@H](O)C[C@H]1COC(C)(C)O1)OCc1ccc(OC)cc1)OCc1ccc(OC)cc1,source_drawing_transcription,mol-6d4c847b27e491a1b6138bc00e300b81278a47293511fcafc63da5de05531743,14b,SI compound 14b,C=CCC[C@@H](C[C@H](C/C=C/[C@@H](O)C[C@H]1COC(C)(C)O1)OCc1ccc(OC)cc1)OCc1ccc(OC)cc1,C33H46O7,554.3243538119999,"[{""source_id"": ""article"", ""sha256"": ""575f953b3a7e27b2fcc3569f22f6e9a58f2a67129d85616cc000219761abca2c"", ""pages"": [3], ""locator"": ""Main experimental section / scheme: 14b""}, {""source_id"": ""si"", ""sha256"": ""a06783de3afe2cb87eca40d5405d9f1c95aec19f0bc5f32d46b03bc5473a92fa"", ""pages"": [14, 15], ""locator"": ""Compound drawing and associated NMR spectrum: 14b""}]",structures/14b.svg,route_compound,pending_independent_chemist_review,False,False,
15a,C=CCC[C@@H](C[C@H](C/C=C/[C@@H](C[C@H]1COC(C)(C)O1)OCc1ccc(OC)cc1)OCc1ccc(OC)cc1)OCc1ccc(OC)cc1,source_drawing_transcription,mol-98b9b135c2eda2e8a896bc807ddedb9e54568b0e0b3778a6a75fadbdd663b91e,15a,SI compound 15a,C=CCC[C@@H](C[C@H](C/C=C/[C@@H](C[C@H]1COC(C)(C)O1)OCc1ccc(OC)cc1)OCc1ccc(OC)cc1)OCc1ccc(OC)cc1,C41H54O8,674.3818686879999,"[{""source_id"": ""article"", ""sha256"": ""575f953b3a7e27b2fcc3569f22f6e9a58f2a67129d85616cc000219761abca2c"", ""pages"": [3], ""locator"": ""Main experimental section / scheme: 15a""}, {""source_id"": ""si"", ""sha256"": ""a06783de3afe2cb87eca40d5405d9f1c95aec19f0bc5f32d46b03bc5473a92fa"", ""pages"": [16], ""locator"": ""Compound drawing and associated NMR spectrum: 15a""}]",structures/15a.svg,route_compound,pending_independent_chemist_review,False,False,
15b,C=CCC[C@@H](C[C@H](C/C=C/[C@H](C[C@H]1COC(C)(C)O1)OCc1ccc(OC)cc1)OCc1ccc(OC)cc1)OCc1ccc(OC)cc1,source_drawing_transcription,mol-071ef55132ee3c38160a0c21884dba0236aa9932ff756fa904d1fcd774f5c349,15b,SI compound 15b,C=CCC[C@@H](C[C@H](C/C=C/[C@H](C[C@H]1COC(C)(C)O1)OCc1ccc(OC)cc1)OCc1ccc(OC)cc1)OCc1ccc(OC)cc1,C41H54O8,674.3818686879999,"[{""source_id"": ""article"", ""sha256"": ""575f953b3a7e27b2fcc3569f22f6e9a58f2a67129d85616cc000219761abca2c"", ""pages"": [3], ""locator"": ""Main experimental section / scheme: 15b""}, {""source_id"": ""si"", ""sha256"": ""a06783de3afe2cb87eca40d5405d9f1c95aec19f0bc5f32d46b03bc5473a92fa"", ""pages"": [16], ""locator"": ""Compound drawing and associated NMR spectrum: 15b""}]",structures/15b.svg,route_compound,pending_independent_chemist_review,False,False,
16a,COc1ccc(CO[C@@H](C/C=C/[C@@H](C[C@H]2COC(C)(C)O2)OCc2ccc(OC)cc2)C[C@H](CC/C=C/c2ccccc2)OCc2ccc(OC)cc2)cc1,source_drawing_transcription,mol-8ae23eb772473cbd222d15b74c983c5a0b4beaf8add5b2002437650649e6ab3b,16a,SI compound 16a,COc1ccc(CO[C@@H](C/C=C/[C@@H](C[C@H]2COC(C)(C)O2)OCc2ccc(OC)cc2)C[C@H](CC/C=C/c2ccccc2)OCc2ccc(OC)cc2)cc1,C47H58O8,750.413168816,"[{""source_id"": ""article"", ""sha256"": ""575f953b3a7e27b2fcc3569f22f6e9a58f2a67129d85616cc000219761abca2c"", ""pages"": [3], ""locator"": ""Main experimental section / scheme: 16a""}, {""source_id"": ""si"", ""sha256"": ""a06783de3afe2cb87eca40d5405d9f1c95aec19f0bc5f32d46b03bc5473a92fa"", ""pages"": [17], ""locator"": ""Compound drawing and associated NMR spectrum: 16a""}]",structures/16a.svg,route_compound,pending_independent_chemist_review,False,False,
16b,COc1ccc(CO[C@@H](C/C=C/[C@H](C[C@H]2COC(C)(C)O2)OCc2ccc(OC)cc2)C[C@H](CC/C=C/c2ccccc2)OCc2ccc(OC)cc2)cc1,source_drawing_transcription,mol-f69476360b0c01b17b77127d557b13b205505a24d53cdd8385ed630bc8956308,16b,SI compound 16b,COc1ccc(CO[C@@H](C/C=C/[C@H](C[C@H]2COC(C)(C)O2)OCc2ccc(OC)cc2)C[C@H](CC/C=C/c2ccccc2)OCc2ccc(OC)cc2)cc1,C47H58O8,750.413168816,"[{""source_id"": ""article"", ""sha256"": ""575f953b3a7e27b2fcc3569f22f6e9a58f2a67129d85616cc000219761abca2c"", ""pages"": [3], ""locator"": ""Main experimental section / scheme: 16b""}, {""source_id"": ""si"", ""sha256"": ""a06783de3afe2cb87eca40d5405d9f1c95aec19f0bc5f32d46b03bc5473a92fa"", ""pages"": [17, 18], ""locator"": ""Compound drawing and associated NMR spectrum: 16b""}]",structures/16b.svg,route_compound,pending_independent_chemist_review,False,False,
17a,COc1ccc(CO[C@@H](C/C=C/[C@@H](C[C@H](O)CO)OCc2ccc(OC)cc2)C[C@H](CC/C=C/c2ccccc2)OCc2ccc(OC)cc2)cc1,source_drawing_transcription,mol-1c31e30646f6b62eaa3da6dc31fc1a3dcd8d060369c110e48f893c88572aecd1,17a,SI compound 17a,COc1ccc(CO[C@@H](C/C=C/[C@@H](C[C@H](O)CO)OCc2ccc(OC)cc2)C[C@H](CC/C=C/c2ccccc2)OCc2ccc(OC)cc2)cc1,C44H54O8,710.381868688,"[{""source_id"": ""article"", ""sha256"": ""575f953b3a7e27b2fcc3569f22f6e9a58f2a67129d85616cc000219761abca2c"", ""pages"": [3], ""locator"": ""Main experimental section / scheme: 17a""}, {""source_id"": ""si"", ""sha256"": ""a06783de3afe2cb87eca40d5405d9f1c95aec19f0bc5f32d46b03bc5473a92fa"", ""pages"": [18], ""locator"": ""Compound drawing and associated NMR spectrum: 17a""}]",structures/17a.svg,route_compound,pending_independent_chemist_review,False,False,
17b,COc1ccc(CO[C@@H](C/C=C/[C@H](C[C@H](O)CO)OCc2ccc(OC)cc2)C[C@H](CC/C=C/c2ccccc2)OCc2ccc(OC)cc2)cc1,source_drawing_transcription,mol-b8cc1b84b1a384181512e13e3745a9a5673db97d8d69454d931685b2e39f96a8,17b,SI compound 17b,COc1ccc(CO[C@@H](C/C=C/[C@H](C[C@H](O)CO)OCc2ccc(OC)cc2)C[C@H](CC/C=C/c2ccccc2)OCc2ccc(OC)cc2)cc1,C44H54O8,710.381868688,"[{""source_id"": ""article"", ""sha256"": ""575f953b3a7e27b2fcc3569f22f6e9a58f2a67129d85616cc000219761abca2c"", ""pages"": [3], ""locator"": ""Main experimental section / scheme: 17b""}, {""source_id"": ""si"", ""sha256"": ""a06783de3afe2cb87eca40d5405d9f1c95aec19f0bc5f32d46b03bc5473a92fa"", ""pages"": [18, 19], ""locator"": ""Compound drawing and associated NMR spectrum: 17b""}]",structures/17b.svg,route_compound,pending_independent_chemist_review,False,False,
2a,COc1ccc(CO[C@@H](C/C=C/[C@@H](C[C@H]2CO2)OCc2ccc(OC)cc2)C[C@H](CC/C=C/c2ccccc2)OCc2ccc(OC)cc2)cc1,source_drawing_transcription,mol-87a4b445a0a704076577d9927df6e6fd126bf363cab0a3676dc21de96eea7d4f,2a,SI compound 2a,COc1ccc(CO[C@@H](C/C=C/[C@@H](C[C@H]2CO2)OCc2ccc(OC)cc2)C[C@H](CC/C=C/c2ccccc2)OCc2ccc(OC)cc2)cc1,C44H52O7,692.371304004,"[{""source_id"": ""article"", ""sha256"": ""575f953b3a7e27b2fcc3569f22f6e9a58f2a67129d85616cc000219761abca2c"", ""pages"": [3, 4], ""locator"": ""Main experimental section / scheme: 2a""}, {""source_id"": ""si"", ""sha256"": ""a06783de3afe2cb87eca40d5405d9f1c95aec19f0bc5f32d46b03bc5473a92fa"", ""pages"": [19, 20], ""locator"": ""Compound drawing and associated NMR spectrum: 2a""}]",structures/2a.svg,route_compound,pending_independent_chemist_review,False,False,
2b,COc1ccc(CO[C@@H](C/C=C/[C@H](C[C@H]2CO2)OCc2ccc(OC)cc2)C[C@H](CC/C=C/c2ccccc2)OCc2ccc(OC)cc2)cc1,source_drawing_transcription,mol-bea703791102221e9f431f1f2a9a0489d3e0679ffa3b6496ae6b0185c31a5efa,2b,SI compound 2b,COc1ccc(CO[C@@H](C/C=C/[C@H](C[C@H]2CO2)OCc2ccc(OC)cc2)C[C@H](CC/C=C/c2ccccc2)OCc2ccc(OC)cc2)cc1,C44H52O7,692.371304004,"[{""source_id"": ""article"", ""sha256"": ""575f953b3a7e27b2fcc3569f22f6e9a58f2a67129d85616cc000219761abca2c"", ""pages"": [3, 4], ""locator"": ""Main experimental section / scheme: 2b""}, {""source_id"": ""si"", ""sha256"": ""a06783de3afe2cb87eca40d5405d9f1c95aec19f0bc5f32d46b03bc5473a92fa"", ""pages"": [19, 20], ""locator"": ""Compound drawing and associated NMR spectrum: 2b""}]",structures/2b.svg,route_compound,pending_independent_chemist_review,False,False,
18a,COC(=O)C#CC[C@@H](O)C[C@H](/C=C/C[C@@H](C[C@H](CC/C=C/c1ccccc1)OCc1ccc(OC)cc1)OCc1ccc(OC)cc1)OCc1ccc(OC)cc1,source_drawing_transcription,mol-f8c484bb16b895d7ec23ebc11835a910ceb9f5d57bda301a1ebba16dfb64e410,18a,SI compound 18a,COC(=O)C#CC[C@@H](O)C[C@H](/C=C/C[C@@H](C[C@H](CC/C=C/c1ccccc1)OCc1ccc(OC)cc1)OCc1ccc(OC)cc1)OCc1ccc(OC)cc1,C48H56O9,776.392433372,"[{""source_id"": ""article"", ""sha256"": ""575f953b3a7e27b2fcc3569f22f6e9a58f2a67129d85616cc000219761abca2c"", ""pages"": [4], ""locator"": ""Main experimental section / scheme: 18a""}, {""source_id"": ""si"", ""sha256"": ""a06783de3afe2cb87eca40d5405d9f1c95aec19f0bc5f32d46b03bc5473a92fa"", ""pages"": [20, 21], ""locator"": ""Compound drawing and associated NMR spectrum: 18a""}]",structures/18a.svg,route_compound,pending_independent_chemist_review,False,False,
18b,COC(=O)C#CC[C@@H](O)C[C@@H](/C=C/C[C@@H](C[C@H](CC/C=C/c1ccccc1)OCc1ccc(OC)cc1)OCc1ccc(OC)cc1)OCc1ccc(OC)cc1,source_drawing_transcription,mol-5b164926ef5854c8ad0c01201b251584a197aa698d2c7d2e6679cb8895391db9,18b,SI compound 18b,COC(=O)C#CC[C@@H](O)C[C@@H](/C=C/C[C@@H](C[C@H](CC/C=C/c1ccccc1)OCc1ccc(OC)cc1)OCc1ccc(OC)cc1)OCc1ccc(OC)cc1,C48H56O9,776.392433372,"[{""source_id"": ""article"", ""sha256"": ""575f953b3a7e27b2fcc3569f22f6e9a58f2a67129d85616cc000219761abca2c"", ""pages"": [4], ""locator"": ""Main experimental section / scheme: 18b""}, {""source_id"": ""si"", ""sha256"": ""a06783de3afe2cb87eca40d5405d9f1c95aec19f0bc5f32d46b03bc5473a92fa"", ""pages"": [20, 21], ""locator"": ""Compound drawing and associated NMR spectrum: 18b""}]",structures/18b.svg,route_compound,pending_independent_chemist_review,False,False,
19a,COC(=O)/C=C\C[C@@H](O)C[C@H](/C=C/C[C@@H](C[C@H](CC/C=C/c1ccccc1)OCc1ccc(OC)cc1)OCc1ccc(OC)cc1)OCc1ccc(OC)cc1,source_drawing_transcription,mol-64de5c75da9f2ed861575f902ee564c831b90e0dbb9a59b1a0a3ed2e0480198e,19a,SI compound 19a,COC(=O)/C=C\C[C@@H](O)C[C@H](/C=C/C[C@@H](C[C@H](CC/C=C/c1ccccc1)OCc1ccc(OC)cc1)OCc1ccc(OC)cc1)OCc1ccc(OC)cc1,C48H58O9,778.4080834360001,"[{""source_id"": ""article"", ""sha256"": ""575f953b3a7e27b2fcc3569f22f6e9a58f2a67129d85616cc000219761abca2c"", ""pages"": [4], ""locator"": ""Main experimental section / scheme: 19a""}, {""source_id"": ""si"", ""sha256"": ""a06783de3afe2cb87eca40d5405d9f1c95aec19f0bc5f32d46b03bc5473a92fa"", ""pages"": [22], ""locator"": ""Compound drawing and associated NMR spectrum: 19a""}]",structures/19a.svg,route_compound,pending_independent_chemist_review,False,False,
19b,COC(=O)/C=C\C[C@@H](O)C[C@@H](/C=C/C[C@@H](C[C@H](CC/C=C/c1ccccc1)OCc1ccc(OC)cc1)OCc1ccc(OC)cc1)OCc1ccc(OC)cc1,source_drawing_transcription,mol-36c01c6c283e00d1510811f28ab787e86a2276b571b48b59a7d58a7bd23e089b,19b,SI compound 19b,COC(=O)/C=C\C[C@@H](O)C[C@@H](/C=C/C[C@@H](C[C@H](CC/C=C/c1ccccc1)OCc1ccc(OC)cc1)OCc1ccc(OC)cc1)OCc1ccc(OC)cc1,C48H58O9,778.4080834360001,"[{""source_id"": ""article"", ""sha256"": ""575f953b3a7e27b2fcc3569f22f6e9a58f2a67129d85616cc000219761abca2c"", ""pages"": [4], ""locator"": ""Main experimental section / scheme: 19b""}, {""source_id"": ""si"", ""sha256"": ""a06783de3afe2cb87eca40d5405d9f1c95aec19f0bc5f32d46b03bc5473a92fa"", ""pages"": [22], ""locator"": ""Compound drawing and associated NMR spectrum: 19b""}]",structures/19b.svg,route_compound,pending_independent_chemist_review,False,False,
20a,COc1ccc(CO[C@@H](C/C=C/[C@@H](C[C@H]2CC=CC(=O)O2)OCc2ccc(OC)cc2)C[C@H](CC/C=C/c2ccccc2)OCc2ccc(OC)cc2)cc1,source_drawing_transcription,mol-68fa1869e1a1d64db5566387084a2a3ac88170f08b6ef823a65810f7f30fad20,20a,SI compound 20a,COc1ccc(CO[C@@H](C/C=C/[C@@H](C[C@H]2CC=CC(=O)O2)OCc2ccc(OC)cc2)C[C@H](CC/C=C/c2ccccc2)OCc2ccc(OC)cc2)cc1,C47H54O8,746.381868688,"[{""source_id"": ""article"", ""sha256"": ""575f953b3a7e27b2fcc3569f22f6e9a58f2a67129d85616cc000219761abca2c"", ""pages"": [4], ""locator"": ""Main experimental section / scheme: 20a""}, {""source_id"": ""si"", ""sha256"": ""a06783de3afe2cb87eca40d5405d9f1c95aec19f0bc5f32d46b03bc5473a92fa"", ""pages"": [23], ""locator"": ""Compound drawing and associated NMR spectrum: 20a""}]",structures/20a.svg,route_compound,pending_independent_chemist_review,False,False,
20b,COc1ccc(CO[C@@H](C/C=C/[C@H](C[C@H]2CC=CC(=O)O2)OCc2ccc(OC)cc2)C[C@H](CC/C=C/c2ccccc2)OCc2ccc(OC)cc2)cc1,source_drawing_transcription,mol-118fe0f41d5dd809aded30f4634926e4cc3e1533367a115c7976ae3071ae2a5d,20b,SI compound 20b,COc1ccc(CO[C@@H](C/C=C/[C@H](C[C@H]2CC=CC(=O)O2)OCc2ccc(OC)cc2)C[C@H](CC/C=C/c2ccccc2)OCc2ccc(OC)cc2)cc1,C47H54O8,746.381868688,"[{""source_id"": ""article"", ""sha256"": ""575f953b3a7e27b2fcc3569f22f6e9a58f2a67129d85616cc000219761abca2c"", ""pages"": [4], ""locator"": ""Main experimental section / scheme: 20b""}, {""source_id"": ""si"", ""sha256"": ""a06783de3afe2cb87eca40d5405d9f1c95aec19f0bc5f32d46b03bc5473a92fa"", ""pages"": [23, 24], ""locator"": ""Compound drawing and associated NMR spectrum: 20b""}]",structures/20b.svg,route_compound,pending_independent_chemist_review,False,False,
1a,O=C1C=CC[C@H](C[C@@H](O)/C=C/C[C@H](O)C[C@@H](O)CC/C=C/c2ccccc2)O1,source_drawing_transcription,mol-26ca8019065925f2edb0618839c0344f1cf0aa0c83c78cdd0e5d27e0ac9ce2fc,1a,Triplinone F,O=C1C=CC[C@H](C[C@@H](O)/C=C/C[C@H](O)C[C@@H](O)CC/C=C/c2ccccc2)O1,C23H30O5,386.20932406,"[{""source_id"": ""article"", ""sha256"": ""575f953b3a7e27b2fcc3569f22f6e9a58f2a67129d85616cc000219761abca2c"", ""pages"": [3, 4], ""locator"": ""Main experimental section / scheme: 1a""}, {""source_id"": ""si"", ""sha256"": ""a06783de3afe2cb87eca40d5405d9f1c95aec19f0bc5f32d46b03bc5473a92fa"", ""pages"": [24], ""locator"": ""Compound drawing and associated NMR spectrum: 1a""}]",structures/1a.svg,target,pending_independent_chemist_review,False,False,
1b,O=C1C=CC[C@H](C[C@H](O)/C=C/C[C@H](O)C[C@@H](O)CC/C=C/c2ccccc2)O1,source_drawing_transcription,mol-d89981ba5d99e206df7eeddf664f24f8007ec748d0e3c70b73645e772d05ed3c,1b,11-epi-Triplinone F,O=C1C=CC[C@H](C[C@H](O)/C=C/C[C@H](O)C[C@@H](O)CC/C=C/c2ccccc2)O1,C23H30O5,386.20932406,"[{""source_id"": ""article"", ""sha256"": ""575f953b3a7e27b2fcc3569f22f6e9a58f2a67129d85616cc000219761abca2c"", ""pages"": [3, 4], ""locator"": ""Main experimental section / scheme: 1b""}, {""source_id"": ""si"", ""sha256"": ""a06783de3afe2cb87eca40d5405d9f1c95aec19f0bc5f32d46b03bc5473a92fa"", ""pages"": [24, 25], ""locator"": ""Compound drawing and associated NMR spectrum: 1b""}]",structures/1b.svg,target,pending_independent_chemist_review,False,False,
