label,canonical_smiles,structure_basis,name,stereo_status,molecule_id,paper_label,canonical_isomeric_smiles,molecular_formula,exact_mass,source_references,depiction,role,review_status,formal_benchmark_eligible,admission_authority,isomer_ratio,expected_aromatic_ring_count
4,O=C1C=CC(O)O1,source_drawing_transcription,Compound 4,unspecified_lactol_equilibrium,mol-b2671033003a52ada65b6fe30cce836e0d9ea6c17775bab57cebfccef503df2d,4,O=C1C=CC(O)O1,C4H4O3,100.016043988,"[{""source_id"": ""si"", ""sha256"": ""303e38091731df2ea3ee2bde17a756254070faf587427b91dc93d161c1c59b15"", ""pages"": [6], ""locator"": ""SI drawing/procedure: 4""}, {""source_id"": ""article"", ""sha256"": ""410981f05bf11a5d640c882e52e4da73d0b2d04357a3efea3a3b3faed6bbee63"", ""pages"": [4], ""locator"": ""Forward scheme or associated discussion: 4""}]",structures/4.svg,route_compound,pending_independent_chemist_review,False,False,,
5,CO/N=C/C=C\C(=O)O,source_drawing_transcription,Compound 5,,mol-ba4a79c5b5171b8c1b0adff86041bcd950f6a76e386e34dbf9ee8f3eeabac910,5,CO/N=C/C=C\C(=O)O,C5H7NO3,129.042593084,"[{""source_id"": ""si"", ""sha256"": ""303e38091731df2ea3ee2bde17a756254070faf587427b91dc93d161c1c59b15"", ""pages"": [6, 7], ""locator"": ""SI drawing/procedure: 5""}, {""source_id"": ""article"", ""sha256"": ""410981f05bf11a5d640c882e52e4da73d0b2d04357a3efea3a3b3faed6bbee63"", ""pages"": [4], ""locator"": ""Forward scheme or associated discussion: 5""}]",structures/5.svg,route_compound,pending_independent_chemist_review,False,False,,
6,CO/N=C/C=C/C(=O)OC,source_drawing_transcription,Compound 6,,mol-69902b98d1e822c7bd74c9b253f5d14c06740053999f4147aead4c2c0238ade8,6,CO/N=C/C=C/C(=O)OC,C6H9NO3,143.058243148,"[{""source_id"": ""si"", ""sha256"": ""303e38091731df2ea3ee2bde17a756254070faf587427b91dc93d161c1c59b15"", ""pages"": [7], ""locator"": ""SI drawing/procedure: 6""}, {""source_id"": ""article"", ""sha256"": ""410981f05bf11a5d640c882e52e4da73d0b2d04357a3efea3a3b3faed6bbee63"", ""pages"": [4], ""locator"": ""Forward scheme or associated discussion: 6""}]",structures/6.svg,route_compound,pending_independent_chemist_review,False,False,,
7,CO/N=C/C=C/C(=O)O,source_drawing_transcription,Compound 7,,mol-4e767ff6404e13b857bda4a153dadd72e16a2fa911dd809c49c309a4aac4901b,7,CO/N=C/C=C/C(=O)O,C5H7NO3,129.042593084,"[{""source_id"": ""si"", ""sha256"": ""303e38091731df2ea3ee2bde17a756254070faf587427b91dc93d161c1c59b15"", ""pages"": [7, 8], ""locator"": ""SI drawing/procedure: 7""}, {""source_id"": ""article"", ""sha256"": ""410981f05bf11a5d640c882e52e4da73d0b2d04357a3efea3a3b3faed6bbee63"", ""pages"": [4], ""locator"": ""Forward scheme or associated discussion: 7""}]",structures/7.svg,route_compound,pending_independent_chemist_review,False,False,,
serine-methyl-ester,COC(=O)[C@@H](N)CO,source_drawing_transcription,Compound serine-methyl-ester,,mol-098183df4fb24a32ac3b27a5e195bde45dccd2ed9476602e12a2ab18cf168846,serine-methyl-ester,COC(=O)[C@@H](N)CO,C4H9NO3,119.058243148,"[{""source_id"": ""si"", ""sha256"": ""303e38091731df2ea3ee2bde17a756254070faf587427b91dc93d161c1c59b15"", ""pages"": [8], ""locator"": ""SI drawing/procedure: serine-methyl-ester""}, {""source_id"": ""article"", ""sha256"": ""410981f05bf11a5d640c882e52e4da73d0b2d04357a3efea3a3b3faed6bbee63"", ""pages"": [5], ""locator"": ""Forward scheme or associated discussion: serine-methyl-ester""}]",structures/serine-methyl-ester.svg,route_compound,pending_independent_chemist_review,False,False,,
8,CO/N=C/C=C/C(=O)N[C@@H](CO)C(=O)OC,source_drawing_transcription,Compound 8,,mol-9d45553af684624c7b8aed5d86711e7ccaa642874aaa37c86c412f517b5620df,8,CO/N=C/C=C/C(=O)N[C@@H](CO)C(=O)OC,C9H14N2O5,230.090271548,"[{""source_id"": ""si"", ""sha256"": ""303e38091731df2ea3ee2bde17a756254070faf587427b91dc93d161c1c59b15"", ""pages"": [8], ""locator"": ""SI drawing/procedure: 8""}, {""source_id"": ""article"", ""sha256"": ""410981f05bf11a5d640c882e52e4da73d0b2d04357a3efea3a3b3faed6bbee63"", ""pages"": [4], ""locator"": ""Forward scheme or associated discussion: 8""}]",structures/8.svg,route_compound,pending_independent_chemist_review,False,False,,
9,CO/N=C/C=C/c1nc(C(=O)OC)co1,source_drawing_transcription,Compound 9,,mol-e4c3d9be7908fbc1f529ed1b9376d49ab09bc502af62f5ab4b0db2350db19a70,9,CO/N=C/C=C/c1nc(C(=O)OC)co1,C9H10N2O4,210.0640568,"[{""source_id"": ""si"", ""sha256"": ""303e38091731df2ea3ee2bde17a756254070faf587427b91dc93d161c1c59b15"", ""pages"": [8, 9], ""locator"": ""SI drawing/procedure: 9""}, {""source_id"": ""article"", ""sha256"": ""410981f05bf11a5d640c882e52e4da73d0b2d04357a3efea3a3b3faed6bbee63"", ""pages"": [4], ""locator"": ""Forward scheme or associated discussion: 9""}]",structures/9.svg,route_compound,pending_independent_chemist_review,False,False,,
10,CO/N=C/C=C/c1nc(CO)co1,source_drawing_transcription,Compound 10,,mol-56121c5bc2f3bf8c5551b7699988075942bb42c402a151fabc3a1f1d60de463c,10,CO/N=C/C=C/c1nc(CO)co1,C8H10N2O3,182.06914218,"[{""source_id"": ""si"", ""sha256"": ""303e38091731df2ea3ee2bde17a756254070faf587427b91dc93d161c1c59b15"", ""pages"": [9], ""locator"": ""SI drawing/procedure: 10""}, {""source_id"": ""article"", ""sha256"": ""410981f05bf11a5d640c882e52e4da73d0b2d04357a3efea3a3b3faed6bbee63"", ""pages"": [4], ""locator"": ""Forward scheme or associated discussion: 10""}]",structures/10.svg,route_compound,pending_independent_chemist_review,False,False,,
11,CO/N=C/C=C/c1nc(CI)co1,source_drawing_transcription,Compound 11,,mol-dcb10f16f78d92720b2a95b459d2105f332531aec204941d268b77b955b0a9e2,11,CO/N=C/C=C/c1nc(CI)co1,C8H9IN2O2,291.970875528,"[{""source_id"": ""si"", ""sha256"": ""303e38091731df2ea3ee2bde17a756254070faf587427b91dc93d161c1c59b15"", ""pages"": [9], ""locator"": ""SI drawing/procedure: 11""}, {""source_id"": ""article"", ""sha256"": ""410981f05bf11a5d640c882e52e4da73d0b2d04357a3efea3a3b3faed6bbee63"", ""pages"": [4], ""locator"": ""Forward scheme or associated discussion: 11""}]",structures/11.svg,route_compound,pending_independent_chemist_review,False,False,,
12,CCCC[P+](CCCC)(CCCC)Cc1coc(/C=C/C=N/OC)n1.[I-],source_drawing_transcription,Compound 12,,mol-59ba7b6be44db7af1b426daad729dfcca3d049200b08d2cd3f33a565b76b333b,12,CCCC[P+](CCCC)(CCCC)Cc1coc(/C=C/C=N/OC)n1.[I-],C20H36IN2O2P,494.155913022,"[{""source_id"": ""si"", ""sha256"": ""303e38091731df2ea3ee2bde17a756254070faf587427b91dc93d161c1c59b15"", ""pages"": [10], ""locator"": ""SI drawing/procedure: 12""}, {""source_id"": ""article"", ""sha256"": ""410981f05bf11a5d640c882e52e4da73d0b2d04357a3efea3a3b3faed6bbee63"", ""pages"": [4], ""locator"": ""Forward scheme or associated discussion: 12""}]",structures/12.svg,route_compound,pending_independent_chemist_review,False,False,,
13,C/C(=C\I)CCO,source_drawing_transcription,Compound 13,,mol-7ec8593e68d19247aa15d6ba0ff127a8bd546e33399e1fed1dd09f9b122e5af4,13,C/C(=C\I)CCO,C5H9IO,211.969812908,"[{""source_id"": ""si"", ""sha256"": ""303e38091731df2ea3ee2bde17a756254070faf587427b91dc93d161c1c59b15"", ""pages"": [10], ""locator"": ""SI drawing/procedure: 13""}, {""source_id"": ""article"", ""sha256"": ""410981f05bf11a5d640c882e52e4da73d0b2d04357a3efea3a3b3faed6bbee63"", ""pages"": [4], ""locator"": ""Forward scheme or associated discussion: 13""}]",structures/13.svg,route_compound,pending_independent_chemist_review,False,False,,
14,C/C(=C\I)CCO[Si](c1ccccc1)(c1ccccc1)C(C)(C)C,source_drawing_transcription,Compound 14,,mol-ce8b56c5f52ff263f63c1ead2a28cbf581ee2dc44e554f8e668555267702d0a1,14,C/C(=C\I)CCO[Si](c1ccccc1)(c1ccccc1)C(C)(C)C,C21H27IOSi,450.087590014,"[{""source_id"": ""si"", ""sha256"": ""303e38091731df2ea3ee2bde17a756254070faf587427b91dc93d161c1c59b15"", ""pages"": [10], ""locator"": ""SI drawing/procedure: 14""}, {""source_id"": ""article"", ""sha256"": ""410981f05bf11a5d640c882e52e4da73d0b2d04357a3efea3a3b3faed6bbee63"", ""pages"": [4], ""locator"": ""Forward scheme or associated discussion: 14""}]",structures/14.svg,route_compound,pending_independent_chemist_review,False,False,,
15,C/C(=C\B(O)O)CCO[Si](c1ccccc1)(c1ccccc1)C(C)(C)C,source_drawing_transcription,Compound 15,,mol-aa97adacde6b1726042eee8835b3237134a08df2c15634742d9efe58be1341c6,15,C/C(=C\B(O)O)CCO[Si](c1ccccc1)(c1ccccc1)C(C)(C)C,C21H29BO3Si,368.197901718,"[{""source_id"": ""si"", ""sha256"": ""303e38091731df2ea3ee2bde17a756254070faf587427b91dc93d161c1c59b15"", ""pages"": [11], ""locator"": ""SI drawing/procedure: 15""}, {""source_id"": ""article"", ""sha256"": ""410981f05bf11a5d640c882e52e4da73d0b2d04357a3efea3a3b3faed6bbee63"", ""pages"": [4], ""locator"": ""Forward scheme or associated discussion: 15""}]",structures/15.svg,route_compound,pending_independent_chemist_review,False,False,,
allenoate,C=C=C(C)C(=O)OCC,source_drawing_transcription,Compound allenoate,,mol-c686669610db546eb503cd6afb4d14c3460831c48f8eb72dc095077b01156737,allenoate,C=C=C(C)C(=O)OCC,C7H10O2,126.06807956,"[{""source_id"": ""si"", ""sha256"": ""303e38091731df2ea3ee2bde17a756254070faf587427b91dc93d161c1c59b15"", ""pages"": [11], ""locator"": ""SI drawing/procedure: allenoate""}, {""source_id"": ""article"", ""sha256"": ""410981f05bf11a5d640c882e52e4da73d0b2d04357a3efea3a3b3faed6bbee63"", ""pages"": [5], ""locator"": ""Forward scheme or associated discussion: allenoate""}]",structures/allenoate.svg,route_compound,pending_independent_chemist_review,False,False,,
16,CCOC(=O)/C(C)=C(C)/C=C(\C)CCO[Si](c1ccccc1)(c1ccccc1)C(C)(C)C,source_drawing_transcription,Compound 16,,mol-a5406fe218b4fc811f861845b23b18a4f8f87603aa9f880e74e5374cd62a30da,16,CCOC(=O)/C(C)=C(C)/C=C(\C)CCO[Si](c1ccccc1)(c1ccccc1)C(C)(C)C,C28H38O3Si,450.259021606,"[{""source_id"": ""si"", ""sha256"": ""303e38091731df2ea3ee2bde17a756254070faf587427b91dc93d161c1c59b15"", ""pages"": [11, 12], ""locator"": ""SI drawing/procedure: 16""}, {""source_id"": ""article"", ""sha256"": ""410981f05bf11a5d640c882e52e4da73d0b2d04357a3efea3a3b3faed6bbee63"", ""pages"": [4], ""locator"": ""Forward scheme or associated discussion: 16""}]",structures/16.svg,route_compound,pending_independent_chemist_review,False,False,,
17,CCOC(=O)C/C(C)=C(C)/C=C(\C)CCO[Si](c1ccccc1)(c1ccccc1)C(C)(C)C,source_drawing_transcription,Compound 17,,mol-2af32dcc50f3a7639845993f519a96d80cbad837b4ac0c79903b23c9efa36fb9,17,CCOC(=O)C/C(C)=C(C)/C=C(\C)CCO[Si](c1ccccc1)(c1ccccc1)C(C)(C)C,C29H40O3Si,464.27467167,"[{""source_id"": ""si"", ""sha256"": ""303e38091731df2ea3ee2bde17a756254070faf587427b91dc93d161c1c59b15"", ""pages"": [12], ""locator"": ""SI drawing/procedure: 17""}, {""source_id"": ""article"", ""sha256"": ""410981f05bf11a5d640c882e52e4da73d0b2d04357a3efea3a3b3faed6bbee63"", ""pages"": [4], ""locator"": ""Forward scheme or associated discussion: 17""}]",structures/17.svg,route_compound,pending_independent_chemist_review,False,False,,
18,CON(C)C(=O)C/C(C)=C(C)/C=C(\C)CCO[Si](c1ccccc1)(c1ccccc1)C(C)(C)C,source_drawing_transcription,Compound 18,,mol-bfce5156f00c1616dfcc5f164291dc0eb84759937c49c9616637176cedd0f7a8,18,CON(C)C(=O)C/C(C)=C(C)/C=C(\C)CCO[Si](c1ccccc1)(c1ccccc1)C(C)(C)C,C29H41NO3Si,479.28557070200003,"[{""source_id"": ""si"", ""sha256"": ""303e38091731df2ea3ee2bde17a756254070faf587427b91dc93d161c1c59b15"", ""pages"": [12, 13], ""locator"": ""SI drawing/procedure: 18""}, {""source_id"": ""article"", ""sha256"": ""410981f05bf11a5d640c882e52e4da73d0b2d04357a3efea3a3b3faed6bbee63"", ""pages"": [4], ""locator"": ""Forward scheme or associated discussion: 18""}]",structures/18.svg,route_compound,pending_independent_chemist_review,False,False,,
19,CC(=O)C/C(C)=C(C)/C=C(\C)CCO[Si](c1ccccc1)(c1ccccc1)C(C)(C)C,source_drawing_transcription,Compound 19,,mol-967efb5161b352ab883953fc379dbc9f4b9c9352fc144f9567873e94f0505eb9,19,CC(=O)C/C(C)=C(C)/C=C(\C)CCO[Si](c1ccccc1)(c1ccccc1)C(C)(C)C,C28H38O2Si,434.264106986,"[{""source_id"": ""si"", ""sha256"": ""303e38091731df2ea3ee2bde17a756254070faf587427b91dc93d161c1c59b15"", ""pages"": [13], ""locator"": ""SI drawing/procedure: 19""}, {""source_id"": ""article"", ""sha256"": ""410981f05bf11a5d640c882e52e4da73d0b2d04357a3efea3a3b3faed6bbee63"", ""pages"": [4], ""locator"": ""Forward scheme or associated discussion: 19""}]",structures/19.svg,route_compound,pending_independent_chemist_review,False,False,,
20,CO/N=C/C=C/c1nc(C=C(C)C/C(C)=C(C)/C=C(\C)CCO[Si](c2ccccc2)(c2ccccc2)C(C)(C)C)co1,source_drawing_transcription,Compound 20,E_Z_mixture_at_new_Wittig_double_bond,mol-929bf4c19a36562ac1f389ecbc102247971666ee03ad2176a4cc946b655c791b,20,CO/N=C/C=C/c1nc(C=C(C)C/C(C)=C(C)/C=C(\C)CCO[Si](c2ccccc2)(c2ccccc2)C(C)(C)C)co1,C36H46N2O3Si,582.327769862,"[{""source_id"": ""si"", ""sha256"": ""303e38091731df2ea3ee2bde17a756254070faf587427b91dc93d161c1c59b15"", ""pages"": [14], ""locator"": ""SI drawing/procedure: 20""}, {""source_id"": ""article"", ""sha256"": ""410981f05bf11a5d640c882e52e4da73d0b2d04357a3efea3a3b3faed6bbee63"", ""pages"": [5], ""locator"": ""Forward scheme or associated discussion: 20""}]",structures/20.svg,route_compound,pending_independent_chemist_review,False,False,E:Z=60:40,3
21,CO/N=C/C=C/c1nc(/C=C(\C)C/C(C)=C(C)/C=C(\C)CCO)co1,source_drawing_transcription,Compound 21,,mol-5d47b790a2dbe69ad6fd2751a32a26e37a9aecc3dee20cdb53b91a42765a0b54,21,CO/N=C/C=C/c1nc(/C=C(\C)C/C(C)=C(C)/C=C(\C)CCO)co1,C20H28N2O3,344.2099927559999,"[{""source_id"": ""si"", ""sha256"": ""303e38091731df2ea3ee2bde17a756254070faf587427b91dc93d161c1c59b15"", ""pages"": [14, 15], ""locator"": ""SI drawing/procedure: 21""}, {""source_id"": ""article"", ""sha256"": ""410981f05bf11a5d640c882e52e4da73d0b2d04357a3efea3a3b3faed6bbee63"", ""pages"": [5], ""locator"": ""Forward scheme or associated discussion: 21""}]",structures/21.svg,route_compound,pending_independent_chemist_review,False,False,,
Z-21,CO/N=C/C=C/c1nc(/C=C(/C)C/C(C)=C(C)/C=C(\C)CCO)co1,source_drawing_transcription,Compound Z-21,,mol-7808c2f4ef1f9dc6cef31a76489c2d806b33c0fdfec64a68e61ca70475763113,Z-21,CO/N=C/C=C/c1nc(/C=C(/C)C/C(C)=C(C)/C=C(\C)CCO)co1,C20H28N2O3,344.2099927559999,"[{""source_id"": ""si"", ""sha256"": ""303e38091731df2ea3ee2bde17a756254070faf587427b91dc93d161c1c59b15"", ""pages"": [15], ""locator"": ""SI drawing/procedure: Z-21""}, {""source_id"": ""article"", ""sha256"": ""410981f05bf11a5d640c882e52e4da73d0b2d04357a3efea3a3b3faed6bbee63"", ""pages"": [5], ""locator"": ""Forward scheme or associated discussion: Z-21""}]",structures/Z-21.svg,route_compound,pending_independent_chemist_review,False,False,,
22,CO/N=C/C=C/c1nc(/C=C(\C)C/C(C)=C(C)/C=C(\C)CC=O)co1,source_drawing_transcription,Compound 22,,mol-559863a4a44998beb7a3e63659beee2cd018bde921b2b49f4df006eaeb87594b,22,CO/N=C/C=C/c1nc(/C=C(\C)C/C(C)=C(C)/C=C(\C)CC=O)co1,C20H26N2O3,342.1943426919999,"[{""source_id"": ""si"", ""sha256"": ""303e38091731df2ea3ee2bde17a756254070faf587427b91dc93d161c1c59b15"", ""pages"": [15], ""locator"": ""SI drawing/procedure: 22""}, {""source_id"": ""article"", ""sha256"": ""410981f05bf11a5d640c882e52e4da73d0b2d04357a3efea3a3b3faed6bbee63"", ""pages"": [5], ""locator"": ""Forward scheme or associated discussion: 22""}]",structures/22.svg,route_compound,pending_independent_chemist_review,False,False,,
acetyl-auxiliary,CC(=O)N1C(=S)SC[C@@H]1C(C)C,source_drawing_transcription,Compound acetyl-auxiliary,,mol-5aff565331531002548ce42225bdc1477210d8e10efa0787cfc71ebe63252afe,acetyl-auxiliary,CC(=O)N1C(=S)SC[C@@H]1C(C)C,C8H13NOS2,203.043856036,"[{""source_id"": ""si"", ""sha256"": ""303e38091731df2ea3ee2bde17a756254070faf587427b91dc93d161c1c59b15"", ""pages"": [16], ""locator"": ""SI drawing/procedure: acetyl-auxiliary""}, {""source_id"": ""article"", ""sha256"": ""410981f05bf11a5d640c882e52e4da73d0b2d04357a3efea3a3b3faed6bbee63"", ""pages"": [5], ""locator"": ""Forward scheme or associated discussion: acetyl-auxiliary""}]",structures/acetyl-auxiliary.svg,route_compound,pending_independent_chemist_review,False,False,,
23,CO/N=C/C=C/c1nc(/C=C(\C)C/C(C)=C(C)/C=C(\C)C[C@H](O)CC(=O)N2C(=S)SC[C@@H]2C(C)C)co1,source_drawing_transcription,Compound 23,,mol-af95501ec89582504c94d971c58a3dff7229bfc70aeb39872a2d4af5a54d5191,23,CO/N=C/C=C/c1nc(/C=C(\C)C/C(C)=C(C)/C=C(\C)C[C@H](O)CC(=O)N2C(=S)SC[C@@H]2C(C)C)co1,C28H39N3O4S2,545.2381987279999,"[{""source_id"": ""si"", ""sha256"": ""303e38091731df2ea3ee2bde17a756254070faf587427b91dc93d161c1c59b15"", ""pages"": [16], ""locator"": ""SI drawing/procedure: 23""}, {""source_id"": ""article"", ""sha256"": ""410981f05bf11a5d640c882e52e4da73d0b2d04357a3efea3a3b3faed6bbee63"", ""pages"": [5], ""locator"": ""Forward scheme or associated discussion: 23""}]",structures/23.svg,route_compound,pending_independent_chemist_review,False,False,,
2,CO/N=C/C=C/c1nc(/C=C(\C)C/C(C)=C(C)/C=C(\C)C[C@H](O)CC(=O)O)co1,source_drawing_transcription,PM110049,,mol-bf52734eb47c8664c2fcf6eef99c33e84102e87f3d94f50fc24be7a8a9e2db7f,2,CO/N=C/C=C/c1nc(/C=C(\C)C/C(C)=C(C)/C=C(\C)C[C@H](O)CC(=O)O)co1,C22H30N2O5,402.21547205999985,"[{""source_id"": ""si"", ""sha256"": ""303e38091731df2ea3ee2bde17a756254070faf587427b91dc93d161c1c59b15"", ""pages"": [16], ""locator"": ""SI drawing/procedure: 2""}, {""source_id"": ""article"", ""sha256"": ""410981f05bf11a5d640c882e52e4da73d0b2d04357a3efea3a3b3faed6bbee63"", ""pages"": [5], ""locator"": ""Forward scheme or associated discussion: 2""}]",structures/2.svg,target,pending_independent_chemist_review,False,False,,
L-citrulline,NC(=O)NCCC[C@H](N)C(=O)O,source_drawing_transcription,Compound L-citrulline,,mol-e1f77f94458e5d894bbd4bd0afea9f60140a6ebfbddbd81e257f5da0f0255baa,L-citrulline,NC(=O)NCCC[C@H](N)C(=O)O,C6H13N3O3,175.095691276,"[{""source_id"": ""si"", ""sha256"": ""303e38091731df2ea3ee2bde17a756254070faf587427b91dc93d161c1c59b15"", ""pages"": [17], ""locator"": ""SI drawing/procedure: L-citrulline""}, {""source_id"": ""article"", ""sha256"": ""410981f05bf11a5d640c882e52e4da73d0b2d04357a3efea3a3b3faed6bbee63"", ""pages"": [5], ""locator"": ""Forward scheme or associated discussion: L-citrulline""}]",structures/L-citrulline.svg,route_compound,pending_independent_chemist_review,False,False,,
1,CO/N=C/C=C/c1nc(/C=C(\C)C/C(C)=C(C)/C=C(\C)C[C@H](O)CC(=O)N[C@@H](CCCNC(N)=O)C(=O)O)co1,source_drawing_transcription,PM100618,,mol-a76e5cfb8159e90cc1c4830a58d08b3e43cb1f08511110510bb398a67a3b0691,1,CO/N=C/C=C/c1nc(/C=C(\C)C/C(C)=C(C)/C=C(\C)C[C@H](O)CC(=O)N[C@@H](CCCNC(N)=O)C(=O)O)co1,C28H41N5O7,559.300598652,"[{""source_id"": ""si"", ""sha256"": ""303e38091731df2ea3ee2bde17a756254070faf587427b91dc93d161c1c59b15"", ""pages"": [17], ""locator"": ""SI drawing/procedure: 1""}, {""source_id"": ""article"", ""sha256"": ""410981f05bf11a5d640c882e52e4da73d0b2d04357a3efea3a3b3faed6bbee63"", ""pages"": [5], ""locator"": ""Forward scheme or associated discussion: 1""}]",structures/1.svg,target,pending_independent_chemist_review,False,False,,
