paper_id,doi,title,extraction_status,detail_policy,review_status,source_bound_dataset_imported,provisional_candidates_imported,complete_route_verified,reason,target_count,target_candidate_count,provisional_compound_count,provisional_endpoint_count,embedded_candidate_count,native_step_count,native_resolved_step_count,native_scoped_route_count,source_artifact_count,compound_count,reaction_event_count,operation_step_count,route_count,issue_count
paper-002ed49144be1357,10.1021/acs.joc.6c00826,"Collective Asymmetric Synthesis of Eudesmane-Type Sesquiterpenoids from (+)-Verbenone: Production of Atractylenolides, Lactam Analogs, and Dimeric Congeners",extracted_candidate_pending_review,allowed,not_expert_reviewed,1,0,0,Source-bound in-paper dataset imported; independent review and external route boundaries remain explicit.,16,0,0,0,0,0,0,0,4,42,29,29,17,8
paper-02468cd0966939d2,10.1021/acs.joc.5c02924,Trials into Triumphs: The Emergence of a Concise Total Synthesis of Hinckdentine A.,extracted_candidate_pending_review,allowed,not_expert_reviewed,1,0,0,Source-bound in-paper dataset imported; independent review and external route boundaries remain explicit.,1,1,0,0,0,0,0,0,5,71,74,74,19,9
paper-03577c3c53263ea5,10.1021/acs.joc.5c02368,Total Synthesis of Platycaryanin A.,extracted_candidate_pending_review,allowed,not_expert_reviewed,1,0,0,Source-bound in-paper dataset imported; independent review and external route boundaries remain explicit.,1,1,0,0,0,0,0,0,5,49,36,36,3,11
paper-03987f5a75395436,10.1021/acs.orglett.6c00587,"Collective Biomimetic Synthesis of Benzoxazole Xanchryones A, B, and I–N Based on Biogenetic Building Blocks",extracted_candidate_pending_review,allowed,not_expert_reviewed,1,0,0,Source-bound in-paper dataset imported; independent review and external route boundaries remain explicit.,8,8,0,0,0,0,0,0,4,55,40,40,28,5
paper-0662d076d464d21f,10.1021/jacs.6c06760,Biomimetic Synthesis of Seven Halenaquinone Meroterpenoids,metadata_only,metadata_only,not_expert_reviewed,0,0,0,Bibliographic metadata only; detailed chemical records excluded by policy.,7,0,0,0,0,0,0,0,2,0,0,0,0,0
paper-0676f93cf47b0d4b,10.1002/asia.70662,Total Synthesis of Mansonone F and its Derivatives via Regioselective C-H Alkylation.,metadata_only,metadata_only,not_expert_reviewed,0,0,0,Bibliographic metadata only; detailed chemical records excluded by policy.,1,0,0,0,0,0,0,0,3,0,0,0,0,0
paper-07ff316d638655e4,10.1021/acs.orglett.6c00911,Total Synthesis of Isoriccardin C and Isoriccardin D Based on a Hydroxyl-Directed Palladium-Catalyzed Intramolecular C-H Alkenylation.,extracted_candidate_pending_review,allowed,not_expert_reviewed,1,0,0,Source-bound in-paper dataset imported; independent review and external route boundaries remain explicit.,2,2,0,0,0,0,0,0,2,25,18,18,3,2
paper-0ae671ac9a8bbe22,10.1021/acs.joc.6c00699,Divergent Enantioselective Total Synthesis of Aspidosperma Indole Alkaloids.,extracted_candidate_pending_review,allowed,not_expert_reviewed,1,0,0,Source-bound in-paper dataset imported; independent review and external route boundaries remain explicit.,11,6,0,0,0,0,0,0,6,38,27,35,12,15
paper-0b9f99071be7f2fb,10.1021/jacs.6c13015,Total Synthesis and Structural Confirmation of Curcusone I.,metadata_only,metadata_only,not_expert_reviewed,0,0,0,Bibliographic metadata only; detailed chemical records excluded by policy.,1,0,0,0,0,0,0,0,2,0,0,0,0,0
paper-0bac8bc7088bc164,10.1021/acs.joc.6c00242,Asymmetric Total Synthesis of Glabridin.,extracted_candidate_pending_review,allowed,not_expert_reviewed,1,0,0,Source-bound in-paper dataset imported; independent review and external route boundaries remain explicit.,1,1,0,0,0,0,0,0,6,17,14,16,3,13
paper-0e05697c35b4bd20,10.1021/acscentsci.6c00057,Propellane Alkaloid Biosynthesis and Total Synthesis via Interrupted Reaction Pathways.,extracted_candidate_pending_review,allowed,not_expert_reviewed,1,0,0,Source-bound in-paper dataset imported; independent review and external route boundaries remain explicit.,1,1,0,0,0,0,0,0,2,10,7,7,1,6
paper-0eed3cdce7e1dffb,10.1021/jacs.6c00926,Total Synthesis of Ussuriedine via a Late-Stage Stevens Rearrangement: Implications for Biosynthesis.,metadata_only,metadata_only,not_expert_reviewed,0,0,0,Bibliographic metadata only; detailed chemical records excluded by policy.,1,0,0,0,0,0,0,0,1,0,0,0,0,0
paper-109387ec9e8fe2ca,10.1007/s11030-026-11542-1,Total synthesis of pyridine-containing natural product Lycodine as well as its dimers and derivatives.,source_missing_local,allowed,not_expert_reviewed,0,0,0,No source files for this paper in the current archive; historical acquisition is not local availability.,1,1,0,0,0,0,0,0,0,0,0,0,0,0
paper-12c087bbcec8cc4c,10.1002/slct.73435,First Total Synthesis of N 1 ‐Dihydrocaffeoyl ‐ N 10 ‐Caffeoyl Spermidine and (±) ‐ Lycium Spermidine A,extracted_candidate_pending_review,allowed,not_expert_reviewed,1,1,0,Source-bound in-paper dataset imported; independent review and external route boundaries remain explicit.,2,2,1,0,85,26,26,0,2,21,14,14,2,15
paper-13a38f0d3231b5ac,10.1002/ejoc.70581,Enantiospecific Acid‐Catalysed Hydroperoxidation of Scalemic Tertiary Benzylic Alcohols Facilitating a Concise Asymmetric Synthesis of Yingzhaosu C,extracted_candidate_pending_review,allowed,not_expert_reviewed,1,1,0,Source-bound in-paper dataset imported; independent review and external route boundaries remain explicit.,1,1,1,0,0,0,0,0,2,16,7,7,5,9
paper-16903c93b7961b97,10.1021/jacsau.6c00734,Total Synthesis and Biological Evaluation of Exiguamines.,extracted_candidate_pending_review,allowed,not_expert_reviewed,1,0,0,Source-bound in-paper dataset imported; independent review and external route boundaries remain explicit.,2,2,0,0,0,0,0,0,6,72,69,69,12,7
paper-16f354f78b1a7c42,10.1021/jacs.6c05047,Biocatalytic Oxidative [3 + 2] Cycloaddition Enables Divergent Synthesis of (−)-α-Cyclopiazonic Acid and Derived Alkaloids,metadata_only,metadata_only,not_expert_reviewed,0,0,0,Bibliographic metadata only; detailed chemical records excluded by policy.,1,0,0,0,0,0,0,0,3,0,0,0,0,0
paper-17346d5cc784e311,10.1080/10286020.2026.2695175,Concise total synthesis of coerulescine by Cu(I)-catalyzed tandem reaction.,extracted_candidate_pending_review,allowed,not_expert_reviewed,1,0,0,Source-bound in-paper dataset imported; independent review and external route boundaries remain explicit.,1,1,0,0,0,6,6,1,2,7,6,6,1,4
paper-1a3402742c4b5110,10.1021/jacs.6c05648,Total Synthesis of Nineteen-Carbon Picrotoxane Terpenoid Picrodendrin L.,metadata_only,metadata_only,not_expert_reviewed,0,0,0,Bibliographic metadata only; detailed chemical records excluded by policy.,1,0,0,0,0,0,0,0,3,0,0,0,0,0
paper-21f794fd715f38f9,10.1038/s41467-026-70735-2,Concise synthesis of bufogargarizin B by a conformation-controlled skeletal reorganization approach,metadata_only,metadata_only,not_expert_reviewed,0,0,0,Bibliographic metadata only; detailed chemical records excluded by policy.,1,0,0,0,0,0,0,0,3,0,0,0,0,0
paper-2d6f8f626286ab28,10.1021/jacs.6c06878,Concise Synthesis of (±)-Stephadiamine via Vinylogous Wenker Cyclization,extracted_candidate_pending_review,allowed,not_expert_reviewed,1,0,0,Source-bound in-paper dataset imported; independent review and external route boundaries remain explicit.,1,0,0,0,0,0,0,0,4,36,35,35,13,8
paper-2d9b2cb848bfbd04,10.1021/acs.joc.6c01071,Total Synthesis and Absolute Structure Assignment of (+)-Itomanallene B.,extracted_candidate_pending_review,allowed,not_expert_reviewed,1,0,0,Source-bound in-paper dataset imported; independent review and external route boundaries remain explicit.,1,1,0,0,0,0,0,0,5,43,36,36,6,9
paper-2ecc227214f2cf77,10.1021/acs.joc.6c00278,Total Synthesis of Antimalarial Macrolide Strasseriolide A by Ni/Zr-Mediated Reductive Ketone Coupling.,extracted_candidate_pending_review,allowed,not_expert_reviewed,1,0,0,Source-bound in-paper dataset imported; independent review and external route boundaries remain explicit.,1,1,0,0,0,0,0,0,2,42,37,37,2,3
paper-30d3cf1b14fd5066,10.1002/chem.71002,"Complete Structure and Total Synthesis of Streptospherin A, a Cancer Stem Cell Inhibitor.",extracted_candidate_pending_review,allowed,not_expert_reviewed,1,0,0,Source-bound in-paper dataset imported; independent review and external route boundaries remain explicit.,1,1,0,0,0,0,0,0,2,89,75,75,15,7
paper-30f79134d51e3020,10.1002/ejoc.202501241,"Total Synthesis of Corynanthe Alkaloids: Corynantheol, Isocorynantheol, and Dihydrocorynantheol",extracted_candidate_pending_review,allowed,not_expert_reviewed,1,1,0,Source-bound in-paper dataset imported; independent review and external route boundaries remain explicit.,5,5,4,1,0,0,0,0,2,27,18,18,10,8
paper-327998a67c12eca6,10.1021/acscatal.6c03096,"Bioinspired Concise Synthesis of Caged 1,6-Epoxyfuro[3,4- c ]pyrans via a Brønsted Acid-Catalyzed Cascade Reaction",extracted_candidate_pending_review,allowed,not_expert_reviewed,1,0,0,Source-bound in-paper dataset imported; independent review and external route boundaries remain explicit.,2,2,0,0,121,10,5,0,5,5,3,3,3,5
paper-33961174824d586e,10.1002/anie.5526474,Asymmetric Total Synthesis of (-)-Verrucarol.,metadata_only,metadata_only,not_expert_reviewed,0,0,0,Bibliographic metadata only; detailed chemical records excluded by policy.,1,0,0,0,0,0,0,0,1,0,0,0,0,0
paper-33bf034f0faef47b,10.1093/bbb/zbag085,Total synthesis and stability analysis of natural diacyl-type tuliposides and their non-natural isomers.,extracted_candidate_pending_review,allowed,not_expert_reviewed,1,0,0,Source-bound in-paper dataset imported; independent review and external route boundaries remain explicit.,2,0,0,0,0,0,0,0,4,18,15,15,5,5
paper-34f1fefb6aee38b3,10.1016/j.tet.2026.135395,Total synthesis of (±)-cimifugin and anti-inflammatory evaluation of its ester derivatives,source_missing_local,allowed,not_expert_reviewed,0,0,0,No source files for this paper in the current archive; historical acquisition is not local availability.,1,0,0,0,0,0,0,0,0,0,0,0,0,0
paper-35bfcabee1d3351d,10.1016/j.ejmech.2026.119057,"Total synthesis, antibacterial activity, and mechanistic characterization of erycristagallin as a promising anti-MRSA lead.",metadata_only,metadata_only,not_expert_reviewed,0,0,0,Bibliographic metadata only; detailed chemical records excluded by policy.,1,0,0,0,0,0,0,0,0,0,0,0,0,0
paper-3d207c0789378667,10.1007/s13659-026-00626-y,"Isolation, total synthesis, and biological evaluation of dearomatized isoprenylated acylphloroglucinols from Hypericum przewalskii.",extracted_candidate_pending_review,allowed,not_expert_reviewed,1,0,0,Source-bound in-paper dataset imported; independent review and external route boundaries remain explicit.,2,2,0,0,0,0,0,0,2,22,15,15,8,9
paper-3df8930a1ab61020,10.1021/acs.orglett.6c02629,Enantioselective Total Synthesis of (−)-Verarine via Late-Stage Bond Ablation,metadata_only,metadata_only,not_expert_reviewed,0,0,0,Bibliographic metadata only; detailed chemical records excluded by policy.,1,0,0,0,0,0,0,0,2,0,0,0,0,0
paper-3e14822739da3f53,10.1007/s13659-026-00630-2,First total synthesis of (±)-spirobroussonin B via electromediated oxidative coupling for constructing spirodienone ring.,extracted_candidate_pending_review,allowed,not_expert_reviewed,1,0,0,Source-bound in-paper dataset imported; independent review and external route boundaries remain explicit.,1,1,0,0,0,0,0,0,2,13,10,10,7,4
paper-3eb13c2b7b90af9e,10.1055/a-2927-3974,Divergent Synthesis of (+)-Kuhistanicaol G and (+)-Ferutinin through the Common Intermediate Jaeschkeanadiol,metadata_only,metadata_only,not_expert_reviewed,0,0,0,Bibliographic metadata only; detailed chemical records excluded by policy.,2,0,0,0,0,0,0,0,1,0,0,0,0,0
paper-3f299d64e1d92146,10.1016/j.bioorg.2026.110182,Total synthesis of (±)-Glabridin with molecular docking and biological evaluation.,source_missing_local,allowed,not_expert_reviewed,0,0,0,No source files for this paper in the current archive; historical acquisition is not local availability.,1,0,0,0,0,0,0,0,0,0,0,0,0,0
paper-427261b826b14a75,10.1093/bbb/zbag117,"Efficient total synthesis of shancigusin C, first total synthesis of shancigusin D, and evaluation of their bioactivities.",pending_structure_transcription,allowed,not_expert_reviewed,0,0,0,Sources indexed; atom/bond/stereo transcription and complete reaction topology are still required.,2,0,0,0,0,0,0,0,3,0,0,0,0,0
paper-4535edb11a27941f,10.2174/0115701794469374260702101656,Concise Synthesis and Nematicidal Activity Evaluation of Waltherione S and its Derivatives against Meloidogyne incognita,extracted_candidate_pending_review,allowed,not_expert_reviewed,1,0,0,Source-bound in-paper dataset imported; independent review and external route boundaries remain explicit.,1,1,0,0,0,0,0,0,2,43,28,28,13,7
paper-4cc43638c809d619,10.1021/acs.joc.6c00941,Asymmetric Total Synthesis of (+)-Acaulone B.,extracted_candidate_pending_review,allowed,not_expert_reviewed,1,0,0,Source-bound in-paper dataset imported; independent review and external route boundaries remain explicit.,1,0,0,0,0,0,0,0,5,7,5,5,4,4
paper-50dd1a6127e1c1cf,10.1055/a-2927-4044,Total Synthesis of Triplinones A and O,pending_structure_transcription,allowed,not_expert_reviewed,0,0,0,Sources indexed; atom/bond/stereo transcription and complete reaction topology are still required.,2,2,0,0,0,0,0,0,1,0,0,0,0,0
paper-53d2449f553459cc,10.1021/jacs.6c12593,Total Synthesis of (±)-Stemocurtisine via Catalytic Carbonylation,extracted_candidate_pending_review,allowed,not_expert_reviewed,1,0,0,Source-bound in-paper dataset imported; independent review and external route boundaries remain explicit.,1,0,0,0,0,0,0,0,4,43,33,33,12,4
paper-561d3429850cabb7,10.1002/anie.6268409,Total Synthesis of ent ‐Kaurenoic Acid Diterpenoids Enabled by Distal Conformational Control in Photoredox Radical Polyene Cyclization,extracted_candidate_pending_review,allowed,not_expert_reviewed,1,0,0,Source-bound in-paper dataset imported; independent review and external route boundaries remain explicit.,7,5,0,0,0,0,0,0,2,54,51,51,10,13
paper-57d8aa1420b35be1,10.1021/acs.orglett.6c02081,Total Synthesis of (+)-Psychotrimine and Formal Synthesis of (+)-Psychotetramine via Late-Stage Ni(II)-Photoredox N-Arylation,metadata_only,metadata_only,not_expert_reviewed,0,0,0,Bibliographic metadata only; detailed chemical records excluded by policy.,1,0,0,0,0,0,0,0,2,0,0,0,0,0
paper-58570bedfca3a108,10.1021/acs.joc.6c01053,Asymmetric Total Synthesis of Naturally Occurring (-)-EBC-329 through an ( E )-Selective Cross-Metathesis Reaction.,metadata_only,metadata_only,not_expert_reviewed,0,0,0,Bibliographic metadata only; detailed chemical records excluded by policy.,1,0,0,0,0,0,0,0,3,0,0,0,0,0
paper-59ea1b0b856fb5d7,10.1021/jacs.6c01185,Asymmetric Total Synthesis and Structure Revision of (+)-Mangicol D.,extracted_candidate_pending_review,allowed,not_expert_reviewed,1,0,0,Source-bound in-paper dataset imported; independent review and external route boundaries remain explicit.,1,0,0,0,0,0,0,0,2,26,17,17,6,5
paper-5adb96be45d961bc,10.1021/acs.joc.6c00282,Total Synthesis of (-)-Penibruguieramine A via an Intramolecular Aldol Reaction.,extracted_candidate_pending_review,allowed,not_expert_reviewed,1,0,0,Source-bound in-paper dataset imported; independent review and external route boundaries remain explicit.,1,1,0,0,0,0,0,0,2,18,10,10,2,4
paper-5c1b0ced6dd085a6,10.1002/ejoc.70449,"Total Synthesis of Novel Oxylipins: Plasmodiophorols A, C, and Epimers",extracted_candidate_pending_review,allowed,not_expert_reviewed,1,0,0,Source-bound in-paper dataset imported; independent review and external route boundaries remain explicit.,2,2,0,0,0,0,0,0,2,9,6,6,5,3
paper-5c63dd967a272b99,10.1016/j.fitote.2026.107205,Total synthesis of Litcubanine A and comparative anti-inflammatory activity assessment of its derivatives.,metadata_only,metadata_only,not_expert_reviewed,0,0,0,Bibliographic metadata only; detailed chemical records excluded by policy.,1,0,0,0,0,0,0,0,0,0,0,0,0,0
paper-5ffc2379ff4366f0,10.1021/jacs.5c22672,Total Synthesis of iso -Gladiolin Methyl Ester (Lagriene Methyl Ester) via Catalytic Asymmetric C-C Coupling of Alcohols.,extracted_candidate_pending_review,allowed,not_expert_reviewed,1,0,0,Source-bound in-paper dataset imported; independent review and external route boundaries remain explicit.,1,0,0,0,0,0,0,0,2,24,20,20,3,4
paper-64cf72c50cdd94d5,10.1002/chem.70931,Modular Stereodivergent Chemoenzymatic Total Synthesis of (+)‐ and (‐)‐ Glabridin,extracted_candidate_pending_review,allowed,not_expert_reviewed,1,0,0,Source-bound in-paper dataset imported; independent review and external route boundaries remain explicit.,2,2,0,0,96,57,53,0,2,35,26,27,3,13
paper-65486c490d434d36,10.1002/ejoc.70460,"Configurational Reassignment of (+)‐Polycitorol A and (−)‐Polycitorol B by Nuclear Magnetic Resonance Spectroscopic Analysis, Theoretical Calculation, and Total Synthesis",extracted_candidate_pending_review,allowed,not_expert_reviewed,1,0,0,Source-bound in-paper dataset imported; independent review and external route boundaries remain explicit.,2,2,0,0,0,0,0,0,2,9,8,8,4,4
paper-69176df93b22bc9b,10.5059/yukigoseikyokaishi.84.343,Total Synthesis of the Broad-Spectrum Antibiotic Amycolamicin with a Unique Hybrid Ring Structure,source_missing_local,allowed,not_expert_reviewed,0,0,0,No source files for this paper in the current archive; historical acquisition is not local availability.,1,0,0,0,0,0,0,0,0,0,0,0,0,0
paper-6a63c9306e309ac6,10.1038/s41467-026-71602-w,Bioinspired total synthesis of (+)-pleuromutilin.,extracted_candidate_pending_review,allowed,not_expert_reviewed,1,0,0,Source-bound in-paper dataset imported; independent review and external route boundaries remain explicit.,1,0,0,0,0,0,0,0,5,30,22,22,6,10
paper-6f84dc000b1334a0,10.1021/acs.joc.5c03126,Total Synthesis of Triplinone F.,extracted_candidate_pending_review,allowed,not_expert_reviewed,1,0,0,Source-bound in-paper dataset imported; independent review and external route boundaries remain explicit.,1,1,0,0,0,0,0,0,5,46,40,40,5,5
paper-6fb246fd524d3d54,10.1021/jacs.6c02105,"Total Synthesis of Scholarisines A, I, T, and W and Identification of Scholarisine I as a Lysosome Inhibitor.",extracted_candidate_pending_review,allowed,not_expert_reviewed,1,0,0,Source-bound in-paper dataset imported; independent review and external route boundaries remain explicit.,4,0,0,0,0,0,0,0,5,22,26,26,5,5
paper-6ff9a985e64e1b0e,10.1021/acs.joc.6c00860,Total Synthesis of Scytonemin and Reduced Scytonemin.,extracted_candidate_pending_review,allowed,not_expert_reviewed,1,0,0,Source-bound in-paper dataset imported; independent review and external route boundaries remain explicit.,2,2,0,0,0,0,0,0,5,16,18,18,4,5
paper-715f9106f76c8961,10.1021/acs.joc.6c00749,Total Synthesis and Antimycobacterial Activity of Ascidiathiazones A and B and Analogues.,extracted_candidate_pending_review,allowed,not_expert_reviewed,1,0,0,Source-bound in-paper dataset imported; independent review and external route boundaries remain explicit.,2,2,0,0,0,0,0,0,5,20,21,21,9,8
paper-74e49e9e3bf2071e,10.1021/acs.orglett.6c00417,Total Synthesis of (+)-Raistrickindole A.,extracted_candidate_pending_review,allowed,not_expert_reviewed,1,0,0,Source-bound in-paper dataset imported; independent review and external route boundaries remain explicit.,1,1,0,0,0,0,0,0,2,10,7,7,1,3
paper-7536ef37e89afbbd,10.3390/molecules31101593,"Synthesis of the Natural Product 1,3-Dibehenyl-2-ferulyl Glyceride (Aquilaria malaccensis) and Its Derivatives",extracted_candidate_pending_review,allowed,not_expert_reviewed,1,0,0,Source-bound in-paper dataset imported; independent review and external route boundaries remain explicit.,1,1,0,0,0,0,0,0,4,27,17,17,11,17
paper-77c5a5f42c45c029,10.1021/acs.joc.5c03118,"Isolation and First Total Synthesis of PM100618 and PM110049, Two Structurally Distinct Marine-Derived Anticancer Oxazole Derivatives.",extracted_candidate_pending_review,allowed,not_expert_reviewed,1,0,0,Source-bound in-paper dataset imported; independent review and external route boundaries remain explicit.,2,2,0,0,0,0,0,0,5,27,20,20,3,3
paper-77cc3e5bcb3be4ba,10.1002/anie.2110292,Asymmetric Total Synthesis of (+)-Ineleganolide.,extracted_candidate_pending_review,allowed,not_expert_reviewed,1,0,0,Source-bound in-paper dataset imported; independent review and external route boundaries remain explicit.,1,0,0,0,68,22,18,0,1,27,21,21,4,9
paper-77fd7065d0ee2310,10.1021/acsptsci.6c00196,Concise Total Synthesis and Pharmacological Evaluation of Procerones A and B,extracted_candidate_pending_review,allowed,not_expert_reviewed,1,0,0,Source-bound in-paper dataset imported; independent review and external route boundaries remain explicit.,2,2,0,0,0,0,0,0,4,17,10,10,4,2
paper-7bbcfc3503beaac7,10.1021/jacs.6c10775,Total Synthesis of (+)-CC-1065.,metadata_only,metadata_only,not_expert_reviewed,0,0,0,Bibliographic metadata only; detailed chemical records excluded by policy.,1,0,0,0,0,0,0,0,3,0,0,0,0,0
paper-7cb3eccb7d7bacf1,10.1021/acs.jnatprod.6c00060,Total Synthesis of (-)-Protulactone B and Assessment of Its Antibacterial and Antifungal Activity.,extracted_candidate_pending_review,allowed,not_expert_reviewed,1,0,0,Source-bound in-paper dataset imported; independent review and external route boundaries remain explicit.,1,1,0,0,0,0,0,0,5,13,9,9,2,2
paper-7feec71cd6acc726,10.1021/jacs.6c02334,Seven-Step Total Synthesis of Conidiogenone B Enabled by Radical Cyclizations.,extracted_candidate_pending_review,allowed,not_expert_reviewed,1,0,0,Source-bound in-paper dataset imported; independent review and external route boundaries remain explicit.,1,0,0,0,0,0,0,0,2,22,13,13,2,4
paper-802e1955bc55766e,10.1021/jacs.6c04688,"Unified N -Sulfonylated Urea Catalyzed Enantioselective Dimerization, Arylation, and Amination of Tryptamines: Total Synthesis of Five Pyrroloindoline Alkaloids.",metadata_only,metadata_only,not_expert_reviewed,0,0,0,Bibliographic metadata only; detailed chemical records excluded by policy.,5,0,0,0,0,0,0,0,3,0,0,0,0,0
paper-80b3004a95a413da,10.1021/acs.orglett.6c02169,"Divergent Asymmetric Total Synthesis of (+)-Panduratin I, (+)-Nicolaioidesin B, (+)-Isopanduratin A1, and (+)-2-Hydroxyisopanduratin A via Enantioselective Radical Cation (4 + 2) Cycloaddition.",extracted_candidate_pending_review,allowed,not_expert_reviewed,1,1,0,Source-bound in-paper dataset imported; independent review and external route boundaries remain explicit.,4,4,5,0,0,0,0,0,5,44,20,33,5,15
paper-81b765e0f0c30805,10.1016/j.tet.2026.135292,Stereoselective total synthesis of aigialomycin D,metadata_only,metadata_only,not_expert_reviewed,0,0,0,Bibliographic metadata only; detailed chemical records excluded by policy.,1,0,0,0,0,0,0,0,0,0,0,0,0,0
paper-85e8c2686b8db79f,10.1021/jacs.6c09322,Total Synthesis of the Diterpene Alkaloid Thelepogine through Enyne Hydroamination.,extracted_candidate_pending_review,allowed,not_expert_reviewed,1,0,0,Source-bound in-paper dataset imported; independent review and external route boundaries remain explicit.,1,1,0,0,0,0,0,0,5,51,40,40,9,7
paper-85ead15cb461d3b7,10.1080/14786419.2026.2640603,First total synthesis of Ternatusine A from D-allal.,extracted_candidate_pending_review,allowed,not_expert_reviewed,1,1,0,Source-bound in-paper dataset imported; independent review and external route boundaries remain explicit.,1,1,1,0,0,0,0,0,2,8,4,4,3,8
paper-8736f8c2a9e952ac,10.1021/acs.orglett.6c02323,"Total Synthesis of Voratin C: Formation of the [6,5]-Spiroketal Core through Acid-Mediated Epoxide Cascade Opening.",extracted_candidate_pending_review,allowed,not_expert_reviewed,1,0,0,Source-bound in-paper dataset imported; independent review and external route boundaries remain explicit.,1,1,0,0,0,0,0,0,5,43,31,31,6,24
paper-8c076c5cf883e668,10.1021/acs.jnatprod.6c00751,Total Synthesis and Structural Confirmation of Epimedonins A and B and Biological Evaluation of Neuritogenic Activity,extracted_candidate_pending_review,allowed,not_expert_reviewed,1,0,0,Source-bound in-paper dataset imported; independent review and external route boundaries remain explicit.,2,2,0,0,30,11,9,0,6,16,11,11,3,9
paper-920358bb74cd4159,10.1002/ceur.70269,Site‐Selective Oxidative Dimerization of Oxaphenalenone Scaffolds: Total Synthesis of (±)‐Bacillosporin C,extracted_candidate_pending_review,allowed,not_expert_reviewed,1,0,0,Source-bound in-paper dataset imported; independent review and external route boundaries remain explicit.,1,1,0,0,0,0,0,0,2,33,36,36,17,5
paper-92c5e420009953b7,10.1021/acs.joc.5c03261,"Bioinspired Collective Synthesis of Gymnothelignans I, F, K, and L.",extracted_candidate_pending_review,allowed,not_expert_reviewed,1,1,0,Source-bound in-paper dataset imported; independent review and external route boundaries remain explicit.,4,2,1,0,0,0,0,0,4,48,18,37,15,9
paper-94a995685012cf20,10.1021/acs.orglett.6c00418,"Bioinspired Total Synthesis of Mulberrofurans G and J, Inethermulberrofuran C, and Mongolicin C from a Common Intermediate.",extracted_candidate_pending_review,allowed,not_expert_reviewed,1,0,0,Source-bound in-paper dataset imported; independent review and external route boundaries remain explicit.,4,4,0,0,0,0,0,0,5,27,24,24,10,7
paper-9575513b24b2c4f6,10.1021/jacs.6c02838,Total Synthesis of Euphopia B and Discovery of a Selective Inhibitor of Potassium Efflux-Independent NLRP3 Inflammasome Activation.,extracted_candidate_pending_review,allowed,not_expert_reviewed,1,0,0,Source-bound in-paper dataset imported; independent review and external route boundaries remain explicit.,1,0,0,0,0,0,0,0,5,36,36,36,7,6
paper-960f0a43f7299433,10.1021/jacs.6c10123,Synthesis of Chiral Cyclophanes via Pd(II)-Catalyzed Atroposelective C-H Macrocyclization: Total Synthesis of Isoplagiochin D.,extracted_candidate_pending_review,allowed,not_expert_reviewed,1,0,0,Source-bound in-paper dataset imported; independent review and external route boundaries remain explicit.,1,1,0,0,0,0,0,0,5,14,10,10,1,7
paper-96939387a0ca2d6e,10.1002/chem.71328,Divergent Total Syntheses of Bisnicalaterine Alkaloids Enabled by a Stereocontrolled Geissoschizol Synthesis,extracted_candidate_pending_review,allowed,not_expert_reviewed,1,0,0,Source-bound in-paper dataset imported; independent review and external route boundaries remain explicit.,2,0,0,0,0,0,0,0,2,38,25,25,9,12
paper-970b7c35db8d8b3d,10.1021/jacsau.5c01709,A Total Synthesis of (-)-Strychnine Using Photoredox Catalysis.,metadata_only,metadata_only,not_expert_reviewed,0,0,0,Bibliographic metadata only; detailed chemical records excluded by policy.,1,0,0,0,0,0,0,0,1,0,0,0,0,0
paper-9737a45310e98867,10.1021/acs.orglett.6c01172,Total Synthesis of Annonaceae Acetogenins Calamistrin A and Uvarigrin.,extracted_candidate_pending_review,allowed,not_expert_reviewed,1,1,0,Source-bound in-paper dataset imported; independent review and external route boundaries remain explicit.,2,2,2,0,0,0,0,0,5,33,16,24,2,18
paper-9be5e628c1703d5e,10.1002/ejoc.70684,"Concise Stereoselective Synthesis of (−)‐MK7607 and 1‐ Epi ‐(−)‐MK7607, and Preliminary Evaluation as Glycosidase Inhibitors",pending_structure_transcription,allowed,not_expert_reviewed,0,0,0,Sources indexed; atom/bond/stereo transcription and complete reaction topology are still required.,1,1,0,0,0,0,0,0,1,0,0,0,0,0
paper-9c5caeefea123377,10.1021/jacs.6c05583,Total Synthesis of Benthol A: The Nominal and the Actual Natural Product.,extracted_candidate_pending_review,allowed,not_expert_reviewed,1,1,0,Source-bound in-paper dataset imported; independent review and external route boundaries remain explicit.,1,0,1,0,0,0,0,0,5,67,48,56,6,11
paper-a078d08064d92edc,10.1016/j.tetlet.2026.156042,Total synthesis and structure revision of (±)-chaetoxanthone D,source_missing_local,allowed,not_expert_reviewed,0,0,0,No source files for this paper in the current archive; historical acquisition is not local availability.,1,0,0,0,0,0,0,0,0,0,0,0,0,0
paper-a2dbfa39bd33e9f0,10.1080/00304948.2026.2636100,Total Synthesis of Calothrixin B and a Novel Brominated Analog via C-H Activation and Heck Coupling,metadata_only,metadata_only,not_expert_reviewed,0,0,0,Bibliographic metadata only; detailed chemical records excluded by policy.,1,0,0,0,0,0,0,0,3,0,0,0,0,0
paper-b38d789b97e61341,10.1002/ejoc.202501128,Total Synthesis of rac ‐Keramamine C Enabled by Intrinsic H‐Bond‐Induced Conformational Fixation of Amides,extracted_candidate_pending_review,allowed,not_expert_reviewed,1,1,0,Source-bound in-paper dataset imported; independent review and external route boundaries remain explicit.,1,1,2,0,0,0,0,0,2,13,8,8,3,10
paper-b3c58900ac7cc4ff,10.1021/acs.orglett.6c02560,Total Synthesis of (±)-Caryopincaolide A.,metadata_only,metadata_only,not_expert_reviewed,0,0,0,Bibliographic metadata only; detailed chemical records excluded by policy.,1,0,0,0,0,0,0,0,2,0,0,0,0,0
paper-bcb45e24169aebc0,10.1021/acs.orglett.6c01066,Total Synthesis of Indigotinoline A and Enabled Stereochemical Revision of Isatindigotindoline B.,extracted_candidate_pending_review,allowed,not_expert_reviewed,1,1,0,Source-bound in-paper dataset imported; independent review and external route boundaries remain explicit.,1,1,3,0,0,0,0,0,5,26,14,23,7,9
paper-be6c8cb9a5ec1a41,10.1021/acs.joc.6c01571,Total Synthesis and Biofilm Inhibitory Studies of Knightine Cembranoid Diterpenes,extracted_candidate_pending_review,allowed,not_expert_reviewed,1,1,0,Source-bound in-paper dataset imported; independent review and external route boundaries remain explicit.,3,3,2,0,0,0,0,0,5,51,27,29,14,11
paper-bf1e3268993973fa,10.1021/acs.joc.6c00752,Synthesis and Structure Revision of Urupocidins A and B,extracted_candidate_pending_review,allowed,not_expert_reviewed,1,1,0,Source-bound in-paper dataset imported; independent review and external route boundaries remain explicit.,2,2,5,0,0,0,0,0,5,62,41,45,6,17
paper-bf43bfa09423bcac,10.1021/acs.orglett.6c02149,Total Synthesis of JBIR-141 and Its Analogues: Potent Inhibitors of Forkhead Box O3 (FOXO3).,extracted_candidate_pending_review,allowed,not_expert_reviewed,1,1,0,Source-bound in-paper dataset imported; independent review and external route boundaries remain explicit.,1,1,2,0,0,0,0,0,5,70,26,57,5,12
paper-bff74b7b8a828b65,10.1021/acs.orglett.6c00571,Total Synthesis of Acorane-Type Sesquiterpenes (±)-Bilaiaeacorenol B and (±)-Penicibilaenes A and B.,extracted_candidate_pending_review,allowed,not_expert_reviewed,1,0,0,Source-bound in-paper dataset imported; independent review and external route boundaries remain explicit.,3,3,0,0,0,0,0,0,5,31,22,22,7,6
paper-c2d9ec46e06369bf,10.1021/acs.jnatprod.6c00630,"Synthesis and Stereochemical Revision of Violaceoid E, a Polyoxygenated Cyclohexanoid Natural Product Isolated from Aspergillus violaceofuscus Gasperini",extracted_candidate_pending_review,allowed,not_expert_reviewed,1,0,0,Source-bound in-paper dataset imported; independent review and external route boundaries remain explicit.,1,1,0,0,0,0,0,0,6,23,21,21,6,10
paper-c4c0d668b9a2b9f7,10.1002/slct.202506979,"Total Synthesis of Coniferin B, Butylconiferin, and Coniferin Via a Reductive Acetal Ring‐Opening Reaction",extracted_candidate_pending_review,allowed,not_expert_reviewed,1,1,0,Source-bound in-paper dataset imported; independent review and external route boundaries remain explicit.,1,1,7,4,0,0,0,0,2,23,12,12,6,6
paper-c4cb813fe92c2654,10.1002/chem.71346,Total Synthesis and Structural Revision of Tetracyclic Diterpenoid (±)-Papililone A and (-)-Papililone A.,extracted_candidate_pending_review,allowed,not_expert_reviewed,1,0,0,Source-bound in-paper dataset imported; independent review and external route boundaries remain explicit.,1,1,0,0,0,0,0,0,2,59,47,47,12,8
paper-c5902842347862d8,10.1016/j.fitote.2026.107410,Total synthesis and anti-inflammatory evaluation of two prenylated coumestans.,source_missing_local,allowed,not_expert_reviewed,0,0,0,No source files for this paper in the current archive; historical acquisition is not local availability.,2,0,0,0,0,0,0,0,0,0,0,0,0,0
paper-c68b92dcce0b5753,10.1021/acs.orglett.6c01704,"Asymmetric Total Synthesis of C2-OH Lycopodium Alkaloids (-)-Palhinine B, (-)-Palhinine C, and (+)-Palhinine B Enabled by Stereocontrolled Diels-Alder Strategy.",extracted_candidate_pending_review,allowed,not_expert_reviewed,1,0,0,Source-bound in-paper dataset imported; independent review and external route boundaries remain explicit.,3,0,0,0,0,0,0,0,2,47,43,43,6,6
paper-c9bff72dbb15cbb3,10.1021/jacs.5c21637,Concise Total Synthesis of (+)-Shearilicine: A Machine Learning-Assisted Strategy for Ligand Optimization of an Enantioselective Palladium-Catalyzed α-Arylation.,metadata_only,metadata_only,not_expert_reviewed,0,0,0,Bibliographic metadata only; detailed chemical records excluded by policy.,1,0,0,0,0,0,0,0,3,0,0,0,0,0
paper-ca6c2f7ed809e360,10.1021/jacs.6c12963,"Concise Asymmetric Total Synthesis of (−)-Cribrostatin 4 via Development of a Rh-Catalyzed Asymmetric Hydrogenation of 2,5-Diketopiperazine-Derived Enamides",metadata_only,metadata_only,not_expert_reviewed,0,0,0,Bibliographic metadata only; detailed chemical records excluded by policy.,1,0,0,0,0,0,0,0,2,0,0,0,0,0
paper-cb317959e8cba4c0,10.1021/jacs.6c05580,Total Synthesis of Benthol A: Evidence for a Structure Revision.,extracted_candidate_pending_review,allowed,not_expert_reviewed,1,0,0,Source-bound in-paper dataset imported; independent review and external route boundaries remain explicit.,1,0,0,0,0,0,0,0,5,126,106,106,36,9
paper-ccd0ca2fecb9b3cc,10.1021/acs.jnatprod.6c00456,Total Synthesis and Structural Revision of (-)-Garvensintriol.,metadata_only,metadata_only,not_expert_reviewed,0,0,0,Bibliographic metadata only; detailed chemical records excluded by policy.,1,0,0,0,0,0,0,0,4,0,0,0,0,0
paper-d035a83486621e1f,10.1021/acs.orglett.6c01391,Biomimetic Radical Oligomerization Enables the Total Synthesis of Five Resveratrol Dimers.,extracted_candidate_pending_review,allowed,not_expert_reviewed,1,0,0,Source-bound in-paper dataset imported; independent review and external route boundaries remain explicit.,5,0,0,0,0,0,0,0,5,29,25,25,12,14
paper-d137f8265a6d2e32,10.1002/anie.6162176,Total Synthesis of Allocyclinone A via Late-Stage Halogen Swapping.,extracted_candidate_pending_review,allowed,not_expert_reviewed,1,0,0,Source-bound in-paper dataset imported; independent review and external route boundaries remain explicit.,2,2,0,0,0,0,0,0,2,34,29,29,4,9
paper-d4852cb652b4d31f,10.1002/ejoc.70617,Total Synthesis of Sacrolide A and Cytotoxic Evaluation,extracted_candidate_pending_review,allowed,not_expert_reviewed,1,1,0,Source-bound in-paper dataset imported; independent review and external route boundaries remain explicit.,1,1,7,0,0,0,0,0,2,34,22,23,4,10
paper-d56d30e3b9b84dbc,10.1021/acs.orglett.6c02545,"Directed Heterodimerization: Total Synthesis of (-)-Folicangine, (-)-Voafolidine, (-)-Isovoafolidine, and (-)-Tabernaesine B.",metadata_only,metadata_only,not_expert_reviewed,0,0,0,Bibliographic metadata only; detailed chemical records excluded by policy.,4,0,0,0,0,0,0,0,3,0,0,0,0,0
paper-d5b6a4cfeaa21ccf,10.1002/anie.4698250,Enantioselective Total Synthesis of Breviones Utilizing a Bio-Inspired Skeletal Editing Strategy.,extracted_candidate_pending_review,allowed,not_expert_reviewed,1,0,0,Source-bound in-paper dataset imported; independent review and external route boundaries remain explicit.,3,0,0,0,0,0,0,0,2,60,57,57,11,9
paper-d644e28e46d9de75,10.1021/jacsau.6c00174,Total Synthesis of Scandine.,extracted_candidate_pending_review,allowed,not_expert_reviewed,1,0,0,Source-bound in-paper dataset imported; independent review and external route boundaries remain explicit.,1,0,0,0,0,0,0,0,2,24,25,25,5,4
paper-d7ad71a4c6e665ca,10.1021/acs.jnatprod.5c01606,Catalytic Asymmetric Total Synthesis of Schibitubin G and Revision of Its Absolute Configuration.,extracted_candidate_pending_review,allowed,not_expert_reviewed,1,0,0,Source-bound in-paper dataset imported; independent review and external route boundaries remain explicit.,1,1,0,0,0,0,0,0,6,18,12,12,3,5
paper-d95eaa522fb28fc5,10.1002/anie.3945602,"Enantioselective Total Synthesis of (+)-Dracocephalone A, (+)-Dracocequinone A, and (-)-Dracocequinone B by Oxabridge Construction With Oxygen.",source_missing_local,allowed,not_expert_reviewed,0,0,0,No source files for this paper in the current archive; historical acquisition is not local availability.,3,0,0,0,0,0,0,0,0,0,0,0,0,0
paper-d9dcbe7ff94b3396,10.1021/jacs.6c00348,"Catalytic Asymmetric Total Synthesis of Grisemycin, a Thioangucycline Polyketide.",extracted_candidate_pending_review,allowed,not_expert_reviewed,1,0,0,Source-bound in-paper dataset imported; independent review and external route boundaries remain explicit.,1,0,0,0,0,0,0,0,5,23,18,18,1,6
paper-da140e48c4c6f2bc,10.1021/acs.orglett.6c02436,Total Syntheses and Structural Revision of Menominins A and B,metadata_only,metadata_only,not_expert_reviewed,0,0,0,Bibliographic metadata only; detailed chemical records excluded by policy.,2,0,0,0,0,0,0,0,0,0,0,0,0,0
paper-da15a4605bb00cb4,10.1002/ejoc.70594,Collective Total Synthesis of Five Styryllactones,extracted_candidate_pending_review,allowed,not_expert_reviewed,1,0,0,Source-bound in-paper dataset imported; independent review and external route boundaries remain explicit.,5,4,0,0,0,0,0,0,2,19,11,11,6,2
paper-dc4e60df4035666e,10.1080/14786419.2026.2694725,"Chemical synthesis of the antiproliferative natural product 2,3-epoxysesamone from a naphthazarin scaffold",extracted_candidate_pending_review,allowed,not_expert_reviewed,1,0,0,Source-bound in-paper dataset imported; independent review and external route boundaries remain explicit.,1,1,0,0,0,0,0,0,2,5,3,3,1,4
paper-e1019ba02f1e20ab,10.31635/ccschem.025.202506037,"Bioinspired Schenck-ene/Hock/Aldol Cascade Reaction Enables Concise Synthesis of Natural Products Alstoscholarinoid A, Masterpenoid D, Leontogenin, and Marsformoxide B",extracted_candidate_pending_review,allowed,not_expert_reviewed,1,0,0,Source-bound in-paper dataset imported; independent review and external route boundaries remain explicit.,4,0,0,0,0,0,0,0,4,46,43,43,20,8
paper-e308745e497d7800,10.1055/a-2909-3334,Enantioselective Total Synthesis of (−)-FR182877 and Evaluation of the Biological Activity of Its Pharmacophore,metadata_only,metadata_only,not_expert_reviewed,0,0,0,Bibliographic metadata only; detailed chemical records excluded by policy.,1,0,0,0,0,0,0,0,0,0,0,0,0,0
paper-e33dda994e3c8017,10.1021/acsomega.6c01624,First Divergent Total Synthesis of (±)-Nobilin D and Structurally Related Bibenzyl Natural Products.,extracted_candidate_pending_review,allowed,not_expert_reviewed,1,0,0,Source-bound in-paper dataset imported; independent review and external route boundaries remain explicit.,4,4,0,0,0,0,0,0,2,27,21,21,11,2
paper-e5720ad30f145174,10.1002/anie.5101280,Convergent Total Synthesis of 16β-Hydroxylpseudobufarenogin.,metadata_only,metadata_only,not_expert_reviewed,0,0,0,Bibliographic metadata only; detailed chemical records excluded by policy.,1,0,0,0,0,0,0,0,2,0,0,0,0,0
paper-e57a1b30085693f6,10.1016/j.tet.2026.135328,Total synthesis of (±)-8-methoxybicolosin C,metadata_only,metadata_only,not_expert_reviewed,0,0,0,Bibliographic metadata only; detailed chemical records excluded by policy.,1,0,0,0,0,0,0,0,0,0,0,0,0,0
paper-e5ffb08ae89e3c60,10.1021/acs.joc.6c00148,Total Synthesis of Kayeassamin A and Mammeasin A: Overcoming Challenges in the Construction of Sterically Overcrowded Pentasubstituted Coumarin Frameworks.,extracted_candidate_pending_review,allowed,not_expert_reviewed,1,0,0,Source-bound in-paper dataset imported; independent review and external route boundaries remain explicit.,2,2,0,0,0,0,0,0,2,41,35,35,9,6
paper-e6385b951e04c2da,10.1021/acs.orglett.6c00312,An Unexpected Isomerization for the Total Synthesis of Daphnepapytone A.,extracted_candidate_pending_review,allowed,not_expert_reviewed,1,0,0,Source-bound in-paper dataset imported; independent review and external route boundaries remain explicit.,1,0,0,0,0,0,0,0,2,32,20,20,8,7
paper-e79ae9485d8724c3,10.1021/acs.orglett.6c02181,Total Synthesis of (±)-Cephalotaxine-Type Alkaloids via a Semipinacol Rearrangement/Intramolecular Schmidt Sequence.,metadata_only,metadata_only,not_expert_reviewed,0,0,0,Bibliographic metadata only; detailed chemical records excluded by policy.,1,0,0,0,0,0,0,0,3,0,0,0,0,0
paper-e8695c1d3895d8c6,10.1021/acs.orglett.6c00246,Total Synthesis of (+)-Malbrancheamide B Employing a Bioinspired Strategy.,extracted_candidate_pending_review,allowed,not_expert_reviewed,1,0,0,Source-bound in-paper dataset imported; independent review and external route boundaries remain explicit.,1,0,0,0,0,0,0,0,2,15,13,13,4,4
paper-e9541a333b795ad2,10.1002/ejoc.70568,A Short Total Synthesis of the Daucane Sesquiterpenoid Ferutinin,extracted_candidate_pending_review,allowed,not_expert_reviewed,1,0,0,Source-bound in-paper dataset imported; independent review and external route boundaries remain explicit.,1,1,0,0,0,0,0,0,2,23,18,18,3,6
paper-ea35093e94671445,10.1055/a-2862-3959,Development of a Concise Stereospecific Strategy for the Total Synthesis of Xestodecalactone A and (S)-Curvularin,metadata_only,metadata_only,not_expert_reviewed,0,0,0,Bibliographic metadata only; detailed chemical records excluded by policy.,2,0,0,0,0,0,0,0,0,0,0,0,0,0
paper-ed2bb8684ec5aaae,10.1021/acs.orglett.6c02907,Asymmetric Total Synthesis of Fleminchalcone C: A Tyrosinase Inhibitor from Flemingia philippinensis.,extracted_candidate_pending_review,allowed,not_expert_reviewed,1,0,0,Source-bound in-paper dataset imported; independent review and external route boundaries remain explicit.,1,1,0,0,0,0,0,0,5,29,26,26,4,6
paper-f01cc38f743d98f4,10.1002/ejoc.202600007,"Chemoenzymatic Synthesis of 5,11‐Epoxy‐4‐Hydroxyamoyphane, 4,11‐Epoxy‐5‐Hydroxyamoyphane and Their Structural Reassignment",extracted_candidate_pending_review,allowed,not_expert_reviewed,1,0,0,Source-bound in-paper dataset imported; independent review and external route boundaries remain explicit.,1,1,0,0,0,0,0,0,2,7,5,5,4,8
paper-f0b88258787c03ae,10.1021/acs.orglett.6c02945,"Enantioselective Total Synthesis of Rhodocoranes C, D, and E by Chiral Lithium Amide Alkylation and Gold-Catalyzed Spirocyclization.",extracted_candidate_pending_review,allowed,not_expert_reviewed,1,1,0,Source-bound in-paper dataset imported; independent review and external route boundaries remain explicit.,3,3,6,3,0,0,0,0,5,18,12,13,3,13
paper-f108ae1dc658cd85,10.1002/ejoc.202501205,Total Synthesis of the Naturally Occurring Amaryllidaceae Alkaloid (+)‐Zephycitrine,extracted_candidate_pending_review,allowed,not_expert_reviewed,1,1,0,Source-bound in-paper dataset imported; independent review and external route boundaries remain explicit.,1,1,1,0,0,0,0,0,2,20,13,14,3,8
paper-f1d4d3ac12fade5a,10.1002/chem.71503,Total Synthesis of Paliurine E by a Highly Convergent Block Approach.,extracted_candidate_pending_review,allowed,not_expert_reviewed,1,0,0,Source-bound in-paper dataset imported; independent review and external route boundaries remain explicit.,1,1,0,0,0,0,0,0,2,15,12,12,4,6
paper-f30be710c4e097c3,10.1093/bbb/zbag055,"Concise synthesis of inonophenol A and B, phenolic metabolites from the cultivated edible mushroom Inonotus hispidus",pending_structure_transcription,allowed,not_expert_reviewed,0,0,0,Sources indexed; atom/bond/stereo transcription and complete reaction topology are still required.,2,0,0,0,0,0,0,0,3,0,0,0,0,0
paper-f30e351117a5b6cc,10.1021/acs.joc.6c01205,Enantioselective Total Synthesis of (+)-Bisabosqual A and Studies on Late-Stage C(sp3)–H Functionalization Approaches to Bisabosquals,extracted_candidate_pending_review,allowed,not_expert_reviewed,1,1,0,Source-bound in-paper dataset imported; independent review and external route boundaries remain explicit.,1,1,1,0,0,0,0,0,4,49,28,33,4,13
paper-f6b5505f9a462a36,10.1002/anie.4281634,Total Synthesis of the Spirocyclic Bis-Indole Alkaloid (-)-Owerreine via a [4+2] Annulation.,extracted_candidate_pending_review,allowed,not_expert_reviewed,1,0,0,Source-bound in-paper dataset imported; independent review and external route boundaries remain explicit.,1,0,0,0,0,0,0,0,2,18,15,15,5,5
paper-f8999f4cfd4d1386,10.1021/jacsau.6c00609,Total Synthesis of Schisanlactone A and Ganodermalactone H via Selective Transformation of a Cycloheptatriene Intermediate.,metadata_only,metadata_only,not_expert_reviewed,0,0,0,Bibliographic metadata only; detailed chemical records excluded by policy.,2,0,0,0,0,0,0,0,3,0,0,0,0,0
paper-fc94daed8713ef1e,10.1021/jacs.6c09948,Asymmetric Total Synthesis of Venezuelaene A via TEMPO+BF4--Mediated Oxidative Nazarov Cyclization and Cascade Metathesis.,extracted_candidate_pending_review,allowed,not_expert_reviewed,1,0,0,Source-bound in-paper dataset imported; independent review and external route boundaries remain explicit.,1,0,0,0,0,0,0,0,5,36,29,29,4,6
paper-fd21dcae86bb47e8,10.1021/acs.orglett.6c00658,Oxidation-Induced Scaffold Remodeling in Ainsliaea Disesquiterpenoids: Total Synthesis of Macrocephadiolide A.,extracted_candidate_pending_review,allowed,not_expert_reviewed,1,0,0,Source-bound in-paper dataset imported; independent review and external route boundaries remain explicit.,1,0,0,0,0,0,0,0,2,13,11,11,8,6
