label,reported_neutral_formula,neutral_formula_match,reported_adduct,calculated_mz_reported,found_mz_reported,graph_derived_mz,reported_calculated_mz_consistent,found_mass_error_ppm,source_references
11a,C8H6BrIO3,True,M,355.8545,355.8544,355.85395557199996,True,1.2489056060166712,"[{""source_id"": ""si"", ""sha256"": ""fbcf6dd6bf3392eafd4c21f60d6205f35b536b6b7dbfd84b3deff65c3e4ec249"", ""pages"": [5], ""locator"": ""SI PDF page: HRMS 11a""}]"
11b,C8H6BrIO3,True,H,356.8623,356.8625,356.86178061899994,True,2.015853305499329,"[{""source_id"": ""si"", ""sha256"": ""fbcf6dd6bf3392eafd4c21f60d6205f35b536b6b7dbfd84b3deff65c3e4ec249"", ""pages"": [5], ""locator"": ""SI PDF page: HRMS 11b""}]"
11c,C8H5BrI2O3,True,Na,504.7409,504.7405,504.740372822,True,0.25196716344043674,"[{""source_id"": ""si"", ""sha256"": ""fbcf6dd6bf3392eafd4c21f60d6205f35b536b6b7dbfd84b3deff65c3e4ec249"", ""pages"": [5], ""locator"": ""SI PDF page: HRMS 11c""}]"
8a,C23H21BrO6,True,Na,495.0419,495.0416,495.04137119399996,True,0.46219571406832355,"[{""source_id"": ""si"", ""sha256"": ""fbcf6dd6bf3392eafd4c21f60d6205f35b536b6b7dbfd84b3deff65c3e4ec249"", ""pages"": [6], ""locator"": ""SI PDF page: HRMS 8a""}]"
8b,C38H36O9,True,Na,659.2257,659.2258,659.2251534339999,True,0.9807969200598285,"[{""source_id"": ""si"", ""sha256"": ""fbcf6dd6bf3392eafd4c21f60d6205f35b536b6b7dbfd84b3deff65c3e4ec249"", ""pages"": [6], ""locator"": ""SI PDF page: HRMS 8b""}]"
13,C13H28OSi,True,Na,251.1807,251.1796,251.180162748,True,-2.2404157790023898,"[{""source_id"": ""si"", ""sha256"": ""fbcf6dd6bf3392eafd4c21f60d6205f35b536b6b7dbfd84b3deff65c3e4ec249"", ""pages"": [7], ""locator"": ""SI PDF page: HRMS 13""}]"
14,C35H46O8Si,True,Na,645.286,645.2837,645.285415664,True,-2.6587676683367114,"[{""source_id"": ""si"", ""sha256"": ""fbcf6dd6bf3392eafd4c21f60d6205f35b536b6b7dbfd84b3deff65c3e4ec249"", ""pages"": [8], ""locator"": ""SI PDF page: HRMS 14""}]"
7a,C35H48O8Si,True,Na,647.3016,647.3002,647.3010657279999,True,-1.3374425684292721,"[{""source_id"": ""si"", ""sha256"": ""fbcf6dd6bf3392eafd4c21f60d6205f35b536b6b7dbfd84b3deff65c3e4ec249"", ""pages"": [9], ""locator"": ""SI PDF page: HRMS 7a""}]"
6a,C29H30O8,True,Na,529.1838,529.1839,529.1832886219998,True,1.1553237097419498,"[{""source_id"": ""si"", ""sha256"": ""fbcf6dd6bf3392eafd4c21f60d6205f35b536b6b7dbfd84b3deff65c3e4ec249"", ""pages"": [10], ""locator"": ""SI PDF page: HRMS 6a""}]"
6b,C29H30O8,True,Na,529.1838,529.1828,529.1832886219998,True,-0.9233511532070776,"[{""source_id"": ""si"", ""sha256"": ""fbcf6dd6bf3392eafd4c21f60d6205f35b536b6b7dbfd84b3deff65c3e4ec249"", ""pages"": [10], ""locator"": ""SI PDF page: HRMS 6b""}]"
1,C22H26O8,True,Na,441.1525,441.1526,441.1519884939999,True,1.3861571885587867,"[{""source_id"": ""si"", ""sha256"": ""fbcf6dd6bf3392eafd4c21f60d6205f35b536b6b7dbfd84b3deff65c3e4ec249"", ""pages"": [11], ""locator"": ""SI PDF page: HRMS 1""}]"
2,C23H28O8,True,Na,455.1682,455.1658,455.1676385579999,True,-4.039298588410812,"[{""source_id"": ""si"", ""sha256"": ""fbcf6dd6bf3392eafd4c21f60d6205f35b536b6b7dbfd84b3deff65c3e4ec249"", ""pages"": [12], ""locator"": ""SI PDF page: HRMS 2""}]"
15,C23H28O8,True,Na,455.1682,455.1679,455.1676385579999,True,0.574386177574269,"[{""source_id"": ""si"", ""sha256"": ""fbcf6dd6bf3392eafd4c21f60d6205f35b536b6b7dbfd84b3deff65c3e4ec249"", ""pages"": [12], ""locator"": ""SI PDF page: HRMS 15""}]"
17,C46H58O15,True,Na,873.3673,873.3677,873.366791858,True,1.039817415115473,"[{""source_id"": ""si"", ""sha256"": ""fbcf6dd6bf3392eafd4c21f60d6205f35b536b6b7dbfd84b3deff65c3e4ec249"", ""pages"": [13], ""locator"": ""SI PDF page: HRMS 17""}]"
3,C44H50O15,True,Na,841.3047,841.3046,841.3041916020001,True,0.4854344053757989,"[{""source_id"": ""si"", ""sha256"": ""fbcf6dd6bf3392eafd4c21f60d6205f35b536b6b7dbfd84b3deff65c3e4ec249"", ""pages"": [14], ""locator"": ""SI PDF page: HRMS 3""}]"
4,C22H24O7,True,Na,423.142,423.1428,423.14142380999994,True,3.2523168913502625,"[{""source_id"": ""si"", ""sha256"": ""fbcf6dd6bf3392eafd4c21f60d6205f35b536b6b7dbfd84b3deff65c3e4ec249"", ""pages"": [14], ""locator"": ""SI PDF page: HRMS 4""}]"
20,C22H26O8,True,Na,441.1525,441.152,441.1519884939999,True,0.02608171418952957,"[{""source_id"": ""si"", ""sha256"": ""fbcf6dd6bf3392eafd4c21f60d6205f35b536b6b7dbfd84b3deff65c3e4ec249"", ""pages"": [15], ""locator"": ""SI PDF page: HRMS 20""}]"
21,C23H28O8,True,Na,455.1682,455.1668,455.1676385579999,True,-1.842305842614427,"[{""source_id"": ""si"", ""sha256"": ""fbcf6dd6bf3392eafd4c21f60d6205f35b536b6b7dbfd84b3deff65c3e4ec249"", ""pages"": [16], ""locator"": ""SI PDF page: HRMS 21""}]"
22,C44H50O15,True,Na,841.3047,841.305,841.3041916020001,True,0.9608866899269042,"[{""source_id"": ""si"", ""sha256"": ""fbcf6dd6bf3392eafd4c21f60d6205f35b536b6b7dbfd84b3deff65c3e4ec249"", ""pages"": [16], ""locator"": ""SI PDF page: HRMS 22""}]"
