event_id,reactant_labels,product_labels,step_ids,substrate_product_smiles,reported_yields,category,source_references,review_status,smiles_scope,formal_benchmark_eligible,admission_authority,reported_combined_yield_percent,combined_yield_product_labels,reported_dr,yield_scope,unresolved_product_components,reactant_relationship,further_purification_yields,nonisolated_byproduct_labels
E01,"[""o-vanillin"", ""diiodomethane""]","[""10""]","[""E01.1"", ""E01.2"", ""E01.3""]",COc1cccc(C=O)c1O.ICI>>COc1cc(Br)cc2c1OCO2,"[{""product_label"": ""10"", ""percent"": 36, ""from_label"": ""o-vanillin"", ""from_labels"": [""o-vanillin"", ""diiodomethane""], ""scope"": ""isolated product yield from the event input material; not allocated to internal stages""}]",forward_synthesis,"[{""source_id"": ""si"", ""sha256"": ""fbcf6dd6bf3392eafd4c21f60d6205f35b536b6b7dbfd84b3deff65c3e4ec249"", ""pages"": [3], ""locator"": ""SI PDF page: E01 preparation""}, {""source_id"": ""main"", ""sha256"": ""5c3cac57b641d17284fb2fbb3f63fa4221ebcad14c33beb9d14cb216729d61ff"", ""pages"": [3, 4, 5, 6, 7], ""locator"": ""Main successful synthesis schemes and model controls: E01 preparation""}]",pending_independent_chemist_review,"Substrate-product graph sequence, not atom balanced; inferred internal stage graphs explicitly distinguished",False,False,,,,,,,,
E02,"[""10""]","[""11a"", ""11b"", ""11c""]","[""E02.1""]",COc1cc(Br)cc2c1OCO2>>COc1c(I)c(Br)c(I)c2c1OCO2.COc1c(I)c(Br)cc2c1OCO2.COc1cc(Br)c(I)c2c1OCO2,"[{""product_label"": ""11a"", ""percent"": 60, ""from_label"": ""10"", ""from_labels"": [""10""], ""scope"": ""isolated product yield from the event input material; not allocated to internal stages""}, {""product_label"": ""11b"", ""percent"": 15, ""from_label"": ""10"", ""from_labels"": [""10""], ""scope"": ""isolated product yield from the event input material; not allocated to internal stages""}, {""product_label"": ""11c"", ""percent"": 8, ""from_label"": ""10"", ""from_labels"": [""10""], ""scope"": ""isolated product yield from the event input material; not allocated to internal stages""}]",forward_synthesis,"[{""source_id"": ""si"", ""sha256"": ""fbcf6dd6bf3392eafd4c21f60d6205f35b536b6b7dbfd84b3deff65c3e4ec249"", ""pages"": [4, 5], ""locator"": ""SI PDF page: E02 preparation""}, {""source_id"": ""main"", ""sha256"": ""5c3cac57b641d17284fb2fbb3f63fa4221ebcad14c33beb9d14cb216729d61ff"", ""pages"": [3, 4, 5, 6, 7], ""locator"": ""Main successful synthesis schemes and model controls: E02 preparation""}]",pending_independent_chemist_review,"Substrate-product graph sequence, not atom balanced; inferred internal stage graphs explicitly distinguished",False,False,,,,,,,,
E03,"[""11a"", ""12""]","[""8a"", ""8b""]","[""E03.1""]",COc1c(I)c(Br)cc2c1OCO2.COc1cc(B(O)O)cc(OC)c1OCc1ccccc1>>COc1cc(-c2c(Br)cc3c(c2OC)OCO3)cc(OC)c1OCc1ccccc1.COc1cc(-c2cc3c(c(OC)c2-c2cc(OC)c(OCc4ccccc4)c(OC)c2)OCO3)cc(OC)c1OCc1ccccc1,"[{""product_label"": ""8a"", ""percent"": 94, ""from_label"": ""11a"", ""from_labels"": [""11a"", ""12""], ""scope"": ""isolated product yield from the event input material; not allocated to internal stages""}, {""product_label"": ""8b"", ""percent"": 4, ""from_label"": ""11a"", ""from_labels"": [""11a"", ""12""], ""scope"": ""isolated product yield from the event input material; not allocated to internal stages""}]",forward_synthesis,"[{""source_id"": ""si"", ""sha256"": ""fbcf6dd6bf3392eafd4c21f60d6205f35b536b6b7dbfd84b3deff65c3e4ec249"", ""pages"": [5, 6], ""locator"": ""SI PDF page: E03 preparation""}, {""source_id"": ""main"", ""sha256"": ""5c3cac57b641d17284fb2fbb3f63fa4221ebcad14c33beb9d14cb216729d61ff"", ""pages"": [3, 4, 5, 6, 7], ""locator"": ""Main successful synthesis schemes and model controls: E03 preparation""}]",pending_independent_chemist_review,"Substrate-product graph sequence, not atom balanced; inferred internal stage graphs explicitly distinguished",False,False,,,,,,,,
E04,"[""13-precursor"", ""TBSCl""]","[""13""]","[""E04.1"", ""E04.2""]",C=C[C@H](C)[C@H](C)C(=O)N1C(=O)OC[C@@H]1c1ccccc1.CC(C)(C)[Si](C)(C)Cl>>C=C[C@H](C)[C@H](C)CO[Si](C)(C)C(C)(C)C,"[{""product_label"": ""13"", ""percent"": 59, ""from_label"": ""13-precursor"", ""from_labels"": [""13-precursor"", ""TBSCl""], ""scope"": ""isolated product yield from the event input material; not allocated to internal stages""}]",forward_synthesis,"[{""source_id"": ""si"", ""sha256"": ""fbcf6dd6bf3392eafd4c21f60d6205f35b536b6b7dbfd84b3deff65c3e4ec249"", ""pages"": [6, 7], ""locator"": ""SI PDF page: E04 preparation""}, {""source_id"": ""main"", ""sha256"": ""5c3cac57b641d17284fb2fbb3f63fa4221ebcad14c33beb9d14cb216729d61ff"", ""pages"": [3, 4, 5, 6, 7], ""locator"": ""Main successful synthesis schemes and model controls: E04 preparation""}]",pending_independent_chemist_review,"Substrate-product graph sequence, not atom balanced; inferred internal stage graphs explicitly distinguished",False,False,,,,,,,,
E05,"[""13"", ""8a""]","[""7a"", ""7b""]","[""E05.1"", ""E05.2"", ""E05.3""]",C=C[C@H](C)[C@H](C)CO[Si](C)(C)C(C)(C)C.COc1cc(-c2c(Br)cc3c(c2OC)OCO3)cc(OC)c1OCc1ccccc1>>COc1cc(-c2c([C@@H](O)[C@H](C)[C@H](C)CO[Si](C)(C)C(C)(C)C)cc3c(c2OC)OCO3)cc(OC)c1OCc1ccccc1.COc1cc(-c2c([C@H](O)[C@H](C)[C@H](C)CO[Si](C)(C)C(C)(C)C)cc3c(c2OC)OCO3)cc(OC)c1OCc1ccccc1,[],forward_synthesis,"[{""source_id"": ""si"", ""sha256"": ""fbcf6dd6bf3392eafd4c21f60d6205f35b536b6b7dbfd84b3deff65c3e4ec249"", ""pages"": [7, 8], ""locator"": ""SI PDF page: E05 preparation""}, {""source_id"": ""main"", ""sha256"": ""5c3cac57b641d17284fb2fbb3f63fa4221ebcad14c33beb9d14cb216729d61ff"", ""pages"": [3, 4, 5, 6, 7], ""locator"": ""Main successful synthesis schemes and model controls: E05 preparation""}]",pending_independent_chemist_review,"Substrate-product graph sequence, not atom balanced; inferred internal stage graphs explicitly distinguished",False,False,38,"[""7a"", ""7b""]",44:43:8:5; two minor isomers unresolved,Combined isolated material; no component-wise allocation,"[""minor diastereomer, 8 parts"", ""minor diastereomer, 5 parts""]",,,
E06,"[""7a"", ""7b""]","[""14""]","[""E06.1""]",COc1cc(-c2c([C@@H](O)[C@H](C)[C@H](C)CO[Si](C)(C)C(C)(C)C)cc3c(c2OC)OCO3)cc(OC)c1OCc1ccccc1.COc1cc(-c2c([C@H](O)[C@H](C)[C@H](C)CO[Si](C)(C)C(C)(C)C)cc3c(c2OC)OCO3)cc(OC)c1OCc1ccccc1>>COc1cc(-c2c(C(=O)[C@H](C)[C@H](C)CO[Si](C)(C)C(C)(C)C)cc3c(c2OC)OCO3)cc(OC)c1OCc1ccccc1,"[{""product_label"": ""14"", ""percent"": 70, ""from_label"": ""7a"", ""from_labels"": [""7a"", ""7b""], ""scope"": ""isolated product yield from the event input material; not allocated to internal stages""}]",forward_synthesis,"[{""source_id"": ""si"", ""sha256"": ""fbcf6dd6bf3392eafd4c21f60d6205f35b536b6b7dbfd84b3deff65c3e4ec249"", ""pages"": [8], ""locator"": ""SI PDF page: E06 preparation""}, {""source_id"": ""main"", ""sha256"": ""5c3cac57b641d17284fb2fbb3f63fa4221ebcad14c33beb9d14cb216729d61ff"", ""pages"": [3, 4, 5, 6, 7], ""locator"": ""Main successful synthesis schemes and model controls: E06 preparation""}]",pending_independent_chemist_review,"Substrate-product graph sequence, not atom balanced; inferred internal stage graphs explicitly distinguished",False,False,,,,,,"components of the source input mixture, not separate cosubstrates",,
E07,"[""14""]","[""7a"", ""7b""]","[""E07.1""]",COc1cc(-c2c(C(=O)[C@H](C)[C@H](C)CO[Si](C)(C)C(C)(C)C)cc3c(c2OC)OCO3)cc(OC)c1OCc1ccccc1>>COc1cc(-c2c([C@@H](O)[C@H](C)[C@H](C)CO[Si](C)(C)C(C)(C)C)cc3c(c2OC)OCO3)cc(OC)c1OCc1ccccc1.COc1cc(-c2c([C@H](O)[C@H](C)[C@H](C)CO[Si](C)(C)C(C)(C)C)cc3c(c2OC)OCO3)cc(OC)c1OCc1ccccc1,[],forward_synthesis,"[{""source_id"": ""si"", ""sha256"": ""fbcf6dd6bf3392eafd4c21f60d6205f35b536b6b7dbfd84b3deff65c3e4ec249"", ""pages"": [8, 9], ""locator"": ""SI PDF page: E07 preparation""}, {""source_id"": ""main"", ""sha256"": ""5c3cac57b641d17284fb2fbb3f63fa4221ebcad14c33beb9d14cb216729d61ff"", ""pages"": [3, 4, 5, 6, 7], ""locator"": ""Main successful synthesis schemes and model controls: E07 preparation""}]",pending_independent_chemist_review,"Substrate-product graph sequence, not atom balanced; inferred internal stage graphs explicitly distinguished",False,False,91,"[""7a"", ""7b""]",95:5,Combined isolated material; no component-wise allocation,,,,
E08,"[""7a"", ""7b""]","[""6a"", ""6b""]","[""E08.1"", ""E08.2""]",COc1cc(-c2c([C@@H](O)[C@H](C)[C@H](C)CO[Si](C)(C)C(C)(C)C)cc3c(c2OC)OCO3)cc(OC)c1OCc1ccccc1.COc1cc(-c2c([C@H](O)[C@H](C)[C@H](C)CO[Si](C)(C)C(C)(C)C)cc3c(c2OC)OCO3)cc(OC)c1OCc1ccccc1>>COc1cc(-c2c([C@@H]3OC(=O)[C@@H](C)[C@H]3C)cc3c(c2OC)OCO3)cc(OC)c1OCc1ccccc1.COc1cc(-c2c([C@H]3OC(=O)[C@@H](C)[C@H]3C)cc3c(c2OC)OCO3)cc(OC)c1OCc1ccccc1,"[{""product_label"": ""6a"", ""percent"": 34, ""from_label"": ""7a"", ""from_labels"": [""7a"", ""7b""], ""scope"": ""isolated product yield from the event input material; not allocated to internal stages""}, {""product_label"": ""6b"", ""percent"": 43, ""from_label"": ""7a"", ""from_labels"": [""7a"", ""7b""], ""scope"": ""isolated product yield from the event input material; not allocated to internal stages""}]",forward_synthesis,"[{""source_id"": ""si"", ""sha256"": ""fbcf6dd6bf3392eafd4c21f60d6205f35b536b6b7dbfd84b3deff65c3e4ec249"", ""pages"": [9, 10], ""locator"": ""SI PDF page: E08 preparation""}, {""source_id"": ""main"", ""sha256"": ""5c3cac57b641d17284fb2fbb3f63fa4221ebcad14c33beb9d14cb216729d61ff"", ""pages"": [3, 4, 5, 6, 7], ""locator"": ""Main successful synthesis schemes and model controls: E08 preparation""}]",pending_independent_chemist_review,"Substrate-product graph sequence, not atom balanced; inferred internal stage graphs explicitly distinguished",False,False,,,,,,"components of the source input mixture, not separate cosubstrates",,
E09,"[""7a""]","[""6a""]","[""E09.1"", ""E09.2""]",COc1cc(-c2c([C@H](O)[C@H](C)[C@H](C)CO[Si](C)(C)C(C)(C)C)cc3c(c2OC)OCO3)cc(OC)c1OCc1ccccc1>>COc1cc(-c2c([C@@H]3OC(=O)[C@@H](C)[C@H]3C)cc3c(c2OC)OCO3)cc(OC)c1OCc1ccccc1,"[{""product_label"": ""6a"", ""percent"": 89, ""from_label"": ""7a"", ""from_labels"": [""7a""], ""scope"": ""isolated product yield from the event input material; not allocated to internal stages""}]",forward_synthesis,"[{""source_id"": ""main"", ""sha256"": ""5c3cac57b641d17284fb2fbb3f63fa4221ebcad14c33beb9d14cb216729d61ff"", ""pages"": [3, 4, 5, 6, 7], ""locator"": ""Main successful synthesis schemes and model controls: E09 preparation""}]",pending_independent_chemist_review,"Substrate-product graph sequence, not atom balanced; inferred internal stage graphs explicitly distinguished",False,False,,,,,,,,
E10,"[""6a""]","[""1"", ""1-epi""]","[""E10.1"", ""E10.2""]",COc1cc(-c2c([C@@H]3OC(=O)[C@@H](C)[C@H]3C)cc3c(c2OC)OCO3)cc(OC)c1OCc1ccccc1>>COc1cc(-c2c([C@@H]3O[C@@H](O)[C@@H](C)[C@H]3C)cc3c(c2OC)OCO3)cc(OC)c1O.COc1cc(-c2c([C@@H]3O[C@H](O)[C@@H](C)[C@H]3C)cc3c(c2OC)OCO3)cc(OC)c1O,[],forward_synthesis,"[{""source_id"": ""si"", ""sha256"": ""fbcf6dd6bf3392eafd4c21f60d6205f35b536b6b7dbfd84b3deff65c3e4ec249"", ""pages"": [10, 11], ""locator"": ""SI PDF page: E10 preparation""}, {""source_id"": ""main"", ""sha256"": ""5c3cac57b641d17284fb2fbb3f63fa4221ebcad14c33beb9d14cb216729d61ff"", ""pages"": [3, 4, 5, 6, 7], ""locator"": ""Main successful synthesis schemes and model controls: E10 preparation""}]",pending_independent_chemist_review,"Substrate-product graph sequence, not atom balanced; inferred internal stage graphs explicitly distinguished",False,False,99,"[""1"", ""1-epi""]",86:14,Combined isolated material; no component-wise allocation,,,,
E11,"[""6a"", ""methanol""]","[""2"", ""15""]","[""E11.1"", ""E11.2"", ""E11.3""]",CO.COc1cc(-c2c([C@@H]3OC(=O)[C@@H](C)[C@H]3C)cc3c(c2OC)OCO3)cc(OC)c1OCc1ccccc1>>COc1cc(-c2c([C@@H]3O[C@@H](OC)[C@@H](C)[C@H]3C)cc3c(c2OC)OCO3)cc(OC)c1O.COc1cc(-c2c([C@@H]3O[C@H](OC)[C@@H](C)[C@H]3C)cc3c(c2OC)OCO3)cc(OC)c1O,"[{""product_label"": ""2"", ""percent"": 58, ""from_label"": ""6a"", ""from_labels"": [""6a"", ""methanol""], ""scope"": ""isolated product yield from the event input material; not allocated to internal stages""}, {""product_label"": ""15"", ""percent"": 11, ""from_label"": ""6a"", ""from_labels"": [""6a"", ""methanol""], ""scope"": ""isolated product yield from the event input material; not allocated to internal stages""}]",forward_synthesis,"[{""source_id"": ""si"", ""sha256"": ""fbcf6dd6bf3392eafd4c21f60d6205f35b536b6b7dbfd84b3deff65c3e4ec249"", ""pages"": [11, 12], ""locator"": ""SI PDF page: E11 preparation""}, {""source_id"": ""main"", ""sha256"": ""5c3cac57b641d17284fb2fbb3f63fa4221ebcad14c33beb9d14cb216729d61ff"", ""pages"": [3, 4, 5, 6, 7], ""locator"": ""Main successful synthesis schemes and model controls: E11 preparation""}]",pending_independent_chemist_review,"Substrate-product graph sequence, not atom balanced; inferred internal stage graphs explicitly distinguished",False,False,,,,,,,,
E12,"[""6a""]","[""3"", ""3-epi"", ""4""]","[""E12.1"", ""E12.2"", ""E12.3""]",COc1cc(-c2c([C@@H]3OC(=O)[C@@H](C)[C@H]3C)cc3c(c2OC)OCO3)cc(OC)c1OCc1ccccc1>>COc1cc(-c2c([C@@H]3O[C@@H](O[C@H]4O[C@@H](c5cc6c(c(OC)c5-c5cc(OC)c(O)c(OC)c5)OCO6)[C@H](C)[C@@H]4C)[C@@H](C)[C@H]3C)cc3c(c2OC)OCO3)cc(OC)c1O.COc1cc(-c2c([C@@H]3O[C@H](O[C@H]4O[C@@H](c5cc6c(c(OC)c5-c5cc(OC)c(O)c(OC)c5)OCO6)[C@H](C)[C@@H]4C)[C@@H](C)[C@H]3C)cc3c(c2OC)OCO3)cc(OC)c1O.COc1cc2c(c(OC)c1O)[C@H]1O[C@@H](c3cc4c(c(OC)c3-2)OCO4)[C@H](C)[C@@H]1C,"[{""product_label"": ""4"", ""percent"": 8, ""from_label"": ""6a"", ""from_labels"": [""6a""], ""scope"": ""isolated product yield from the event input material; not allocated to internal stages""}]",forward_synthesis,"[{""source_id"": ""si"", ""sha256"": ""fbcf6dd6bf3392eafd4c21f60d6205f35b536b6b7dbfd84b3deff65c3e4ec249"", ""pages"": [13, 14], ""locator"": ""SI PDF page: E12 preparation""}, {""source_id"": ""main"", ""sha256"": ""5c3cac57b641d17284fb2fbb3f63fa4221ebcad14c33beb9d14cb216729d61ff"", ""pages"": [3, 4, 5, 6, 7], ""locator"": ""Main successful synthesis schemes and model controls: E12 preparation""}]",pending_independent_chemist_review,"Substrate-product graph sequence, not atom balanced; inferred internal stage graphs explicitly distinguished",False,False,61,"[""3"", ""3-epi""]",91:9,Combined isolated material; no component-wise allocation,,,"[{""product_label"": ""3"", ""percent"": 24, ""scope"": ""single-isomer subset after additional chromatography; not additive to combined yield""}]",
E13,"[""6a""]","[""4""]","[""E13.1"", ""E13.2"", ""E13.3""]",COc1cc(-c2c([C@@H]3OC(=O)[C@@H](C)[C@H]3C)cc3c(c2OC)OCO3)cc(OC)c1OCc1ccccc1>>COc1cc2c(c(OC)c1O)[C@H]1O[C@@H](c3cc4c(c(OC)c3-2)OCO4)[C@H](C)[C@@H]1C,"[{""product_label"": ""4"", ""percent"": 99, ""from_label"": ""6a"", ""from_labels"": [""6a""], ""scope"": ""isolated product yield from the event input material; not allocated to internal stages""}]",forward_synthesis,"[{""source_id"": ""main"", ""sha256"": ""5c3cac57b641d17284fb2fbb3f63fa4221ebcad14c33beb9d14cb216729d61ff"", ""pages"": [3, 4, 5, 6, 7], ""locator"": ""Main successful synthesis schemes and model controls: E13 preparation""}]",pending_independent_chemist_review,"Substrate-product graph sequence, not atom balanced; inferred internal stage graphs explicitly distinguished",False,False,,,,,,,,
E14,"[""6b""]","[""20"", ""20-epi""]","[""E14.1"", ""E14.2""]",COc1cc(-c2c([C@H]3OC(=O)[C@@H](C)[C@H]3C)cc3c(c2OC)OCO3)cc(OC)c1OCc1ccccc1>>COc1cc(-c2c([C@H]3O[C@@H](O)[C@@H](C)[C@H]3C)cc3c(c2OC)OCO3)cc(OC)c1O.COc1cc(-c2c([C@H]3O[C@H](O)[C@@H](C)[C@H]3C)cc3c(c2OC)OCO3)cc(OC)c1O,[],forward_synthesis,"[{""source_id"": ""si"", ""sha256"": ""fbcf6dd6bf3392eafd4c21f60d6205f35b536b6b7dbfd84b3deff65c3e4ec249"", ""pages"": [14, 15], ""locator"": ""SI PDF page: E14 preparation""}, {""source_id"": ""main"", ""sha256"": ""5c3cac57b641d17284fb2fbb3f63fa4221ebcad14c33beb9d14cb216729d61ff"", ""pages"": [3, 4, 5, 6, 7], ""locator"": ""Main successful synthesis schemes and model controls: E14 preparation""}]",pending_independent_chemist_review,"Substrate-product graph sequence, not atom balanced; inferred internal stage graphs explicitly distinguished",False,False,99,"[""20"", ""20-epi""]",73:27,Combined isolated material; no component-wise allocation,,,,
E15,"[""6b"", ""methanol""]","[""21"", ""21-epi""]","[""E15.1"", ""E15.2"", ""E15.3""]",CO.COc1cc(-c2c([C@H]3OC(=O)[C@@H](C)[C@H]3C)cc3c(c2OC)OCO3)cc(OC)c1OCc1ccccc1>>COc1cc(-c2c([C@H]3O[C@@H](OC)[C@@H](C)[C@H]3C)cc3c(c2OC)OCO3)cc(OC)c1O.COc1cc(-c2c([C@H]3O[C@H](OC)[C@@H](C)[C@H]3C)cc3c(c2OC)OCO3)cc(OC)c1O,[],forward_synthesis,"[{""source_id"": ""si"", ""sha256"": ""fbcf6dd6bf3392eafd4c21f60d6205f35b536b6b7dbfd84b3deff65c3e4ec249"", ""pages"": [15, 16], ""locator"": ""SI PDF page: E15 preparation""}, {""source_id"": ""main"", ""sha256"": ""5c3cac57b641d17284fb2fbb3f63fa4221ebcad14c33beb9d14cb216729d61ff"", ""pages"": [3, 4, 5, 6, 7], ""locator"": ""Main successful synthesis schemes and model controls: E15 preparation""}]",pending_independent_chemist_review,"Substrate-product graph sequence, not atom balanced; inferred internal stage graphs explicitly distinguished",False,False,68,"[""21"", ""21-epi""]",71:29,Combined isolated material; no component-wise allocation,,,,
E16,"[""20"", ""20-epi""]","[""22""]","[""E16.1""]",COc1cc(-c2c([C@H]3O[C@@H](O)[C@@H](C)[C@H]3C)cc3c(c2OC)OCO3)cc(OC)c1O.COc1cc(-c2c([C@H]3O[C@H](O)[C@@H](C)[C@H]3C)cc3c(c2OC)OCO3)cc(OC)c1O>>COc1cc(-c2c([C@H]3O[C@H](O[C@H]4O[C@H](c5cc6c(c(OC)c5-c5cc(OC)c(O)c(OC)c5)OCO6)[C@H](C)[C@@H]4C)[C@@H](C)[C@H]3C)cc3c(c2OC)OCO3)cc(OC)c1O,[],forward_synthesis,"[{""source_id"": ""si"", ""sha256"": ""fbcf6dd6bf3392eafd4c21f60d6205f35b536b6b7dbfd84b3deff65c3e4ec249"", ""pages"": [16], ""locator"": ""SI PDF page: E16 preparation""}, {""source_id"": ""main"", ""sha256"": ""5c3cac57b641d17284fb2fbb3f63fa4221ebcad14c33beb9d14cb216729d61ff"", ""pages"": [3, 4, 5, 6, 7], ""locator"": ""Main successful synthesis schemes and model controls: E16 preparation""}]",pending_independent_chemist_review,"Substrate-product graph sequence, not atom balanced; inferred internal stage graphs explicitly distinguished",False,False,30,"[""22""]",other diastereomers unresolved,Combined isolated material; no component-wise allocation,"[""unassigned dimer diastereomers in combined material""]","components of the source input mixture, not separate cosubstrates","[{""product_label"": ""22"", ""percent"": 21, ""scope"": ""single-isomer subset after additional chromatography; not additive to combined yield""}]",
E17,"[""16"", ""16-epi""]","[""17"", ""17-epi"", ""18""]","[""E17.1""]",COc1cc(-c2c([C@@H]3O[C@@H](O)[C@@H](C)[C@H]3C)cc(OC)c(OC)c2OC)cc(OC)c1O.COc1cc(-c2c([C@@H]3O[C@H](O)[C@@H](C)[C@H]3C)cc(OC)c(OC)c2OC)cc(OC)c1O>>COc1cc(-c2c([C@@H]3O[C@@H](O[C@H]4O[C@@H](c5cc(OC)c(OC)c(OC)c5-c5cc(OC)c(O)c(OC)c5)[C@H](C)[C@@H]4C)[C@@H](C)[C@H]3C)cc(OC)c(OC)c2OC)cc(OC)c1O.COc1cc(-c2c([C@@H]3O[C@H](O[C@H]4O[C@@H](c5cc(OC)c(OC)c(OC)c5-c5cc(OC)c(O)c(OC)c5)[C@H](C)[C@@H]4C)[C@@H](C)[C@H]3C)cc(OC)c(OC)c2OC)cc(OC)c1O.COc1cc2c(c(OC)c1O)[C@H]1O[C@@H](c3cc(OC)c(OC)c(OC)c3-2)[C@H](C)[C@@H]1C,[],forward_synthesis,"[{""source_id"": ""si"", ""sha256"": ""fbcf6dd6bf3392eafd4c21f60d6205f35b536b6b7dbfd84b3deff65c3e4ec249"", ""pages"": [12, 13], ""locator"": ""SI PDF page: E17 preparation""}, {""source_id"": ""main"", ""sha256"": ""5c3cac57b641d17284fb2fbb3f63fa4221ebcad14c33beb9d14cb216729d61ff"", ""pages"": [3, 4, 5, 6, 7], ""locator"": ""Main successful synthesis schemes and model controls: E17 preparation""}]",pending_independent_chemist_review,"Substrate-product graph sequence, not atom balanced; inferred internal stage graphs explicitly distinguished",False,False,56,"[""17"", ""17-epi""]",76:24,Combined isolated material; no component-wise allocation,,"components of the source input mixture, not separate cosubstrates","[{""product_label"": ""17"", ""percent"": 27, ""scope"": ""single-isomer subset after additional chromatography; not additive to combined yield""}]","[""18""]"
E18,"[""19"", ""acetic-anhydride"", ""16""]","[""18""]","[""E18.1"", ""E18.2"", ""E18.3""]",CC(=O)OC(C)=O.COc1cc(-c2c([C@@H]3O[C@H](O)[C@@H](C)[C@H]3C)cc(OC)c(OC)c2OC)cc(OC)c1O.COc1cc(-c2c([C@@H]3O[C@H](O)[C@@H](C)[C@H]3C)cc(OC)c(OC)c2OC)cc(OC)c1OCc1ccccc1>>COc1cc2c(c(OC)c1O)[C@H]1O[C@@H](c3cc(OC)c(OC)c(OC)c3-2)[C@H](C)[C@@H]1C,[],forward_synthesis,"[{""source_id"": ""main"", ""sha256"": ""5c3cac57b641d17284fb2fbb3f63fa4221ebcad14c33beb9d14cb216729d61ff"", ""pages"": [3, 4, 5, 6, 7], ""locator"": ""Main successful synthesis schemes and model controls: E18 preparation""}]",pending_independent_chemist_review,"Substrate-product graph sequence, not atom balanced; inferred internal stage graphs explicitly distinguished",False,False,52,"[""18""]",C7 epimer mentioned; ratio and graph assignment unresolved,Combined isolated material; no component-wise allocation,"[""Source-mentioned C7 epimer; locant-to-graph assignment pending review""]",,,
