step_id,event_id,step_index_within_event,reactant_labels,product_labels,substrate_product_smiles,source_references,agents,solvents,structure_basis,yield_percent,operation_scope,formal_benchmark_eligible,admission_authority
E01.1,E01,1,"[""o-vanillin""]","[""bromo-vanillin""]",COc1cccc(C=O)c1O>>COc1cc(Br)cc(C=O)c1O,"[{""source_id"": ""si"", ""sha256"": ""fbcf6dd6bf3392eafd4c21f60d6205f35b536b6b7dbfd84b3deff65c3e4ec249"", ""pages"": [3], ""locator"": ""SI PDF page: E01 preparation""}, {""source_id"": ""main"", ""sha256"": ""5c3cac57b641d17284fb2fbb3f63fa4221ebcad14c33beb9d14cb216729d61ff"", ""pages"": [3, 4, 5, 6, 7], ""locator"": ""Main successful synthesis schemes and model controls: E01 preparation""}]","[""NBS"", ""ammonium acetate""]","[""acetonitrile""]",source_drawing_transcription,,Source preparation,False,False
E01.2,E01,2,"[""bromo-vanillin""]","[""bromo-catechol""]",COc1cc(Br)cc(C=O)c1O>>COc1cc(Br)cc(O)c1O,"[{""source_id"": ""si"", ""sha256"": ""fbcf6dd6bf3392eafd4c21f60d6205f35b536b6b7dbfd84b3deff65c3e4ec249"", ""pages"": [3], ""locator"": ""SI PDF page: E01 preparation""}, {""source_id"": ""main"", ""sha256"": ""5c3cac57b641d17284fb2fbb3f63fa4221ebcad14c33beb9d14cb216729d61ff"", ""pages"": [3, 4, 5, 6, 7], ""locator"": ""Main successful synthesis schemes and model controls: E01 preparation""}]","[""hydrogen peroxide"", ""sodium hydroxide""]","[""water""]",source_drawing_transcription,,Source preparation,False,False
E01.3,E01,3,"[""bromo-catechol"", ""diiodomethane""]","[""10""]",COc1cc(Br)cc(O)c1O.ICI>>COc1cc(Br)cc2c1OCO2,"[{""source_id"": ""si"", ""sha256"": ""fbcf6dd6bf3392eafd4c21f60d6205f35b536b6b7dbfd84b3deff65c3e4ec249"", ""pages"": [3], ""locator"": ""SI PDF page: E01 preparation""}, {""source_id"": ""main"", ""sha256"": ""5c3cac57b641d17284fb2fbb3f63fa4221ebcad14c33beb9d14cb216729d61ff"", ""pages"": [3, 4, 5, 6, 7], ""locator"": ""Main successful synthesis schemes and model controls: E01 preparation""}]","[""potassium carbonate""]","[""DMF""]",source_drawing_transcription,,Source preparation,False,False
E02.1,E02,1,"[""10""]","[""11a"", ""11b"", ""11c""]",COc1cc(Br)cc2c1OCO2>>COc1c(I)c(Br)c(I)c2c1OCO2.COc1c(I)c(Br)cc2c1OCO2.COc1cc(Br)c(I)c2c1OCO2,"[{""source_id"": ""si"", ""sha256"": ""fbcf6dd6bf3392eafd4c21f60d6205f35b536b6b7dbfd84b3deff65c3e4ec249"", ""pages"": [4, 5], ""locator"": ""SI PDF page: E02 preparation""}, {""source_id"": ""main"", ""sha256"": ""5c3cac57b641d17284fb2fbb3f63fa4221ebcad14c33beb9d14cb216729d61ff"", ""pages"": [3, 4, 5, 6, 7], ""locator"": ""Main successful synthesis schemes and model controls: E02 preparation""}]","[""iodine"", ""silver trifluoroacetate""]","[""chloroform""]",source_drawing_transcription,,Source preparation,False,False
E03.1,E03,1,"[""11a"", ""12""]","[""8a"", ""8b""]",COc1c(I)c(Br)cc2c1OCO2.COc1cc(B(O)O)cc(OC)c1OCc1ccccc1>>COc1cc(-c2c(Br)cc3c(c2OC)OCO3)cc(OC)c1OCc1ccccc1.COc1cc(-c2cc3c(c(OC)c2-c2cc(OC)c(OCc4ccccc4)c(OC)c2)OCO3)cc(OC)c1OCc1ccccc1,"[{""source_id"": ""si"", ""sha256"": ""fbcf6dd6bf3392eafd4c21f60d6205f35b536b6b7dbfd84b3deff65c3e4ec249"", ""pages"": [5, 6], ""locator"": ""SI PDF page: E03 preparation""}, {""source_id"": ""main"", ""sha256"": ""5c3cac57b641d17284fb2fbb3f63fa4221ebcad14c33beb9d14cb216729d61ff"", ""pages"": [3, 4, 5, 6, 7], ""locator"": ""Main successful synthesis schemes and model controls: E03 preparation""}]","[""Pd(PPh3)4"", ""potassium phosphate""]","[""DME"", ""water""]",source_drawing_transcription,,Source preparation,False,False
E04.1,E04,1,"[""13-precursor""]","[""13-alcohol""]",C=C[C@H](C)[C@H](C)C(=O)N1C(=O)OC[C@@H]1c1ccccc1>>C=C[C@H](C)[C@H](C)CO,"[{""source_id"": ""si"", ""sha256"": ""fbcf6dd6bf3392eafd4c21f60d6205f35b536b6b7dbfd84b3deff65c3e4ec249"", ""pages"": [6, 7], ""locator"": ""SI PDF page: E04 preparation""}, {""source_id"": ""main"", ""sha256"": ""5c3cac57b641d17284fb2fbb3f63fa4221ebcad14c33beb9d14cb216729d61ff"", ""pages"": [3, 4, 5, 6, 7], ""locator"": ""Main successful synthesis schemes and model controls: E04 preparation""}]","[""sodium borohydride""]","[""THF"", ""methanol"", ""water""]",procedural_interpretation,,Explicit procedure stage; inferred intermediate graph is not independently characterized,False,False
E04.2,E04,2,"[""13-alcohol"", ""TBSCl""]","[""13""]",C=C[C@H](C)[C@H](C)CO.CC(C)(C)[Si](C)(C)Cl>>C=C[C@H](C)[C@H](C)CO[Si](C)(C)C(C)(C)C,"[{""source_id"": ""si"", ""sha256"": ""fbcf6dd6bf3392eafd4c21f60d6205f35b536b6b7dbfd84b3deff65c3e4ec249"", ""pages"": [6, 7], ""locator"": ""SI PDF page: E04 preparation""}, {""source_id"": ""main"", ""sha256"": ""5c3cac57b641d17284fb2fbb3f63fa4221ebcad14c33beb9d14cb216729d61ff"", ""pages"": [3, 4, 5, 6, 7], ""locator"": ""Main successful synthesis schemes and model controls: E04 preparation""}]","[""imidazole""]","[""dichloromethane""]",procedural_interpretation,,Explicit procedure stage; inferred intermediate graph is not independently characterized,False,False
E05.1,E05,1,"[""13""]","[""13-diol""]",C=C[C@H](C)[C@H](C)CO[Si](C)(C)C(C)(C)C>>C[C@H](CO[Si](C)(C)C(C)(C)C)[C@@H](C)C(O)CO,"[{""source_id"": ""si"", ""sha256"": ""fbcf6dd6bf3392eafd4c21f60d6205f35b536b6b7dbfd84b3deff65c3e4ec249"", ""pages"": [7, 8], ""locator"": ""SI PDF page: E05 preparation""}, {""source_id"": ""main"", ""sha256"": ""5c3cac57b641d17284fb2fbb3f63fa4221ebcad14c33beb9d14cb216729d61ff"", ""pages"": [3, 4, 5, 6, 7], ""locator"": ""Main successful synthesis schemes and model controls: E05 preparation""}]","[""osmium tetroxide"", ""NMO""]","[""dichloromethane"", ""water""]",procedural_interpretation,,Explicit procedure stage; inferred intermediate graph is not independently characterized,False,False
E05.2,E05,2,"[""13-diol""]","[""9""]",C[C@H](CO[Si](C)(C)C(C)(C)C)[C@@H](C)C(O)CO>>C[C@H](CO[Si](C)(C)C(C)(C)C)[C@@H](C)C=O,"[{""source_id"": ""si"", ""sha256"": ""fbcf6dd6bf3392eafd4c21f60d6205f35b536b6b7dbfd84b3deff65c3e4ec249"", ""pages"": [7, 8], ""locator"": ""SI PDF page: E05 preparation""}, {""source_id"": ""main"", ""sha256"": ""5c3cac57b641d17284fb2fbb3f63fa4221ebcad14c33beb9d14cb216729d61ff"", ""pages"": [3, 4, 5, 6, 7], ""locator"": ""Main successful synthesis schemes and model controls: E05 preparation""}]","[""sodium periodate""]","[""dichloromethane"", ""water""]",procedural_interpretation,,Explicit procedure stage; inferred intermediate graph is not independently characterized,False,False
E05.3,E05,3,"[""9"", ""8a""]","[""7a"", ""7b""]",COc1cc(-c2c(Br)cc3c(c2OC)OCO3)cc(OC)c1OCc1ccccc1.C[C@H](CO[Si](C)(C)C(C)(C)C)[C@@H](C)C=O>>COc1cc(-c2c([C@@H](O)[C@H](C)[C@H](C)CO[Si](C)(C)C(C)(C)C)cc3c(c2OC)OCO3)cc(OC)c1OCc1ccccc1.COc1cc(-c2c([C@H](O)[C@H](C)[C@H](C)CO[Si](C)(C)C(C)(C)C)cc3c(c2OC)OCO3)cc(OC)c1OCc1ccccc1,"[{""source_id"": ""si"", ""sha256"": ""fbcf6dd6bf3392eafd4c21f60d6205f35b536b6b7dbfd84b3deff65c3e4ec249"", ""pages"": [7, 8], ""locator"": ""SI PDF page: E05 preparation""}, {""source_id"": ""main"", ""sha256"": ""5c3cac57b641d17284fb2fbb3f63fa4221ebcad14c33beb9d14cb216729d61ff"", ""pages"": [3, 4, 5, 6, 7], ""locator"": ""Main successful synthesis schemes and model controls: E05 preparation""}]","[""n-butyllithium""]","[""THF""]",source_drawing_transcription,,Source preparation,False,False
E06.1,E06,1,"[""7a"", ""7b""]","[""14""]",COc1cc(-c2c([C@@H](O)[C@H](C)[C@H](C)CO[Si](C)(C)C(C)(C)C)cc3c(c2OC)OCO3)cc(OC)c1OCc1ccccc1.COc1cc(-c2c([C@H](O)[C@H](C)[C@H](C)CO[Si](C)(C)C(C)(C)C)cc3c(c2OC)OCO3)cc(OC)c1OCc1ccccc1>>COc1cc(-c2c(C(=O)[C@H](C)[C@H](C)CO[Si](C)(C)C(C)(C)C)cc3c(c2OC)OCO3)cc(OC)c1OCc1ccccc1,"[{""source_id"": ""si"", ""sha256"": ""fbcf6dd6bf3392eafd4c21f60d6205f35b536b6b7dbfd84b3deff65c3e4ec249"", ""pages"": [8], ""locator"": ""SI PDF page: E06 preparation""}, {""source_id"": ""main"", ""sha256"": ""5c3cac57b641d17284fb2fbb3f63fa4221ebcad14c33beb9d14cb216729d61ff"", ""pages"": [3, 4, 5, 6, 7], ""locator"": ""Main successful synthesis schemes and model controls: E06 preparation""}]","[""PDC""]","[""dichloromethane""]",source_drawing_transcription,70,Source preparation,False,False
E07.1,E07,1,"[""14""]","[""7a"", ""7b""]",COc1cc(-c2c(C(=O)[C@H](C)[C@H](C)CO[Si](C)(C)C(C)(C)C)cc3c(c2OC)OCO3)cc(OC)c1OCc1ccccc1>>COc1cc(-c2c([C@@H](O)[C@H](C)[C@H](C)CO[Si](C)(C)C(C)(C)C)cc3c(c2OC)OCO3)cc(OC)c1OCc1ccccc1.COc1cc(-c2c([C@H](O)[C@H](C)[C@H](C)CO[Si](C)(C)C(C)(C)C)cc3c(c2OC)OCO3)cc(OC)c1OCc1ccccc1,"[{""source_id"": ""si"", ""sha256"": ""fbcf6dd6bf3392eafd4c21f60d6205f35b536b6b7dbfd84b3deff65c3e4ec249"", ""pages"": [8, 9], ""locator"": ""SI PDF page: E07 preparation""}, {""source_id"": ""main"", ""sha256"": ""5c3cac57b641d17284fb2fbb3f63fa4221ebcad14c33beb9d14cb216729d61ff"", ""pages"": [3, 4, 5, 6, 7], ""locator"": ""Main successful synthesis schemes and model controls: E07 preparation""}]","[""cerium(III) chloride heptahydrate"", ""sodium borohydride""]","[""methanol""]",source_drawing_transcription,,Source preparation,False,False
E08.1,E08,1,"[""7a"", ""7b""]","[""7a-diol"", ""7b-diol""]",COc1cc(-c2c([C@@H](O)[C@H](C)[C@H](C)CO[Si](C)(C)C(C)(C)C)cc3c(c2OC)OCO3)cc(OC)c1OCc1ccccc1.COc1cc(-c2c([C@H](O)[C@H](C)[C@H](C)CO[Si](C)(C)C(C)(C)C)cc3c(c2OC)OCO3)cc(OC)c1OCc1ccccc1>>COc1cc(-c2c([C@@H](O)[C@H](C)[C@H](C)CO)cc3c(c2OC)OCO3)cc(OC)c1OCc1ccccc1.COc1cc(-c2c([C@H](O)[C@H](C)[C@H](C)CO)cc3c(c2OC)OCO3)cc(OC)c1OCc1ccccc1,"[{""source_id"": ""si"", ""sha256"": ""fbcf6dd6bf3392eafd4c21f60d6205f35b536b6b7dbfd84b3deff65c3e4ec249"", ""pages"": [9, 10], ""locator"": ""SI PDF page: E08 preparation""}, {""source_id"": ""main"", ""sha256"": ""5c3cac57b641d17284fb2fbb3f63fa4221ebcad14c33beb9d14cb216729d61ff"", ""pages"": [3, 4, 5, 6, 7], ""locator"": ""Main successful synthesis schemes and model controls: E08 preparation""}]","[""TBAF""]","[""THF""]",procedural_interpretation,,Explicit procedure stage; inferred intermediate graph is not independently characterized,False,False
E08.2,E08,2,"[""7a-diol"", ""7b-diol""]","[""6a"", ""6b""]",COc1cc(-c2c([C@@H](O)[C@H](C)[C@H](C)CO)cc3c(c2OC)OCO3)cc(OC)c1OCc1ccccc1.COc1cc(-c2c([C@H](O)[C@H](C)[C@H](C)CO)cc3c(c2OC)OCO3)cc(OC)c1OCc1ccccc1>>COc1cc(-c2c([C@@H]3OC(=O)[C@@H](C)[C@H]3C)cc3c(c2OC)OCO3)cc(OC)c1OCc1ccccc1.COc1cc(-c2c([C@H]3OC(=O)[C@@H](C)[C@H]3C)cc3c(c2OC)OCO3)cc(OC)c1OCc1ccccc1,"[{""source_id"": ""si"", ""sha256"": ""fbcf6dd6bf3392eafd4c21f60d6205f35b536b6b7dbfd84b3deff65c3e4ec249"", ""pages"": [9, 10], ""locator"": ""SI PDF page: E08 preparation""}, {""source_id"": ""main"", ""sha256"": ""5c3cac57b641d17284fb2fbb3f63fa4221ebcad14c33beb9d14cb216729d61ff"", ""pages"": [3, 4, 5, 6, 7], ""locator"": ""Main successful synthesis schemes and model controls: E08 preparation""}]","[""diacetoxyiodobenzene"", ""TEMPO""]","[""dichloromethane""]",procedural_interpretation,,Explicit procedure stage; inferred intermediate graph is not independently characterized,False,False
E09.1,E09,1,"[""7a""]","[""7a-diol""]",COc1cc(-c2c([C@H](O)[C@H](C)[C@H](C)CO[Si](C)(C)C(C)(C)C)cc3c(c2OC)OCO3)cc(OC)c1OCc1ccccc1>>COc1cc(-c2c([C@H](O)[C@H](C)[C@H](C)CO)cc3c(c2OC)OCO3)cc(OC)c1OCc1ccccc1,"[{""source_id"": ""main"", ""sha256"": ""5c3cac57b641d17284fb2fbb3f63fa4221ebcad14c33beb9d14cb216729d61ff"", ""pages"": [3, 4, 5, 6, 7], ""locator"": ""Main successful synthesis schemes and model controls: E09 preparation""}]","[""TBAF""]","[""THF""]",procedural_interpretation,,Explicit procedure stage; inferred intermediate graph is not independently characterized,False,False
E09.2,E09,2,"[""7a-diol""]","[""6a""]",COc1cc(-c2c([C@H](O)[C@H](C)[C@H](C)CO)cc3c(c2OC)OCO3)cc(OC)c1OCc1ccccc1>>COc1cc(-c2c([C@@H]3OC(=O)[C@@H](C)[C@H]3C)cc3c(c2OC)OCO3)cc(OC)c1OCc1ccccc1,"[{""source_id"": ""main"", ""sha256"": ""5c3cac57b641d17284fb2fbb3f63fa4221ebcad14c33beb9d14cb216729d61ff"", ""pages"": [3, 4, 5, 6, 7], ""locator"": ""Main successful synthesis schemes and model controls: E09 preparation""}]","[""diacetoxyiodobenzene"", ""TEMPO""]","[""dichloromethane""]",procedural_interpretation,,Explicit procedure stage; inferred intermediate graph is not independently characterized,False,False
E10.1,E10,1,"[""6a""]","[""6a-deBn""]",COc1cc(-c2c([C@@H]3OC(=O)[C@@H](C)[C@H]3C)cc3c(c2OC)OCO3)cc(OC)c1OCc1ccccc1>>COc1cc(-c2c([C@@H]3OC(=O)[C@@H](C)[C@H]3C)cc3c(c2OC)OCO3)cc(OC)c1O,"[{""source_id"": ""si"", ""sha256"": ""fbcf6dd6bf3392eafd4c21f60d6205f35b536b6b7dbfd84b3deff65c3e4ec249"", ""pages"": [10, 11], ""locator"": ""SI PDF page: E10 preparation""}, {""source_id"": ""main"", ""sha256"": ""5c3cac57b641d17284fb2fbb3f63fa4221ebcad14c33beb9d14cb216729d61ff"", ""pages"": [3, 4, 5, 6, 7], ""locator"": ""Main successful synthesis schemes and model controls: E10 preparation""}]","[""hydrogen"", ""Pd/C""]","[""ethyl acetate""]",procedural_interpretation,,Explicit procedure stage; inferred intermediate graph is not independently characterized,False,False
E10.2,E10,2,"[""6a-deBn""]","[""1"", ""1-epi""]",COc1cc(-c2c([C@@H]3OC(=O)[C@@H](C)[C@H]3C)cc3c(c2OC)OCO3)cc(OC)c1O>>COc1cc(-c2c([C@@H]3O[C@@H](O)[C@@H](C)[C@H]3C)cc3c(c2OC)OCO3)cc(OC)c1O.COc1cc(-c2c([C@@H]3O[C@H](O)[C@@H](C)[C@H]3C)cc3c(c2OC)OCO3)cc(OC)c1O,"[{""source_id"": ""si"", ""sha256"": ""fbcf6dd6bf3392eafd4c21f60d6205f35b536b6b7dbfd84b3deff65c3e4ec249"", ""pages"": [10, 11], ""locator"": ""SI PDF page: E10 preparation""}, {""source_id"": ""main"", ""sha256"": ""5c3cac57b641d17284fb2fbb3f63fa4221ebcad14c33beb9d14cb216729d61ff"", ""pages"": [3, 4, 5, 6, 7], ""locator"": ""Main successful synthesis schemes and model controls: E10 preparation""}]","[""DIBAL-H""]","[""dichloromethane""]",procedural_interpretation,,Explicit procedure stage; inferred intermediate graph is not independently characterized,False,False
E11.1,E11,1,"[""6a""]","[""6a-deBn""]",COc1cc(-c2c([C@@H]3OC(=O)[C@@H](C)[C@H]3C)cc3c(c2OC)OCO3)cc(OC)c1OCc1ccccc1>>COc1cc(-c2c([C@@H]3OC(=O)[C@@H](C)[C@H]3C)cc3c(c2OC)OCO3)cc(OC)c1O,"[{""source_id"": ""si"", ""sha256"": ""fbcf6dd6bf3392eafd4c21f60d6205f35b536b6b7dbfd84b3deff65c3e4ec249"", ""pages"": [11, 12], ""locator"": ""SI PDF page: E11 preparation""}, {""source_id"": ""main"", ""sha256"": ""5c3cac57b641d17284fb2fbb3f63fa4221ebcad14c33beb9d14cb216729d61ff"", ""pages"": [3, 4, 5, 6, 7], ""locator"": ""Main successful synthesis schemes and model controls: E11 preparation""}]","[""hydrogen"", ""Pd/C""]","[""ethyl acetate""]",procedural_interpretation,,Explicit procedure stage; inferred intermediate graph is not independently characterized,False,False
E11.2,E11,2,"[""6a-deBn""]","[""1"", ""1-epi""]",COc1cc(-c2c([C@@H]3OC(=O)[C@@H](C)[C@H]3C)cc3c(c2OC)OCO3)cc(OC)c1O>>COc1cc(-c2c([C@@H]3O[C@@H](O)[C@@H](C)[C@H]3C)cc3c(c2OC)OCO3)cc(OC)c1O.COc1cc(-c2c([C@@H]3O[C@H](O)[C@@H](C)[C@H]3C)cc3c(c2OC)OCO3)cc(OC)c1O,"[{""source_id"": ""si"", ""sha256"": ""fbcf6dd6bf3392eafd4c21f60d6205f35b536b6b7dbfd84b3deff65c3e4ec249"", ""pages"": [11, 12], ""locator"": ""SI PDF page: E11 preparation""}, {""source_id"": ""main"", ""sha256"": ""5c3cac57b641d17284fb2fbb3f63fa4221ebcad14c33beb9d14cb216729d61ff"", ""pages"": [3, 4, 5, 6, 7], ""locator"": ""Main successful synthesis schemes and model controls: E11 preparation""}]","[""DIBAL-H""]","[""dichloromethane""]",procedural_interpretation,,Explicit procedure stage; inferred intermediate graph is not independently characterized,False,False
E11.3,E11,3,"[""1"", ""1-epi"", ""methanol""]","[""2"", ""15""]",CO.COc1cc(-c2c([C@@H]3O[C@@H](O)[C@@H](C)[C@H]3C)cc3c(c2OC)OCO3)cc(OC)c1O.COc1cc(-c2c([C@@H]3O[C@H](O)[C@@H](C)[C@H]3C)cc3c(c2OC)OCO3)cc(OC)c1O>>COc1cc(-c2c([C@@H]3O[C@@H](OC)[C@@H](C)[C@H]3C)cc3c(c2OC)OCO3)cc(OC)c1O.COc1cc(-c2c([C@@H]3O[C@H](OC)[C@@H](C)[C@H]3C)cc3c(c2OC)OCO3)cc(OC)c1O,"[{""source_id"": ""si"", ""sha256"": ""fbcf6dd6bf3392eafd4c21f60d6205f35b536b6b7dbfd84b3deff65c3e4ec249"", ""pages"": [11, 12], ""locator"": ""SI PDF page: E11 preparation""}, {""source_id"": ""main"", ""sha256"": ""5c3cac57b641d17284fb2fbb3f63fa4221ebcad14c33beb9d14cb216729d61ff"", ""pages"": [3, 4, 5, 6, 7], ""locator"": ""Main successful synthesis schemes and model controls: E11 preparation""}]","[""p-toluenesulfonic acid monohydrate"", ""trimethyl orthoformate""]","[""methanol""]",source_drawing_transcription,,Source preparation,False,False
E12.1,E12,1,"[""6a""]","[""6a-deBn""]",COc1cc(-c2c([C@@H]3OC(=O)[C@@H](C)[C@H]3C)cc3c(c2OC)OCO3)cc(OC)c1OCc1ccccc1>>COc1cc(-c2c([C@@H]3OC(=O)[C@@H](C)[C@H]3C)cc3c(c2OC)OCO3)cc(OC)c1O,"[{""source_id"": ""si"", ""sha256"": ""fbcf6dd6bf3392eafd4c21f60d6205f35b536b6b7dbfd84b3deff65c3e4ec249"", ""pages"": [13, 14], ""locator"": ""SI PDF page: E12 preparation""}, {""source_id"": ""main"", ""sha256"": ""5c3cac57b641d17284fb2fbb3f63fa4221ebcad14c33beb9d14cb216729d61ff"", ""pages"": [3, 4, 5, 6, 7], ""locator"": ""Main successful synthesis schemes and model controls: E12 preparation""}]","[""hydrogen"", ""Pd/C""]","[""ethyl acetate""]",procedural_interpretation,,Explicit procedure stage; inferred intermediate graph is not independently characterized,False,False
E12.2,E12,2,"[""6a-deBn""]","[""1"", ""1-epi""]",COc1cc(-c2c([C@@H]3OC(=O)[C@@H](C)[C@H]3C)cc3c(c2OC)OCO3)cc(OC)c1O>>COc1cc(-c2c([C@@H]3O[C@@H](O)[C@@H](C)[C@H]3C)cc3c(c2OC)OCO3)cc(OC)c1O.COc1cc(-c2c([C@@H]3O[C@H](O)[C@@H](C)[C@H]3C)cc3c(c2OC)OCO3)cc(OC)c1O,"[{""source_id"": ""si"", ""sha256"": ""fbcf6dd6bf3392eafd4c21f60d6205f35b536b6b7dbfd84b3deff65c3e4ec249"", ""pages"": [13, 14], ""locator"": ""SI PDF page: E12 preparation""}, {""source_id"": ""main"", ""sha256"": ""5c3cac57b641d17284fb2fbb3f63fa4221ebcad14c33beb9d14cb216729d61ff"", ""pages"": [3, 4, 5, 6, 7], ""locator"": ""Main successful synthesis schemes and model controls: E12 preparation""}]","[""DIBAL-H""]","[""dichloromethane""]",procedural_interpretation,,Explicit procedure stage; inferred intermediate graph is not independently characterized,False,False
E12.3,E12,3,"[""1"", ""1-epi""]","[""3"", ""3-epi"", ""4""]",COc1cc(-c2c([C@@H]3O[C@@H](O)[C@@H](C)[C@H]3C)cc3c(c2OC)OCO3)cc(OC)c1O.COc1cc(-c2c([C@@H]3O[C@H](O)[C@@H](C)[C@H]3C)cc3c(c2OC)OCO3)cc(OC)c1O>>COc1cc(-c2c([C@@H]3O[C@@H](O[C@H]4O[C@@H](c5cc6c(c(OC)c5-c5cc(OC)c(O)c(OC)c5)OCO6)[C@H](C)[C@@H]4C)[C@@H](C)[C@H]3C)cc3c(c2OC)OCO3)cc(OC)c1O.COc1cc(-c2c([C@@H]3O[C@H](O[C@H]4O[C@@H](c5cc6c(c(OC)c5-c5cc(OC)c(O)c(OC)c5)OCO6)[C@H](C)[C@@H]4C)[C@@H](C)[C@H]3C)cc3c(c2OC)OCO3)cc(OC)c1O.COc1cc2c(c(OC)c1O)[C@H]1O[C@@H](c3cc4c(c(OC)c3-2)OCO4)[C@H](C)[C@@H]1C,"[{""source_id"": ""si"", ""sha256"": ""fbcf6dd6bf3392eafd4c21f60d6205f35b536b6b7dbfd84b3deff65c3e4ec249"", ""pages"": [13, 14], ""locator"": ""SI PDF page: E12 preparation""}, {""source_id"": ""main"", ""sha256"": ""5c3cac57b641d17284fb2fbb3f63fa4221ebcad14c33beb9d14cb216729d61ff"", ""pages"": [3, 4, 5, 6, 7], ""locator"": ""Main successful synthesis schemes and model controls: E12 preparation""}]","[""p-toluenesulfonic acid monohydrate"", ""copper(II) sulfate pentahydrate""]","[""dichloromethane""]",source_drawing_transcription,,Source preparation,False,False
E13.1,E13,1,"[""6a""]","[""6a-deBn""]",COc1cc(-c2c([C@@H]3OC(=O)[C@@H](C)[C@H]3C)cc3c(c2OC)OCO3)cc(OC)c1OCc1ccccc1>>COc1cc(-c2c([C@@H]3OC(=O)[C@@H](C)[C@H]3C)cc3c(c2OC)OCO3)cc(OC)c1O,"[{""source_id"": ""main"", ""sha256"": ""5c3cac57b641d17284fb2fbb3f63fa4221ebcad14c33beb9d14cb216729d61ff"", ""pages"": [3, 4, 5, 6, 7], ""locator"": ""Main successful synthesis schemes and model controls: E13 preparation""}]","[""hydrogen"", ""Pd/C""]","[""ethyl acetate""]",procedural_interpretation,,Explicit procedure stage; inferred intermediate graph is not independently characterized,False,False
E13.2,E13,2,"[""6a-deBn""]","[""1"", ""1-epi""]",COc1cc(-c2c([C@@H]3OC(=O)[C@@H](C)[C@H]3C)cc3c(c2OC)OCO3)cc(OC)c1O>>COc1cc(-c2c([C@@H]3O[C@@H](O)[C@@H](C)[C@H]3C)cc3c(c2OC)OCO3)cc(OC)c1O.COc1cc(-c2c([C@@H]3O[C@H](O)[C@@H](C)[C@H]3C)cc3c(c2OC)OCO3)cc(OC)c1O,"[{""source_id"": ""main"", ""sha256"": ""5c3cac57b641d17284fb2fbb3f63fa4221ebcad14c33beb9d14cb216729d61ff"", ""pages"": [3, 4, 5, 6, 7], ""locator"": ""Main successful synthesis schemes and model controls: E13 preparation""}]","[""DIBAL-H""]","[""dichloromethane""]",procedural_interpretation,,Explicit procedure stage; inferred intermediate graph is not independently characterized,False,False
E13.3,E13,3,"[""1"", ""1-epi""]","[""4""]",COc1cc(-c2c([C@@H]3O[C@@H](O)[C@@H](C)[C@H]3C)cc3c(c2OC)OCO3)cc(OC)c1O.COc1cc(-c2c([C@@H]3O[C@H](O)[C@@H](C)[C@H]3C)cc3c(c2OC)OCO3)cc(OC)c1O>>COc1cc2c(c(OC)c1O)[C@H]1O[C@@H](c3cc4c(c(OC)c3-2)OCO4)[C@H](C)[C@@H]1C,"[{""source_id"": ""main"", ""sha256"": ""5c3cac57b641d17284fb2fbb3f63fa4221ebcad14c33beb9d14cb216729d61ff"", ""pages"": [3, 4, 5, 6, 7], ""locator"": ""Main successful synthesis schemes and model controls: E13 preparation""}]","[""p-toluenesulfonic acid monohydrate""]","[""dichloromethane""]",source_drawing_transcription,,Source preparation,False,False
E14.1,E14,1,"[""6b""]","[""6b-deBn""]",COc1cc(-c2c([C@H]3OC(=O)[C@@H](C)[C@H]3C)cc3c(c2OC)OCO3)cc(OC)c1OCc1ccccc1>>COc1cc(-c2c([C@H]3OC(=O)[C@@H](C)[C@H]3C)cc3c(c2OC)OCO3)cc(OC)c1O,"[{""source_id"": ""si"", ""sha256"": ""fbcf6dd6bf3392eafd4c21f60d6205f35b536b6b7dbfd84b3deff65c3e4ec249"", ""pages"": [14, 15], ""locator"": ""SI PDF page: E14 preparation""}, {""source_id"": ""main"", ""sha256"": ""5c3cac57b641d17284fb2fbb3f63fa4221ebcad14c33beb9d14cb216729d61ff"", ""pages"": [3, 4, 5, 6, 7], ""locator"": ""Main successful synthesis schemes and model controls: E14 preparation""}]","[""hydrogen"", ""Pd(OH)2""]","[""ethyl acetate""]",procedural_interpretation,,Explicit procedure stage; inferred intermediate graph is not independently characterized,False,False
E14.2,E14,2,"[""6b-deBn""]","[""20"", ""20-epi""]",COc1cc(-c2c([C@H]3OC(=O)[C@@H](C)[C@H]3C)cc3c(c2OC)OCO3)cc(OC)c1O>>COc1cc(-c2c([C@H]3O[C@@H](O)[C@@H](C)[C@H]3C)cc3c(c2OC)OCO3)cc(OC)c1O.COc1cc(-c2c([C@H]3O[C@H](O)[C@@H](C)[C@H]3C)cc3c(c2OC)OCO3)cc(OC)c1O,"[{""source_id"": ""si"", ""sha256"": ""fbcf6dd6bf3392eafd4c21f60d6205f35b536b6b7dbfd84b3deff65c3e4ec249"", ""pages"": [14, 15], ""locator"": ""SI PDF page: E14 preparation""}, {""source_id"": ""main"", ""sha256"": ""5c3cac57b641d17284fb2fbb3f63fa4221ebcad14c33beb9d14cb216729d61ff"", ""pages"": [3, 4, 5, 6, 7], ""locator"": ""Main successful synthesis schemes and model controls: E14 preparation""}]","[""DIBAL-H""]","[""dichloromethane""]",procedural_interpretation,,Explicit procedure stage; inferred intermediate graph is not independently characterized,False,False
E15.1,E15,1,"[""6b""]","[""6b-deBn""]",COc1cc(-c2c([C@H]3OC(=O)[C@@H](C)[C@H]3C)cc3c(c2OC)OCO3)cc(OC)c1OCc1ccccc1>>COc1cc(-c2c([C@H]3OC(=O)[C@@H](C)[C@H]3C)cc3c(c2OC)OCO3)cc(OC)c1O,"[{""source_id"": ""si"", ""sha256"": ""fbcf6dd6bf3392eafd4c21f60d6205f35b536b6b7dbfd84b3deff65c3e4ec249"", ""pages"": [15, 16], ""locator"": ""SI PDF page: E15 preparation""}, {""source_id"": ""main"", ""sha256"": ""5c3cac57b641d17284fb2fbb3f63fa4221ebcad14c33beb9d14cb216729d61ff"", ""pages"": [3, 4, 5, 6, 7], ""locator"": ""Main successful synthesis schemes and model controls: E15 preparation""}]","[""hydrogen"", ""Pd(OH)2""]","[""ethyl acetate""]",procedural_interpretation,,Explicit procedure stage; inferred intermediate graph is not independently characterized,False,False
E15.2,E15,2,"[""6b-deBn""]","[""20"", ""20-epi""]",COc1cc(-c2c([C@H]3OC(=O)[C@@H](C)[C@H]3C)cc3c(c2OC)OCO3)cc(OC)c1O>>COc1cc(-c2c([C@H]3O[C@@H](O)[C@@H](C)[C@H]3C)cc3c(c2OC)OCO3)cc(OC)c1O.COc1cc(-c2c([C@H]3O[C@H](O)[C@@H](C)[C@H]3C)cc3c(c2OC)OCO3)cc(OC)c1O,"[{""source_id"": ""si"", ""sha256"": ""fbcf6dd6bf3392eafd4c21f60d6205f35b536b6b7dbfd84b3deff65c3e4ec249"", ""pages"": [15, 16], ""locator"": ""SI PDF page: E15 preparation""}, {""source_id"": ""main"", ""sha256"": ""5c3cac57b641d17284fb2fbb3f63fa4221ebcad14c33beb9d14cb216729d61ff"", ""pages"": [3, 4, 5, 6, 7], ""locator"": ""Main successful synthesis schemes and model controls: E15 preparation""}]","[""DIBAL-H""]","[""dichloromethane""]",procedural_interpretation,,Explicit procedure stage; inferred intermediate graph is not independently characterized,False,False
E15.3,E15,3,"[""20"", ""20-epi"", ""methanol""]","[""21"", ""21-epi""]",CO.COc1cc(-c2c([C@H]3O[C@@H](O)[C@@H](C)[C@H]3C)cc3c(c2OC)OCO3)cc(OC)c1O.COc1cc(-c2c([C@H]3O[C@H](O)[C@@H](C)[C@H]3C)cc3c(c2OC)OCO3)cc(OC)c1O>>COc1cc(-c2c([C@H]3O[C@@H](OC)[C@@H](C)[C@H]3C)cc3c(c2OC)OCO3)cc(OC)c1O.COc1cc(-c2c([C@H]3O[C@H](OC)[C@@H](C)[C@H]3C)cc3c(c2OC)OCO3)cc(OC)c1O,"[{""source_id"": ""si"", ""sha256"": ""fbcf6dd6bf3392eafd4c21f60d6205f35b536b6b7dbfd84b3deff65c3e4ec249"", ""pages"": [15, 16], ""locator"": ""SI PDF page: E15 preparation""}, {""source_id"": ""main"", ""sha256"": ""5c3cac57b641d17284fb2fbb3f63fa4221ebcad14c33beb9d14cb216729d61ff"", ""pages"": [3, 4, 5, 6, 7], ""locator"": ""Main successful synthesis schemes and model controls: E15 preparation""}]","[""p-toluenesulfonic acid monohydrate"", ""trimethyl orthoformate""]","[""methanol""]",source_drawing_transcription,,Source preparation,False,False
E16.1,E16,1,"[""20"", ""20-epi""]","[""22""]",COc1cc(-c2c([C@H]3O[C@@H](O)[C@@H](C)[C@H]3C)cc3c(c2OC)OCO3)cc(OC)c1O.COc1cc(-c2c([C@H]3O[C@H](O)[C@@H](C)[C@H]3C)cc3c(c2OC)OCO3)cc(OC)c1O>>COc1cc(-c2c([C@H]3O[C@H](O[C@H]4O[C@H](c5cc6c(c(OC)c5-c5cc(OC)c(O)c(OC)c5)OCO6)[C@H](C)[C@@H]4C)[C@@H](C)[C@H]3C)cc3c(c2OC)OCO3)cc(OC)c1O,"[{""source_id"": ""si"", ""sha256"": ""fbcf6dd6bf3392eafd4c21f60d6205f35b536b6b7dbfd84b3deff65c3e4ec249"", ""pages"": [16], ""locator"": ""SI PDF page: E16 preparation""}, {""source_id"": ""main"", ""sha256"": ""5c3cac57b641d17284fb2fbb3f63fa4221ebcad14c33beb9d14cb216729d61ff"", ""pages"": [3, 4, 5, 6, 7], ""locator"": ""Main successful synthesis schemes and model controls: E16 preparation""}]","[""p-toluenesulfonic acid monohydrate"", ""copper(II) sulfate pentahydrate""]","[""dichloromethane""]",source_drawing_transcription,,Source preparation,False,False
E17.1,E17,1,"[""16"", ""16-epi""]","[""17"", ""17-epi"", ""18""]",COc1cc(-c2c([C@@H]3O[C@@H](O)[C@@H](C)[C@H]3C)cc(OC)c(OC)c2OC)cc(OC)c1O.COc1cc(-c2c([C@@H]3O[C@H](O)[C@@H](C)[C@H]3C)cc(OC)c(OC)c2OC)cc(OC)c1O>>COc1cc(-c2c([C@@H]3O[C@@H](O[C@H]4O[C@@H](c5cc(OC)c(OC)c(OC)c5-c5cc(OC)c(O)c(OC)c5)[C@H](C)[C@@H]4C)[C@@H](C)[C@H]3C)cc(OC)c(OC)c2OC)cc(OC)c1O.COc1cc(-c2c([C@@H]3O[C@H](O[C@H]4O[C@@H](c5cc(OC)c(OC)c(OC)c5-c5cc(OC)c(O)c(OC)c5)[C@H](C)[C@@H]4C)[C@@H](C)[C@H]3C)cc(OC)c(OC)c2OC)cc(OC)c1O.COc1cc2c(c(OC)c1O)[C@H]1O[C@@H](c3cc(OC)c(OC)c(OC)c3-2)[C@H](C)[C@@H]1C,"[{""source_id"": ""si"", ""sha256"": ""fbcf6dd6bf3392eafd4c21f60d6205f35b536b6b7dbfd84b3deff65c3e4ec249"", ""pages"": [12, 13], ""locator"": ""SI PDF page: E17 preparation""}, {""source_id"": ""main"", ""sha256"": ""5c3cac57b641d17284fb2fbb3f63fa4221ebcad14c33beb9d14cb216729d61ff"", ""pages"": [3, 4, 5, 6, 7], ""locator"": ""Main successful synthesis schemes and model controls: E17 preparation""}]","[""p-toluenesulfonic acid monohydrate"", ""copper(II) sulfate pentahydrate""]","[""dichloromethane""]",source_drawing_transcription,,Source preparation,False,False
E18.1,E18,1,"[""19"", ""acetic-anhydride""]","[""19-acetate""]",CC(=O)OC(C)=O.COc1cc(-c2c([C@@H]3O[C@H](O)[C@@H](C)[C@H]3C)cc(OC)c(OC)c2OC)cc(OC)c1OCc1ccccc1>>COc1cc(-c2c([C@@H]3O[C@H](OC(C)=O)[C@@H](C)[C@H]3C)cc(OC)c(OC)c2OC)cc(OC)c1OCc1ccccc1,"[{""source_id"": ""main"", ""sha256"": ""5c3cac57b641d17284fb2fbb3f63fa4221ebcad14c33beb9d14cb216729d61ff"", ""pages"": [3, 4, 5, 6, 7], ""locator"": ""Main successful synthesis schemes and model controls: E18 preparation""}]","[""pyridine"", ""4 angstrom molecular sieves""]",[],procedural_interpretation,,Explicit procedure stage; inferred intermediate graph is not independently characterized,False,False
E18.2,E18,2,"[""19-acetate""]","[""16-acetate""]",COc1cc(-c2c([C@@H]3O[C@H](OC(C)=O)[C@@H](C)[C@H]3C)cc(OC)c(OC)c2OC)cc(OC)c1OCc1ccccc1>>COc1cc(-c2c([C@@H]3O[C@H](OC(C)=O)[C@@H](C)[C@H]3C)cc(OC)c(OC)c2OC)cc(OC)c1O,"[{""source_id"": ""main"", ""sha256"": ""5c3cac57b641d17284fb2fbb3f63fa4221ebcad14c33beb9d14cb216729d61ff"", ""pages"": [3, 4, 5, 6, 7], ""locator"": ""Main successful synthesis schemes and model controls: E18 preparation""}]","[""hydrogen"", ""Pd/C""]","[""ethyl acetate""]",procedural_interpretation,,Explicit procedure stage; inferred intermediate graph is not independently characterized,False,False
E18.3,E18,3,"[""16-acetate"", ""16""]","[""18""]",COc1cc(-c2c([C@@H]3O[C@H](O)[C@@H](C)[C@H]3C)cc(OC)c(OC)c2OC)cc(OC)c1O.COc1cc(-c2c([C@@H]3O[C@H](OC(C)=O)[C@@H](C)[C@H]3C)cc(OC)c(OC)c2OC)cc(OC)c1O>>COc1cc2c(c(OC)c1O)[C@H]1O[C@@H](c3cc(OC)c(OC)c(OC)c3-2)[C@H](C)[C@@H]1C,"[{""source_id"": ""main"", ""sha256"": ""5c3cac57b641d17284fb2fbb3f63fa4221ebcad14c33beb9d14cb216729d61ff"", ""pages"": [3, 4, 5, 6, 7], ""locator"": ""Main successful synthesis schemes and model controls: E18 preparation""}]","[""tin(IV) chloride"", ""4 angstrom molecular sieves""]","[""dichloromethane""]",procedural_interpretation,,Explicit procedure stage; inferred intermediate graph is not independently characterized,False,False
