label,canonical_smiles,structure_basis,name,molecule_id,paper_label,canonical_isomeric_smiles,molecular_formula,exact_mass,source_references,depiction,role,review_status,formal_benchmark_eligible,admission_authority,source_alternative_tautomer_smiles,stereo_status,structure_conversion_method
1,Cc1ncccc1O,source_drawing_transcription,Compound 1,mol-43a55c4899aa806e6b78a6444e2b35d99960ad214c5ee8b721d4e5ada5aaf17f,1,Cc1ncccc1O,C6H7NO,109.052763844,"[{""source_id"": ""article"", ""sha256"": ""1e14ebb56ecaeb2012b391497d2ec5bc9a00c5e54b8648fa7c6b89e1f6431f72"", ""pages"": [2], ""locator"": ""Main experimental section / scheme: 1""}]",structures/1.svg,route_compound,pending_independent_chemist_review,False,False,,,
2,Cc1nc(Br)cc(Br)c1O,source_drawing_transcription,Compound 2,mol-5f4b6d661767d1f194532ee8934fa2d5bc1113df372fbff5e29d36d6fe1fb193,2,Cc1nc(Br)cc(Br)c1O,C6H5Br2NO,264.87378798000003,"[{""source_id"": ""article"", ""sha256"": ""1e14ebb56ecaeb2012b391497d2ec5bc9a00c5e54b8648fa7c6b89e1f6431f72"", ""pages"": [2], ""locator"": ""Main experimental section / scheme: 2""}]",structures/2.svg,route_compound,pending_independent_chemist_review,False,False,,,
3,COc1c(Br)cc(Br)nc1C,source_drawing_transcription,Compound 3,mol-7ae13cbe235a818fd3e941a9ce5cf5497c048c35958cd9d80c1890b103e32fd5,3,COc1c(Br)cc(Br)nc1C,C7H7Br2NO,278.88943804400003,"[{""source_id"": ""article"", ""sha256"": ""1e14ebb56ecaeb2012b391497d2ec5bc9a00c5e54b8648fa7c6b89e1f6431f72"", ""pages"": [2], ""locator"": ""Main experimental section / scheme: 3""}]",structures/3.svg,route_compound,pending_independent_chemist_review,False,False,,,
4,COc1c(OCc2ccccc2)cc(Br)nc1C,source_drawing_transcription,Compound 4,mol-d2f8997770b816a6ee5c8e61c15ddbe3f65205e443f2905b29049593114c8e47,4,COc1c(OCc2ccccc2)cc(Br)nc1C,C14H14BrNO2,307.020790788,"[{""source_id"": ""article"", ""sha256"": ""1e14ebb56ecaeb2012b391497d2ec5bc9a00c5e54b8648fa7c6b89e1f6431f72"", ""pages"": [2], ""locator"": ""Main experimental section / scheme: 4""}]",structures/4.svg,route_compound,pending_independent_chemist_review,False,False,,,
benzyl-alcohol,OCc1ccccc1,source_drawing_transcription,Compound benzyl-alcohol,mol-3f5d5a797945beb3a414f6f86e77ba164c6e34a04fd4f70eb599ed1ee8b2d9e4,benzyl-alcohol,OCc1ccccc1,C7H8O,108.057514876,"[{""source_id"": ""article"", ""sha256"": ""1e14ebb56ecaeb2012b391497d2ec5bc9a00c5e54b8648fa7c6b89e1f6431f72"", ""pages"": [2], ""locator"": ""Main experimental section / scheme: benzyl-alcohol""}]",structures/benzyl-alcohol.svg,route_compound,pending_independent_chemist_review,False,False,,,
iodomethane,CI,source_drawing_transcription,Compound iodomethane,mol-fe8ee15bb86d27a77f2a62bd71bc65936156c99fe5b58537b347cbad1761fd95,iodomethane,CI,CH3I,141.927948096,"[{""source_id"": ""article"", ""sha256"": ""1e14ebb56ecaeb2012b391497d2ec5bc9a00c5e54b8648fa7c6b89e1f6431f72"", ""pages"": [2], ""locator"": ""Main experimental section / scheme: iodomethane""}]",structures/iodomethane.svg,route_compound,pending_independent_chemist_review,False,False,,,
5a,CCCCCCCCCCCCc1cc(OCc2ccccc2)c(OC)c(C)n1,source_drawing_transcription,Compound 5a,mol-eae69c0763f3bb36282b6c566955d71452f667c46e08d4517dfaae9184d93bdd,5a,CCCCCCCCCCCCc1cc(OCc2ccccc2)c(OC)c(C)n1,C26H39NO2,397.29807948800004,"[{""source_id"": ""article"", ""sha256"": ""1e14ebb56ecaeb2012b391497d2ec5bc9a00c5e54b8648fa7c6b89e1f6431f72"", ""pages"": [3], ""locator"": ""Main experimental section / scheme: 5a""}]",structures/5a.svg,route_compound,pending_independent_chemist_review,False,False,,,
6a,CCCCCCCCCCCCc1cc(=O)c(OC)c(C)[nH]1,source_drawing_transcription,Compound 6a,mol-808076580cd038a7b403e681113ebc96add45aa660c56804fc73ff1246c47f3a,6a,CCCCCCCCCCCCc1cc(=O)c(OC)c(C)[nH]1,C19H33NO2,307.25112929600004,"[{""source_id"": ""article"", ""sha256"": ""1e14ebb56ecaeb2012b391497d2ec5bc9a00c5e54b8648fa7c6b89e1f6431f72"", ""pages"": [3], ""locator"": ""Main experimental section / scheme: 6a""}]",structures/6a.svg,target,pending_independent_chemist_review,False,False,CCCCCCCCCCCCc1cc(O)c(OC)c(C)n1,No absolute stereochemistry assigned; keto tautomer drawn in Figures 2-4 retained.,
coupling-partner-a,C=CCCCCCCCCCC,source_drawing_transcription,Compound coupling-partner-a,mol-2a7c6b33f1132b2b73263ca3da6933506b92405832558a7414879067efcb3136,coupling-partner-a,C=CCCCCCCCCCC,C12H24,168.187800768,"[{""source_id"": ""article"", ""sha256"": ""1e14ebb56ecaeb2012b391497d2ec5bc9a00c5e54b8648fa7c6b89e1f6431f72"", ""pages"": [3, 4, 5, 6], ""locator"": ""Main experimental section / scheme: coupling-partner-a""}]",structures/coupling-partner-a.svg,route_compound,pending_independent_chemist_review,False,False,,,Explicit named olefin or figure-defined boronic acid
5b,COc1c(OCc2ccccc2)cc(C(C)c2ccccc2)nc1C,source_drawing_transcription,Compound 5b,mol-f2c967a2444a0c4c6389007fb6c42756987650cf5143264182ba7f63f94850b5,5b,COc1c(OCc2ccccc2)cc(C(C)c2ccccc2)nc1C,C22H23NO2,333.17287897600005,"[{""source_id"": ""article"", ""sha256"": ""1e14ebb56ecaeb2012b391497d2ec5bc9a00c5e54b8648fa7c6b89e1f6431f72"", ""pages"": [3], ""locator"": ""Main experimental section / scheme: 5b""}]",structures/5b.svg,route_compound,pending_independent_chemist_review,False,False,,,
6b,COc1c(C)[nH]c(C(C)c2ccccc2)cc1=O,source_drawing_transcription,Compound 6b,mol-578bc290908b527e1bb8466a02cf6b8a5ee76317be0cf6b28df32d857d81fab4,6b,COc1c(C)[nH]c(C(C)c2ccccc2)cc1=O,C15H17NO2,243.125928784,"[{""source_id"": ""article"", ""sha256"": ""1e14ebb56ecaeb2012b391497d2ec5bc9a00c5e54b8648fa7c6b89e1f6431f72"", ""pages"": [4], ""locator"": ""Main experimental section / scheme: 6b""}]",structures/6b.svg,route_compound,pending_independent_chemist_review,False,False,COc1c(O)cc(C(C)c2ccccc2)nc1C,No absolute stereochemistry assigned; keto tautomer drawn in Figures 2-4 retained.,
coupling-partner-b,C=Cc1ccccc1,source_drawing_transcription,Compound coupling-partner-b,mol-5bdf773e4226f0515533bea1061c7590372d06518ac4f6df37b0c33baa82e9ff,coupling-partner-b,C=Cc1ccccc1,C8H8,104.062600256,"[{""source_id"": ""article"", ""sha256"": ""1e14ebb56ecaeb2012b391497d2ec5bc9a00c5e54b8648fa7c6b89e1f6431f72"", ""pages"": [3, 4, 5, 6], ""locator"": ""Main experimental section / scheme: coupling-partner-b""}]",structures/coupling-partner-b.svg,route_compound,pending_independent_chemist_review,False,False,,,Explicit named olefin or figure-defined boronic acid
5c,COc1c(OCc2ccccc2)cc(CCCc2ccccc2)nc1C,source_drawing_transcription,Compound 5c,mol-493fa1b814fd6d9bb8185c1bfe7322f17d3eb77f0c86945795236a855b8ee941,5c,COc1c(OCc2ccccc2)cc(CCCc2ccccc2)nc1C,C23H25NO2,347.18852904000005,"[{""source_id"": ""article"", ""sha256"": ""1e14ebb56ecaeb2012b391497d2ec5bc9a00c5e54b8648fa7c6b89e1f6431f72"", ""pages"": [3], ""locator"": ""Main experimental section / scheme: 5c""}]",structures/5c.svg,route_compound,pending_independent_chemist_review,False,False,,,
6c,COc1c(C)[nH]c(CCCc2ccccc2)cc1=O,source_drawing_transcription,Compound 6c,mol-638bff1049b0a5e1981f30bbf419d95f749d7ed07315290c0d6b8734e059cded,6c,COc1c(C)[nH]c(CCCc2ccccc2)cc1=O,C16H19NO2,257.141578848,"[{""source_id"": ""article"", ""sha256"": ""1e14ebb56ecaeb2012b391497d2ec5bc9a00c5e54b8648fa7c6b89e1f6431f72"", ""pages"": [4], ""locator"": ""Main experimental section / scheme: 6c""}]",structures/6c.svg,route_compound,pending_independent_chemist_review,False,False,COc1c(O)cc(CCCc2ccccc2)nc1C,No absolute stereochemistry assigned; keto tautomer drawn in Figures 2-4 retained.,
coupling-partner-c,C=CCc1ccccc1,source_drawing_transcription,Compound coupling-partner-c,mol-423f795f2f19c4349fe305ae2c6b7e24574be931372395fe72ee92a847403dc8,coupling-partner-c,C=CCc1ccccc1,C9H10,118.07825032,"[{""source_id"": ""article"", ""sha256"": ""1e14ebb56ecaeb2012b391497d2ec5bc9a00c5e54b8648fa7c6b89e1f6431f72"", ""pages"": [3, 4, 5, 6], ""locator"": ""Main experimental section / scheme: coupling-partner-c""}]",structures/coupling-partner-c.svg,route_compound,pending_independent_chemist_review,False,False,,,Explicit named olefin or figure-defined boronic acid
5d,COc1c(OCc2ccccc2)cc(-c2ccc3c(c2)OCO3)nc1C,source_drawing_transcription,Compound 5d,mol-b3159bc9ab78e69ec25bcedfe2f26e6bea2c388956341da8f5a07e747b672afe,5d,COc1c(OCc2ccccc2)cc(-c2ccc3c(c2)OCO3)nc1C,C21H19NO4,349.131408088,"[{""source_id"": ""article"", ""sha256"": ""1e14ebb56ecaeb2012b391497d2ec5bc9a00c5e54b8648fa7c6b89e1f6431f72"", ""pages"": [3], ""locator"": ""Main experimental section / scheme: 5d""}]",structures/5d.svg,route_compound,pending_independent_chemist_review,False,False,,,
6d,COc1c(C)[nH]c(-c2ccc3c(c2)OCO3)cc1=O,source_drawing_transcription,Compound 6d,mol-20cf52bba6ea270841cc5884de3e7876db26730292867bcf5832f135ffd572fd,6d,COc1c(C)[nH]c(-c2ccc3c(c2)OCO3)cc1=O,C14H13NO4,259.084457896,"[{""source_id"": ""article"", ""sha256"": ""1e14ebb56ecaeb2012b391497d2ec5bc9a00c5e54b8648fa7c6b89e1f6431f72"", ""pages"": [4], ""locator"": ""Main experimental section / scheme: 6d""}]",structures/6d.svg,route_compound,pending_independent_chemist_review,False,False,COc1c(O)cc(-c2ccc3c(c2)OCO3)nc1C,No absolute stereochemistry assigned; keto tautomer drawn in Figures 2-4 retained.,
coupling-partner-d,OB(O)c1ccc2c(c1)OCO2,source_drawing_transcription,Compound coupling-partner-d,mol-c2da4eef3d3ba721172bfc05e93297dab8ce01d2ec531ee2708e53186728f2cb,coupling-partner-d,OB(O)c1ccc2c(c1)OCO2,C7H7BO4,166.043739104,"[{""source_id"": ""article"", ""sha256"": ""1e14ebb56ecaeb2012b391497d2ec5bc9a00c5e54b8648fa7c6b89e1f6431f72"", ""pages"": [3, 4, 5, 6], ""locator"": ""Main experimental section / scheme: coupling-partner-d""}]",structures/coupling-partner-d.svg,route_compound,pending_independent_chemist_review,False,False,,,Explicit named olefin or figure-defined boronic acid
5e,COc1c(OCc2ccccc2)cc(-c2cccs2)nc1C,source_drawing_transcription,Compound 5e,mol-924ad8dc9d7b1cb5bf8d05b25d3a4021b7fb0ae19f2d696cf02ea1f1f341d2a0,5e,COc1c(OCc2ccccc2)cc(-c2cccs2)nc1C,C18H17NO2S,311.097999784,"[{""source_id"": ""article"", ""sha256"": ""1e14ebb56ecaeb2012b391497d2ec5bc9a00c5e54b8648fa7c6b89e1f6431f72"", ""pages"": [3], ""locator"": ""Main experimental section / scheme: 5e""}]",structures/5e.svg,route_compound,pending_independent_chemist_review,False,False,,,
6e,COc1c(C)[nH]c(-c2cccs2)cc1=O,source_drawing_transcription,Compound 6e,mol-4eabd2bb82fe596c0cc71d1494a7440b6fd9fe57c0f69413dcdccc00617f1a25,6e,COc1c(C)[nH]c(-c2cccs2)cc1=O,C11H11NO2S,221.051049592,"[{""source_id"": ""article"", ""sha256"": ""1e14ebb56ecaeb2012b391497d2ec5bc9a00c5e54b8648fa7c6b89e1f6431f72"", ""pages"": [4], ""locator"": ""Main experimental section / scheme: 6e""}]",structures/6e.svg,route_compound,pending_independent_chemist_review,False,False,COc1c(O)cc(-c2cccs2)nc1C,No absolute stereochemistry assigned; keto tautomer drawn in Figures 2-4 retained.,
coupling-partner-e,OB(O)c1cccs1,source_drawing_transcription,Compound coupling-partner-e,mol-5f72586c99ee615333432ef3d10adea7f66b896f31c099235b747f2448ada932,coupling-partner-e,OB(O)c1cccs1,C4H5BO2S,128.0103308,"[{""source_id"": ""article"", ""sha256"": ""1e14ebb56ecaeb2012b391497d2ec5bc9a00c5e54b8648fa7c6b89e1f6431f72"", ""pages"": [3, 4, 5, 6], ""locator"": ""Main experimental section / scheme: coupling-partner-e""}]",structures/coupling-partner-e.svg,route_compound,pending_independent_chemist_review,False,False,,,Explicit named olefin or figure-defined boronic acid
5f,COc1c(OCc2ccccc2)cc(-c2ccco2)nc1C,source_drawing_transcription,Compound 5f,mol-fca5aeecd5c2dabc814b71e1d3c8af53b8cf0abc41983cda33748d727f454007,5f,COc1c(OCc2ccccc2)cc(-c2ccco2)nc1C,C18H17NO3,295.120843404,"[{""source_id"": ""article"", ""sha256"": ""1e14ebb56ecaeb2012b391497d2ec5bc9a00c5e54b8648fa7c6b89e1f6431f72"", ""pages"": [3], ""locator"": ""Main experimental section / scheme: 5f""}]",structures/5f.svg,route_compound,pending_independent_chemist_review,False,False,,,
6f,COc1c(C)[nH]c(-c2ccco2)cc1=O,source_drawing_transcription,Compound 6f,mol-509bfac00558cfd3da52f1b4751f89edf88b4a8126988cee51b94e006c95811a,6f,COc1c(C)[nH]c(-c2ccco2)cc1=O,C11H11NO3,205.073893212,"[{""source_id"": ""article"", ""sha256"": ""1e14ebb56ecaeb2012b391497d2ec5bc9a00c5e54b8648fa7c6b89e1f6431f72"", ""pages"": [4], ""locator"": ""Main experimental section / scheme: 6f""}]",structures/6f.svg,route_compound,pending_independent_chemist_review,False,False,COc1c(O)cc(-c2ccco2)nc1C,No absolute stereochemistry assigned; keto tautomer drawn in Figures 2-4 retained.,
coupling-partner-f,OB(O)c1ccco1,source_drawing_transcription,Compound coupling-partner-f,mol-8820055ac1b48c1f8f110cd87794450207a83a3b2779e89e1c92895e0388596c,coupling-partner-f,OB(O)c1ccco1,C4H5BO3,112.03317442,"[{""source_id"": ""article"", ""sha256"": ""1e14ebb56ecaeb2012b391497d2ec5bc9a00c5e54b8648fa7c6b89e1f6431f72"", ""pages"": [3, 4, 5, 6], ""locator"": ""Main experimental section / scheme: coupling-partner-f""}]",structures/coupling-partner-f.svg,route_compound,pending_independent_chemist_review,False,False,,,Explicit named olefin or figure-defined boronic acid
5g,COc1ccc(-c2cc(OCc3ccccc3)c(OC)c(C)n2)cc1OC,source_drawing_transcription,Compound 5g,mol-87212e3feadf626446ac1fa5efbd341290db2c996e7187ddd6e69aad828021ad,5g,COc1ccc(-c2cc(OCc3ccccc3)c(OC)c(C)n2)cc1OC,C22H23NO4,365.162708216,"[{""source_id"": ""article"", ""sha256"": ""1e14ebb56ecaeb2012b391497d2ec5bc9a00c5e54b8648fa7c6b89e1f6431f72"", ""pages"": [3], ""locator"": ""Main experimental section / scheme: 5g""}]",structures/5g.svg,route_compound,pending_independent_chemist_review,False,False,,,
6g,COc1ccc(-c2cc(=O)c(OC)c(C)[nH]2)cc1OC,source_drawing_transcription,Compound 6g,mol-584715eef0767ca822a6ffc5f131baa66554cf81cd272919923bcd8de731f237,6g,COc1ccc(-c2cc(=O)c(OC)c(C)[nH]2)cc1OC,C15H17NO4,275.115758024,"[{""source_id"": ""article"", ""sha256"": ""1e14ebb56ecaeb2012b391497d2ec5bc9a00c5e54b8648fa7c6b89e1f6431f72"", ""pages"": [4], ""locator"": ""Main experimental section / scheme: 6g""}]",structures/6g.svg,route_compound,pending_independent_chemist_review,False,False,COc1ccc(-c2cc(O)c(OC)c(C)n2)cc1OC,No absolute stereochemistry assigned; keto tautomer drawn in Figures 2-4 retained.,
coupling-partner-g,COc1ccc(B(O)O)cc1OC,source_drawing_transcription,Compound coupling-partner-g,mol-d0b30e990040b08c391c04894a46ce56fdcdb10b88937c0a4de0345952eb09f3,coupling-partner-g,COc1ccc(B(O)O)cc1OC,C8H11BO4,182.075039232,"[{""source_id"": ""article"", ""sha256"": ""1e14ebb56ecaeb2012b391497d2ec5bc9a00c5e54b8648fa7c6b89e1f6431f72"", ""pages"": [3, 4, 5, 6], ""locator"": ""Main experimental section / scheme: coupling-partner-g""}]",structures/coupling-partner-g.svg,route_compound,pending_independent_chemist_review,False,False,,,Explicit named olefin or figure-defined boronic acid
5h,COc1cc(OC)cc(-c2cc(OCc3ccccc3)c(OC)c(C)n2)c1,source_drawing_transcription,Compound 5h,mol-72d971d6d0e4bfe000f43e01a9408124a0b0f85e2c9890be52c4320089f0bb51,5h,COc1cc(OC)cc(-c2cc(OCc3ccccc3)c(OC)c(C)n2)c1,C22H23NO4,365.162708216,"[{""source_id"": ""article"", ""sha256"": ""1e14ebb56ecaeb2012b391497d2ec5bc9a00c5e54b8648fa7c6b89e1f6431f72"", ""pages"": [4], ""locator"": ""Main experimental section / scheme: 5h""}]",structures/5h.svg,route_compound,pending_independent_chemist_review,False,False,,,
6h,COc1cc(OC)cc(-c2cc(=O)c(OC)c(C)[nH]2)c1,source_drawing_transcription,Compound 6h,mol-873e4fec77387cf93efbc16693ee700e9cf50c44c01bd7cac7a5de3e375acfb4,6h,COc1cc(OC)cc(-c2cc(=O)c(OC)c(C)[nH]2)c1,C15H17NO4,275.115758024,"[{""source_id"": ""article"", ""sha256"": ""1e14ebb56ecaeb2012b391497d2ec5bc9a00c5e54b8648fa7c6b89e1f6431f72"", ""pages"": [5], ""locator"": ""Main experimental section / scheme: 6h""}]",structures/6h.svg,route_compound,pending_independent_chemist_review,False,False,COc1cc(OC)cc(-c2cc(O)c(OC)c(C)n2)c1,No absolute stereochemistry assigned; keto tautomer drawn in Figures 2-4 retained.,
coupling-partner-h,COc1cc(OC)cc(B(O)O)c1,source_drawing_transcription,Compound coupling-partner-h,mol-5aa0d6e1b04a2bb4a5c5e732336ec639f226baee4ada87bc510030d18e10f976,coupling-partner-h,COc1cc(OC)cc(B(O)O)c1,C8H11BO4,182.075039232,"[{""source_id"": ""article"", ""sha256"": ""1e14ebb56ecaeb2012b391497d2ec5bc9a00c5e54b8648fa7c6b89e1f6431f72"", ""pages"": [3, 4, 5, 6], ""locator"": ""Main experimental section / scheme: coupling-partner-h""}]",structures/coupling-partner-h.svg,route_compound,pending_independent_chemist_review,False,False,,,Explicit named olefin or figure-defined boronic acid
5i,COc1c(OCc2ccccc2)cc(-c2ccc(Cl)cc2)nc1C,source_drawing_transcription,Compound 5i,mol-f3bed36d480c412fa09784f47df4b0a6aa7dba8d50460502226af3dbc96dc7b9,5i,COc1c(OCc2ccccc2)cc(-c2ccc(Cl)cc2)nc1C,C20H18ClNO2,339.102606496,"[{""source_id"": ""article"", ""sha256"": ""1e14ebb56ecaeb2012b391497d2ec5bc9a00c5e54b8648fa7c6b89e1f6431f72"", ""pages"": [4], ""locator"": ""Main experimental section / scheme: 5i""}]",structures/5i.svg,route_compound,pending_independent_chemist_review,False,False,,,
6i,COc1c(C)[nH]c(-c2ccc(Cl)cc2)cc1=O,source_drawing_transcription,Compound 6i,mol-0a23a13c50ef1f0e5b710fee0147c5c9d4ce0d7e072b8244472c99bd070f9f81,6i,COc1c(C)[nH]c(-c2ccc(Cl)cc2)cc1=O,C13H12ClNO2,249.055656304,"[{""source_id"": ""article"", ""sha256"": ""1e14ebb56ecaeb2012b391497d2ec5bc9a00c5e54b8648fa7c6b89e1f6431f72"", ""pages"": [5], ""locator"": ""Main experimental section / scheme: 6i""}]",structures/6i.svg,route_compound,pending_independent_chemist_review,False,False,COc1c(O)cc(-c2ccc(Cl)cc2)nc1C,No absolute stereochemistry assigned; keto tautomer drawn in Figures 2-4 retained.,
coupling-partner-i,OB(O)c1ccc(Cl)cc1,source_drawing_transcription,Compound coupling-partner-i,mol-cd8e06b373078a886064f8c3287310f64ec00ee1b40fedfe94d3e974eddc1f7f,coupling-partner-i,OB(O)c1ccc(Cl)cc1,C6H6BClO2,156.014937512,"[{""source_id"": ""article"", ""sha256"": ""1e14ebb56ecaeb2012b391497d2ec5bc9a00c5e54b8648fa7c6b89e1f6431f72"", ""pages"": [3, 4, 5, 6], ""locator"": ""Main experimental section / scheme: coupling-partner-i""}]",structures/coupling-partner-i.svg,route_compound,pending_independent_chemist_review,False,False,,,Explicit named olefin or figure-defined boronic acid
5j,COc1c(OCc2ccccc2)cc(C2CC2)nc1C,source_drawing_transcription,Compound 5j,mol-7186249b4ad480d010e96e15d4b3a209430054539c55edccee02dd3f471a63d6,5j,COc1c(OCc2ccccc2)cc(C2CC2)nc1C,C17H19NO2,269.141578848,"[{""source_id"": ""article"", ""sha256"": ""1e14ebb56ecaeb2012b391497d2ec5bc9a00c5e54b8648fa7c6b89e1f6431f72"", ""pages"": [4], ""locator"": ""Main experimental section / scheme: 5j""}]",structures/5j.svg,route_compound,pending_independent_chemist_review,False,False,,,
6j,COc1c(C)[nH]c(C2CC2)cc1=O,source_drawing_transcription,Compound 6j,mol-13d6341ff1d0c221173db343fea4ad8367380b47ceda3b8cacb47144cba3e364,6j,COc1c(C)[nH]c(C2CC2)cc1=O,C10H13NO2,179.094628656,"[{""source_id"": ""article"", ""sha256"": ""1e14ebb56ecaeb2012b391497d2ec5bc9a00c5e54b8648fa7c6b89e1f6431f72"", ""pages"": [5], ""locator"": ""Main experimental section / scheme: 6j""}]",structures/6j.svg,route_compound,pending_independent_chemist_review,False,False,COc1c(O)cc(C2CC2)nc1C,No absolute stereochemistry assigned; keto tautomer drawn in Figures 2-4 retained.,
coupling-partner-j,OB(O)C1CC1,source_drawing_transcription,Compound coupling-partner-j,mol-79f3911de36c144933fbc788acc755197789abb903d65268d234b819973d08b3,coupling-partner-j,OB(O)C1CC1,C3H7BO2,86.05390986399999,"[{""source_id"": ""article"", ""sha256"": ""1e14ebb56ecaeb2012b391497d2ec5bc9a00c5e54b8648fa7c6b89e1f6431f72"", ""pages"": [3, 4, 5, 6], ""locator"": ""Main experimental section / scheme: coupling-partner-j""}]",structures/coupling-partner-j.svg,route_compound,pending_independent_chemist_review,False,False,,,Explicit named olefin or figure-defined boronic acid
5k,COc1ccc(Cl)c(-c2cc(OCc3ccccc3)c(OC)c(C)n2)c1,source_drawing_transcription,Compound 5k,mol-c779c97fa48c9485140c3bede0d38f1e0f9f820595a93411b94cd9ed4f0ecfed,5k,COc1ccc(Cl)c(-c2cc(OCc3ccccc3)c(OC)c(C)n2)c1,C21H20ClNO3,369.11317118,"[{""source_id"": ""article"", ""sha256"": ""1e14ebb56ecaeb2012b391497d2ec5bc9a00c5e54b8648fa7c6b89e1f6431f72"", ""pages"": [4], ""locator"": ""Main experimental section / scheme: 5k""}]",structures/5k.svg,route_compound,pending_independent_chemist_review,False,False,,,
6k,COc1ccc(Cl)c(-c2cc(=O)c(OC)c(C)[nH]2)c1,source_drawing_transcription,Compound 6k,mol-9353e6e13f8e00d114feee938bef8ede6c01f398955965835a02b01265917601,6k,COc1ccc(Cl)c(-c2cc(=O)c(OC)c(C)[nH]2)c1,C14H14ClNO3,279.066220988,"[{""source_id"": ""article"", ""sha256"": ""1e14ebb56ecaeb2012b391497d2ec5bc9a00c5e54b8648fa7c6b89e1f6431f72"", ""pages"": [5], ""locator"": ""Main experimental section / scheme: 6k""}]",structures/6k.svg,route_compound,pending_independent_chemist_review,False,False,COc1ccc(Cl)c(-c2cc(O)c(OC)c(C)n2)c1,No absolute stereochemistry assigned; keto tautomer drawn in Figures 2-4 retained.,
coupling-partner-k,COc1ccc(Cl)c(B(O)O)c1,source_drawing_transcription,Compound coupling-partner-k,mol-c1b55825a2293c53b29fa2e38935f40e324295cb759c5dd6a1658bb25e87e6a2,coupling-partner-k,COc1ccc(Cl)c(B(O)O)c1,C7H8BClO3,186.025502196,"[{""source_id"": ""article"", ""sha256"": ""1e14ebb56ecaeb2012b391497d2ec5bc9a00c5e54b8648fa7c6b89e1f6431f72"", ""pages"": [3, 4, 5, 6], ""locator"": ""Main experimental section / scheme: coupling-partner-k""}]",structures/coupling-partner-k.svg,route_compound,pending_independent_chemist_review,False,False,,,Explicit named olefin or figure-defined boronic acid
5l,COc1c(OCc2ccccc2)cc(-c2cc(F)c(F)c(F)c2)nc1C,source_drawing_transcription,Compound 5l,mol-1418d236dba817117f5a3e199c5a1df09f302b1b24d92929758650773d16d350,5l,COc1c(OCc2ccccc2)cc(-c2cc(F)c(F)c(F)c2)nc1C,C20H16F3NO2,359.113313412,"[{""source_id"": ""article"", ""sha256"": ""1e14ebb56ecaeb2012b391497d2ec5bc9a00c5e54b8648fa7c6b89e1f6431f72"", ""pages"": [4], ""locator"": ""Main experimental section / scheme: 5l""}]",structures/5l.svg,route_compound,pending_independent_chemist_review,False,False,,,
6l,COc1c(C)[nH]c(-c2cc(F)c(F)c(F)c2)cc1=O,source_drawing_transcription,Compound 6l,mol-a4462a93c6a52356f9cac4609202a38b4da14923a7e87b8cb1dbee144af19594,6l,COc1c(C)[nH]c(-c2cc(F)c(F)c(F)c2)cc1=O,C13H10F3NO2,269.06636321999997,"[{""source_id"": ""article"", ""sha256"": ""1e14ebb56ecaeb2012b391497d2ec5bc9a00c5e54b8648fa7c6b89e1f6431f72"", ""pages"": [5], ""locator"": ""Main experimental section / scheme: 6l""}]",structures/6l.svg,route_compound,pending_independent_chemist_review,False,False,COc1c(O)cc(-c2cc(F)c(F)c(F)c2)nc1C,No absolute stereochemistry assigned; keto tautomer drawn in Figures 2-4 retained.,
coupling-partner-l,OB(O)c1cc(F)c(F)c(F)c1,source_drawing_transcription,Compound coupling-partner-l,mol-cd9a2f648822f5ec59c9820a60bcd913199a32329a8ad5600427db9ab5ccf7b4,coupling-partner-l,OB(O)c1cc(F)c(F)c(F)c1,C6H4BF3O2,176.025644428,"[{""source_id"": ""article"", ""sha256"": ""1e14ebb56ecaeb2012b391497d2ec5bc9a00c5e54b8648fa7c6b89e1f6431f72"", ""pages"": [3, 4, 5, 6], ""locator"": ""Main experimental section / scheme: coupling-partner-l""}]",structures/coupling-partner-l.svg,route_compound,pending_independent_chemist_review,False,False,,,Explicit named olefin or figure-defined boronic acid
5a-prime,CCCCCCCCCC/C=C/c1cc(OCc2ccccc2)c(OC)c(C)n1,source_drawing_transcription,Compound 5a-prime,mol-b1bc2c2763e083ea82a858965b4a1f851abe8ea3bc5f8e0fb7e1aa65c3308913,5a-prime,CCCCCCCCCC/C=C/c1cc(OCc2ccccc2)c(OC)c(C)n1,C26H37NO2,395.28242942400004,"[{""source_id"": ""article"", ""sha256"": ""1e14ebb56ecaeb2012b391497d2ec5bc9a00c5e54b8648fa7c6b89e1f6431f72"", ""pages"": [6], ""locator"": ""Main experimental section / scheme: 5a-prime""}]",structures/5a-prime.svg,route_compound,pending_independent_chemist_review,False,False,,Drawn olefin geometry retained; source screening product.,
