event_id,reactant_labels,product_labels,reagents,solvents,yield_scope,temperature,time,substrate_product_smiles,source_references,reported_yields,step_ids,category,formal_benchmark_eligible,admission_authority,experimental_stage_count,review_status
E01,"[""1""]","[""2""]","[""NBS""]","[""acetonitrile""]",Source-reported yield; source conflict notes take precedence.,90 deg C,1 h,Cc1ncccc1O>>Cc1nc(Br)cc(Br)c1O,"[{""source_id"": ""article"", ""sha256"": ""1e14ebb56ecaeb2012b391497d2ec5bc9a00c5e54b8648fa7c6b89e1f6431f72"", ""pages"": [2], ""locator"": ""Main experimental section / scheme: E01""}]","[{""product_label"": ""2"", ""percent"": 89.5, ""from_label"": ""1"", ""scope"": ""Source-reported yield; source conflict notes take precedence.""}]","[""E01.1""]",forward_synthesis,False,False,1,pending_independent_chemist_review
E02,"[""2"", ""iodomethane""]","[""3""]","[""Na2CO3""]","[""DMF""]",Source-reported yield; source conflict notes take precedence.,,4 h,CI.Cc1nc(Br)cc(Br)c1O>>COc1c(Br)cc(Br)nc1C,"[{""source_id"": ""article"", ""sha256"": ""1e14ebb56ecaeb2012b391497d2ec5bc9a00c5e54b8648fa7c6b89e1f6431f72"", ""pages"": [2], ""locator"": ""Main experimental section / scheme: E02""}]","[{""product_label"": ""3"", ""percent"": 92.3, ""from_label"": ""2"", ""scope"": ""Source-reported yield; source conflict notes take precedence.""}]","[""E02.1""]",forward_synthesis,False,False,1,pending_independent_chemist_review
E03,"[""3"", ""benzyl-alcohol""]","[""4""]","[""NaH""]","[""DMSO""]",Source-reported yield; source conflict notes take precedence.,,30 min + 30 min,COc1c(Br)cc(Br)nc1C.OCc1ccccc1>>COc1c(OCc2ccccc2)cc(Br)nc1C,"[{""source_id"": ""article"", ""sha256"": ""1e14ebb56ecaeb2012b391497d2ec5bc9a00c5e54b8648fa7c6b89e1f6431f72"", ""pages"": [2], ""locator"": ""Main experimental section / scheme: E03""}]","[{""product_label"": ""4"", ""percent"": 93.5, ""from_label"": ""3"", ""scope"": ""Source-reported yield; source conflict notes take precedence.""}]","[""E03.1""]",forward_synthesis,False,False,1,pending_independent_chemist_review
E04,"[""4"", ""coupling-partner-a""]","[""5a""]","[""Pd(PPh3)4"", ""K2CO3"", ""formic acid""]","[""ethanol""]",Source-reported yield; source conflict notes take precedence.,reflux,24 h,C=CCCCCCCCCCC.COc1c(OCc2ccccc2)cc(Br)nc1C>>CCCCCCCCCCCCc1cc(OCc2ccccc2)c(OC)c(C)n1,"[{""source_id"": ""article"", ""sha256"": ""1e14ebb56ecaeb2012b391497d2ec5bc9a00c5e54b8648fa7c6b89e1f6431f72"", ""pages"": [3], ""locator"": ""Main experimental section / scheme: E04""}]","[{""product_label"": ""5a"", ""percent"": 63.5, ""from_label"": ""4"", ""scope"": ""Source-reported yield; source conflict notes take precedence.""}]","[""E04.1""]",forward_synthesis,False,False,1,pending_independent_chemist_review
E05,"[""5a""]","[""6a""]","[""HCl"", ""TFA"", ""AcOH""]",[],Source-reported yield; source conflict notes take precedence.,90 deg C,12 h,CCCCCCCCCCCCc1cc(OCc2ccccc2)c(OC)c(C)n1>>CCCCCCCCCCCCc1cc(=O)c(OC)c(C)[nH]1,"[{""source_id"": ""article"", ""sha256"": ""1e14ebb56ecaeb2012b391497d2ec5bc9a00c5e54b8648fa7c6b89e1f6431f72"", ""pages"": [3], ""locator"": ""Main experimental section / scheme: E05""}]","[{""product_label"": ""6a"", ""percent"": 78.4, ""from_label"": ""5a"", ""scope"": ""Source-reported yield; source conflict notes take precedence.""}]","[""E05.1""]",forward_synthesis,False,False,1,pending_independent_chemist_review
E06,"[""4"", ""coupling-partner-b""]","[""5b""]","[""Pd(PPh3)4"", ""K2CO3"", ""formic acid""]","[""ethanol""]",Source-reported yield; source conflict notes take precedence.,reflux,24 h,C=Cc1ccccc1.COc1c(OCc2ccccc2)cc(Br)nc1C>>COc1c(OCc2ccccc2)cc(C(C)c2ccccc2)nc1C,"[{""source_id"": ""article"", ""sha256"": ""1e14ebb56ecaeb2012b391497d2ec5bc9a00c5e54b8648fa7c6b89e1f6431f72"", ""pages"": [3], ""locator"": ""Main experimental section / scheme: E06""}]","[{""product_label"": ""5b"", ""percent"": 59.2, ""from_label"": ""4"", ""scope"": ""Source-reported yield; source conflict notes take precedence.""}]","[""E06.1""]",forward_synthesis,False,False,1,pending_independent_chemist_review
E07,"[""5b""]","[""6b""]","[""HCl"", ""TFA"", ""AcOH""]",[],Source-reported yield; source conflict notes take precedence.,90 deg C,12 h,COc1c(OCc2ccccc2)cc(C(C)c2ccccc2)nc1C>>COc1c(C)[nH]c(C(C)c2ccccc2)cc1=O,"[{""source_id"": ""article"", ""sha256"": ""1e14ebb56ecaeb2012b391497d2ec5bc9a00c5e54b8648fa7c6b89e1f6431f72"", ""pages"": [4], ""locator"": ""Main experimental section / scheme: E07""}]","[{""product_label"": ""6b"", ""percent"": 74.0, ""from_label"": ""5b"", ""scope"": ""Source-reported yield; source conflict notes take precedence.""}]","[""E07.1""]",forward_synthesis,False,False,1,pending_independent_chemist_review
E08,"[""4"", ""coupling-partner-c""]","[""5c""]","[""Pd(PPh3)4"", ""K2CO3"", ""formic acid""]","[""ethanol""]",Source-reported yield; source conflict notes take precedence.,reflux,24 h,C=CCc1ccccc1.COc1c(OCc2ccccc2)cc(Br)nc1C>>COc1c(OCc2ccccc2)cc(CCCc2ccccc2)nc1C,"[{""source_id"": ""article"", ""sha256"": ""1e14ebb56ecaeb2012b391497d2ec5bc9a00c5e54b8648fa7c6b89e1f6431f72"", ""pages"": [3], ""locator"": ""Main experimental section / scheme: E08""}]","[{""product_label"": ""5c"", ""percent"": 62.2, ""from_label"": ""4"", ""scope"": ""Source-reported yield; source conflict notes take precedence.""}]","[""E08.1""]",forward_synthesis,False,False,1,pending_independent_chemist_review
E09,"[""5c""]","[""6c""]","[""HCl"", ""TFA"", ""AcOH""]",[],Source-reported yield; source conflict notes take precedence.,90 deg C,12 h,COc1c(OCc2ccccc2)cc(CCCc2ccccc2)nc1C>>COc1c(C)[nH]c(CCCc2ccccc2)cc1=O,"[{""source_id"": ""article"", ""sha256"": ""1e14ebb56ecaeb2012b391497d2ec5bc9a00c5e54b8648fa7c6b89e1f6431f72"", ""pages"": [4], ""locator"": ""Main experimental section / scheme: E09""}]","[{""product_label"": ""6c"", ""percent"": 72.9, ""from_label"": ""5c"", ""scope"": ""Source-reported yield; source conflict notes take precedence.""}]","[""E09.1""]",forward_synthesis,False,False,1,pending_independent_chemist_review
E10,"[""4"", ""coupling-partner-d""]","[""5d""]","[""Pd(OAc)2"", ""PtBu3.HBF4"", ""NaOH""]","[""n-butanol"", ""water""]",Source-reported yield; source conflict notes take precedence.,room temperature,1 h,COc1c(OCc2ccccc2)cc(Br)nc1C.OB(O)c1ccc2c(c1)OCO2>>COc1c(OCc2ccccc2)cc(-c2ccc3c(c2)OCO3)nc1C,"[{""source_id"": ""article"", ""sha256"": ""1e14ebb56ecaeb2012b391497d2ec5bc9a00c5e54b8648fa7c6b89e1f6431f72"", ""pages"": [3], ""locator"": ""Main experimental section / scheme: E10""}]","[{""product_label"": ""5d"", ""percent"": 73.3, ""from_label"": ""4"", ""scope"": ""Source-reported yield; source conflict notes take precedence.""}]","[""E10.1""]",forward_synthesis,False,False,1,pending_independent_chemist_review
E11,"[""5d""]","[""6d""]","[""HCl"", ""TFA"", ""AcOH""]",[],Source-reported yield; source conflict notes take precedence.,90 deg C,12 h,COc1c(OCc2ccccc2)cc(-c2ccc3c(c2)OCO3)nc1C>>COc1c(C)[nH]c(-c2ccc3c(c2)OCO3)cc1=O,"[{""source_id"": ""article"", ""sha256"": ""1e14ebb56ecaeb2012b391497d2ec5bc9a00c5e54b8648fa7c6b89e1f6431f72"", ""pages"": [4], ""locator"": ""Main experimental section / scheme: E11""}]","[{""product_label"": ""6d"", ""percent"": 70.1, ""from_label"": ""5d"", ""scope"": ""Source-reported yield; source conflict notes take precedence.""}]","[""E11.1""]",forward_synthesis,False,False,1,pending_independent_chemist_review
E12,"[""4"", ""coupling-partner-e""]","[""5e""]","[""Pd(OAc)2"", ""PtBu3.HBF4"", ""NaOH""]","[""n-butanol"", ""water""]",Source-reported yield; source conflict notes take precedence.,room temperature,1 h,COc1c(OCc2ccccc2)cc(Br)nc1C.OB(O)c1cccs1>>COc1c(OCc2ccccc2)cc(-c2cccs2)nc1C,"[{""source_id"": ""article"", ""sha256"": ""1e14ebb56ecaeb2012b391497d2ec5bc9a00c5e54b8648fa7c6b89e1f6431f72"", ""pages"": [3], ""locator"": ""Main experimental section / scheme: E12""}]","[{""product_label"": ""5e"", ""percent"": 83.2, ""from_label"": ""4"", ""scope"": ""Source-reported yield; source conflict notes take precedence.""}]","[""E12.1""]",forward_synthesis,False,False,1,pending_independent_chemist_review
E13,"[""5e""]","[""6e""]","[""HCl"", ""TFA"", ""AcOH""]",[],Source-reported yield; source conflict notes take precedence.,90 deg C,12 h,COc1c(OCc2ccccc2)cc(-c2cccs2)nc1C>>COc1c(C)[nH]c(-c2cccs2)cc1=O,"[{""source_id"": ""article"", ""sha256"": ""1e14ebb56ecaeb2012b391497d2ec5bc9a00c5e54b8648fa7c6b89e1f6431f72"", ""pages"": [4], ""locator"": ""Main experimental section / scheme: E13""}]","[{""product_label"": ""6e"", ""percent"": 73.2, ""from_label"": ""5e"", ""scope"": ""Source-reported yield; source conflict notes take precedence.""}]","[""E13.1""]",forward_synthesis,False,False,1,pending_independent_chemist_review
E14,"[""4"", ""coupling-partner-f""]","[""5f""]","[""Pd(OAc)2"", ""PtBu3.HBF4"", ""NaOH""]","[""n-butanol"", ""water""]",Source-reported yield; source conflict notes take precedence.,room temperature,1 h,COc1c(OCc2ccccc2)cc(Br)nc1C.OB(O)c1ccco1>>COc1c(OCc2ccccc2)cc(-c2ccco2)nc1C,"[{""source_id"": ""article"", ""sha256"": ""1e14ebb56ecaeb2012b391497d2ec5bc9a00c5e54b8648fa7c6b89e1f6431f72"", ""pages"": [3], ""locator"": ""Main experimental section / scheme: E14""}]","[{""product_label"": ""5f"", ""percent"": 83.6, ""from_label"": ""4"", ""scope"": ""Source-reported yield; source conflict notes take precedence.""}]","[""E14.1""]",forward_synthesis,False,False,1,pending_independent_chemist_review
E15,"[""5f""]","[""6f""]","[""HCl"", ""TFA"", ""AcOH""]",[],Source-reported yield; source conflict notes take precedence.,90 deg C,12 h,COc1c(OCc2ccccc2)cc(-c2ccco2)nc1C>>COc1c(C)[nH]c(-c2ccco2)cc1=O,"[{""source_id"": ""article"", ""sha256"": ""1e14ebb56ecaeb2012b391497d2ec5bc9a00c5e54b8648fa7c6b89e1f6431f72"", ""pages"": [4], ""locator"": ""Main experimental section / scheme: E15""}]","[{""product_label"": ""6f"", ""percent"": 72.0, ""from_label"": ""5f"", ""scope"": ""Source-reported yield; source conflict notes take precedence.""}]","[""E15.1""]",forward_synthesis,False,False,1,pending_independent_chemist_review
E16,"[""4"", ""coupling-partner-g""]","[""5g""]","[""Pd(OAc)2"", ""PtBu3.HBF4"", ""NaOH""]","[""n-butanol"", ""water""]",Source-reported yield; source conflict notes take precedence.,room temperature,1 h,COc1c(OCc2ccccc2)cc(Br)nc1C.COc1ccc(B(O)O)cc1OC>>COc1ccc(-c2cc(OCc3ccccc3)c(OC)c(C)n2)cc1OC,"[{""source_id"": ""article"", ""sha256"": ""1e14ebb56ecaeb2012b391497d2ec5bc9a00c5e54b8648fa7c6b89e1f6431f72"", ""pages"": [3], ""locator"": ""Main experimental section / scheme: E16""}]","[{""product_label"": ""5g"", ""percent"": 81.9, ""from_label"": ""4"", ""scope"": ""Source-reported yield; source conflict notes take precedence.""}]","[""E16.1""]",forward_synthesis,False,False,1,pending_independent_chemist_review
E17,"[""5g""]","[""6g""]","[""HCl"", ""TFA"", ""AcOH""]",[],Source-reported yield; source conflict notes take precedence.,90 deg C,12 h,COc1ccc(-c2cc(OCc3ccccc3)c(OC)c(C)n2)cc1OC>>COc1ccc(-c2cc(=O)c(OC)c(C)[nH]2)cc1OC,"[{""source_id"": ""article"", ""sha256"": ""1e14ebb56ecaeb2012b391497d2ec5bc9a00c5e54b8648fa7c6b89e1f6431f72"", ""pages"": [4], ""locator"": ""Main experimental section / scheme: E17""}]","[{""product_label"": ""6g"", ""percent"": 74.3, ""from_label"": ""5g"", ""scope"": ""Source-reported yield; source conflict notes take precedence.""}]","[""E17.1""]",forward_synthesis,False,False,1,pending_independent_chemist_review
E18,"[""4"", ""coupling-partner-h""]","[""5h""]","[""Pd(OAc)2"", ""PtBu3.HBF4"", ""NaOH""]","[""n-butanol"", ""water""]",Source-reported yield; source conflict notes take precedence.,room temperature,1 h,COc1c(OCc2ccccc2)cc(Br)nc1C.COc1cc(OC)cc(B(O)O)c1>>COc1cc(OC)cc(-c2cc(OCc3ccccc3)c(OC)c(C)n2)c1,"[{""source_id"": ""article"", ""sha256"": ""1e14ebb56ecaeb2012b391497d2ec5bc9a00c5e54b8648fa7c6b89e1f6431f72"", ""pages"": [4], ""locator"": ""Main experimental section / scheme: E18""}]","[{""product_label"": ""5h"", ""percent"": 78.5, ""from_label"": ""4"", ""scope"": ""Source-reported yield; source conflict notes take precedence.""}]","[""E18.1""]",forward_synthesis,False,False,1,pending_independent_chemist_review
E19,"[""5h""]","[""6h""]","[""HCl"", ""TFA"", ""AcOH""]",[],Source-reported yield; source conflict notes take precedence.,90 deg C,12 h,COc1cc(OC)cc(-c2cc(OCc3ccccc3)c(OC)c(C)n2)c1>>COc1cc(OC)cc(-c2cc(=O)c(OC)c(C)[nH]2)c1,"[{""source_id"": ""article"", ""sha256"": ""1e14ebb56ecaeb2012b391497d2ec5bc9a00c5e54b8648fa7c6b89e1f6431f72"", ""pages"": [5], ""locator"": ""Main experimental section / scheme: E19""}]","[{""product_label"": ""6h"", ""percent"": 69.0, ""from_label"": ""5h"", ""scope"": ""Source-reported yield; source conflict notes take precedence.""}]","[""E19.1""]",forward_synthesis,False,False,1,pending_independent_chemist_review
E20,"[""4"", ""coupling-partner-i""]","[""5i""]","[""Pd(OAc)2"", ""PtBu3.HBF4"", ""NaOH""]","[""n-butanol"", ""water""]",Source-reported yield; source conflict notes take precedence.,room temperature,1 h,COc1c(OCc2ccccc2)cc(Br)nc1C.OB(O)c1ccc(Cl)cc1>>COc1c(OCc2ccccc2)cc(-c2ccc(Cl)cc2)nc1C,"[{""source_id"": ""article"", ""sha256"": ""1e14ebb56ecaeb2012b391497d2ec5bc9a00c5e54b8648fa7c6b89e1f6431f72"", ""pages"": [4], ""locator"": ""Main experimental section / scheme: E20""}]","[{""product_label"": ""5i"", ""percent"": 70.8, ""from_label"": ""4"", ""scope"": ""Source-reported yield; source conflict notes take precedence.""}]","[""E20.1""]",forward_synthesis,False,False,1,pending_independent_chemist_review
E21,"[""5i""]","[""6i""]","[""HCl"", ""TFA"", ""AcOH""]",[],Source-reported yield; source conflict notes take precedence.,90 deg C,12 h,COc1c(OCc2ccccc2)cc(-c2ccc(Cl)cc2)nc1C>>COc1c(C)[nH]c(-c2ccc(Cl)cc2)cc1=O,"[{""source_id"": ""article"", ""sha256"": ""1e14ebb56ecaeb2012b391497d2ec5bc9a00c5e54b8648fa7c6b89e1f6431f72"", ""pages"": [5], ""locator"": ""Main experimental section / scheme: E21""}]","[{""product_label"": ""6i"", ""percent"": 73.5, ""from_label"": ""5i"", ""scope"": ""Source-reported yield; source conflict notes take precedence.""}]","[""E21.1""]",forward_synthesis,False,False,1,pending_independent_chemist_review
E22,"[""4"", ""coupling-partner-j""]","[""5j""]","[""Pd(PPh3)4"", ""K2CO3""]","[""1,4-dioxane""]",Source-reported yield; source conflict notes take precedence.,120 deg C,24 h,COc1c(OCc2ccccc2)cc(Br)nc1C.OB(O)C1CC1>>COc1c(OCc2ccccc2)cc(C2CC2)nc1C,"[{""source_id"": ""article"", ""sha256"": ""1e14ebb56ecaeb2012b391497d2ec5bc9a00c5e54b8648fa7c6b89e1f6431f72"", ""pages"": [4], ""locator"": ""Main experimental section / scheme: E22""}]","[{""product_label"": ""5j"", ""percent"": 65.3, ""from_label"": ""4"", ""scope"": ""Source-reported yield; source conflict notes take precedence.""}]","[""E22.1""]",forward_synthesis,False,False,1,pending_independent_chemist_review
E23,"[""5j""]","[""6j""]","[""HCl"", ""TFA"", ""AcOH""]",[],Source-reported yield; source conflict notes take precedence.,90 deg C,12 h,COc1c(OCc2ccccc2)cc(C2CC2)nc1C>>COc1c(C)[nH]c(C2CC2)cc1=O,"[{""source_id"": ""article"", ""sha256"": ""1e14ebb56ecaeb2012b391497d2ec5bc9a00c5e54b8648fa7c6b89e1f6431f72"", ""pages"": [5], ""locator"": ""Main experimental section / scheme: E23""}]","[{""product_label"": ""6j"", ""percent"": 69.1, ""from_label"": ""5j"", ""scope"": ""Source-reported yield; source conflict notes take precedence.""}]","[""E23.1""]",forward_synthesis,False,False,1,pending_independent_chemist_review
E24,"[""4"", ""coupling-partner-k""]","[""5k""]","[""Pd(PPh3)4"", ""K2CO3""]","[""1,4-dioxane""]",Source-reported yield; source conflict notes take precedence.,120 deg C,24 h,COc1c(OCc2ccccc2)cc(Br)nc1C.COc1ccc(Cl)c(B(O)O)c1>>COc1ccc(Cl)c(-c2cc(OCc3ccccc3)c(OC)c(C)n2)c1,"[{""source_id"": ""article"", ""sha256"": ""1e14ebb56ecaeb2012b391497d2ec5bc9a00c5e54b8648fa7c6b89e1f6431f72"", ""pages"": [4], ""locator"": ""Main experimental section / scheme: E24""}]","[{""product_label"": ""5k"", ""percent"": 68.4, ""from_label"": ""4"", ""scope"": ""Source-reported yield; source conflict notes take precedence.""}]","[""E24.1""]",forward_synthesis,False,False,1,pending_independent_chemist_review
E25,"[""5k""]","[""6k""]","[""HCl"", ""TFA"", ""AcOH""]",[],Source-reported yield; source conflict notes take precedence.,90 deg C,12 h,COc1ccc(Cl)c(-c2cc(OCc3ccccc3)c(OC)c(C)n2)c1>>COc1ccc(Cl)c(-c2cc(=O)c(OC)c(C)[nH]2)c1,"[{""source_id"": ""article"", ""sha256"": ""1e14ebb56ecaeb2012b391497d2ec5bc9a00c5e54b8648fa7c6b89e1f6431f72"", ""pages"": [5], ""locator"": ""Main experimental section / scheme: E25""}]","[{""product_label"": ""6k"", ""percent"": 76.7, ""from_label"": ""5k"", ""scope"": ""Source-reported yield; source conflict notes take precedence.""}]","[""E25.1""]",forward_synthesis,False,False,1,pending_independent_chemist_review
E26,"[""4"", ""coupling-partner-l""]","[""5l""]","[""Pd(PPh3)4"", ""K2CO3""]","[""1,4-dioxane""]",Source-reported yield; source conflict notes take precedence.,120 deg C,24 h,COc1c(OCc2ccccc2)cc(Br)nc1C.OB(O)c1cc(F)c(F)c(F)c1>>COc1c(OCc2ccccc2)cc(-c2cc(F)c(F)c(F)c2)nc1C,"[{""source_id"": ""article"", ""sha256"": ""1e14ebb56ecaeb2012b391497d2ec5bc9a00c5e54b8648fa7c6b89e1f6431f72"", ""pages"": [4], ""locator"": ""Main experimental section / scheme: E26""}]","[{""product_label"": ""5l"", ""percent"": 66.1, ""from_label"": ""4"", ""scope"": ""Source-reported yield; source conflict notes take precedence.""}]","[""E26.1""]",forward_synthesis,False,False,1,pending_independent_chemist_review
E27,"[""5l""]","[""6l""]","[""HCl"", ""TFA"", ""AcOH""]",[],Source-reported yield; source conflict notes take precedence.,90 deg C,12 h,COc1c(OCc2ccccc2)cc(-c2cc(F)c(F)c(F)c2)nc1C>>COc1c(C)[nH]c(-c2cc(F)c(F)c(F)c2)cc1=O,"[{""source_id"": ""article"", ""sha256"": ""1e14ebb56ecaeb2012b391497d2ec5bc9a00c5e54b8648fa7c6b89e1f6431f72"", ""pages"": [5], ""locator"": ""Main experimental section / scheme: E27""}]","[{""product_label"": ""6l"", ""percent"": 72.1, ""from_label"": ""5l"", ""scope"": ""Source-reported yield; source conflict notes take precedence.""}]","[""E27.1""]",forward_synthesis,False,False,1,pending_independent_chemist_review
E28,"[""4"", ""coupling-partner-a""]","[""5a-prime""]","[""Pd(PPh3)4"", ""K2CO3""]","[""DMF""]","HPLC conversion from screening, not isolated yield.",reflux,36 h,C=CCCCCCCCCCC.COc1c(OCc2ccccc2)cc(Br)nc1C>>CCCCCCCCCC/C=C/c1cc(OCc2ccccc2)c(OC)c(C)n1,"[{""source_id"": ""article"", ""sha256"": ""1e14ebb56ecaeb2012b391497d2ec5bc9a00c5e54b8648fa7c6b89e1f6431f72"", ""pages"": [5, 6], ""locator"": ""Main experimental section / scheme: E28""}]","[{""product_label"": ""5a-prime"", ""percent"": 21.5, ""from_label"": ""4"", ""scope"": ""HPLC conversion from screening, not isolated yield.""}]","[""E28.1""]",forward_synthesis,False,False,1,pending_independent_chemist_review
