label,name,canonical_smiles,structure_basis,molecule_id,paper_label,canonical_isomeric_smiles,molecular_formula,exact_mass,source_references,depiction,role,review_status,formal_benchmark_eligible,admission_authority,stereo_status,stereo_note
9,salicylaldehyde,O=Cc1ccccc1O,source_drawing_transcription,mol-53b2af5aa04d893f57d9fea05448eab03df1438e1a3e40cde6994e233312abd7,9,O=Cc1ccccc1O,C7H6O2,122.036779432,"[{""source_id"": ""si"", ""sha256"": ""1fbcbfec0a80ea108a1d9f2fd1e9c936e5343f7f78c4d0e321f1d12f84daf1a1"", ""pages"": [6], ""locator"": ""SI drawing/procedure: 9""}]",structures/9.svg,route_compound,pending_independent_chemist_review,False,False,,
S3,SI compound S3,O=Cc1cc(I)ccc1O,source_drawing_transcription,mol-8908a8cfa1188a4dede74888932c4af9a03c436014f924e26234969776ead169,S3,O=Cc1cc(I)ccc1O,C7H5IO2,247.9334274,"[{""source_id"": ""si"", ""sha256"": ""1fbcbfec0a80ea108a1d9f2fd1e9c936e5343f7f78c4d0e321f1d12f84daf1a1"", ""pages"": [6], ""locator"": ""SI drawing/procedure: S3""}]",structures/S3.svg,route_compound,pending_independent_chemist_review,False,False,,
10,SI compound 10,COc1ccc(I)cc1C=O,source_drawing_transcription,mol-cbea6f0ef6a7814a449ca0220f7cd0692cecbba7655f9611ee3eab13e90c96c0,10,COc1ccc(I)cc1C=O,C8H7IO2,261.949077464,"[{""source_id"": ""si"", ""sha256"": ""1fbcbfec0a80ea108a1d9f2fd1e9c936e5343f7f78c4d0e321f1d12f84daf1a1"", ""pages"": [6], ""locator"": ""SI drawing/procedure: 10""}]",structures/10.svg,route_compound,pending_independent_chemist_review,False,False,,
Wittig-salt,iodomethyltriphenylphosphonium iodide,IC[P+](c1ccccc1)(c1ccccc1)c1ccccc1.[I-],source_drawing_transcription,mol-4ad67342b9c5e4b59f4d923eee03f2dc0cfb43088c9aa2033c5289f057ffb757,Wittig-salt,IC[P+](c1ccccc1)(c1ccccc1)c1ccccc1.[I-],C19H17I2P,529.915733174,"[{""source_id"": ""si"", ""sha256"": ""1fbcbfec0a80ea108a1d9f2fd1e9c936e5343f7f78c4d0e321f1d12f84daf1a1"", ""pages"": [7], ""locator"": ""SI drawing/procedure: Wittig-salt""}]",structures/Wittig-salt.svg,route_compound,pending_independent_chemist_review,False,False,,
6,SI compound 6,COc1ccc(I)cc1/C=C\I,source_drawing_transcription,mol-5a14f11eafc920af3dc9b57d9484608c4282f5f24332719b8507dcbc99e12805,6,COc1ccc(I)cc1/C=C\I,C9H8I2O,385.866460876,"[{""source_id"": ""si"", ""sha256"": ""1fbcbfec0a80ea108a1d9f2fd1e9c936e5343f7f78c4d0e321f1d12f84daf1a1"", ""pages"": [7], ""locator"": ""SI drawing/procedure: 6""}]",structures/6.svg,route_compound,pending_independent_chemist_review,False,False,source_Z_major,Z/E >95:5; minor E product not isolated as route node.
7,"N-Boc-(2S,3S)-3-hydroxyproline",CC(C)(C)OC(=O)N1CC[C@H](O)[C@H]1C(=O)O,source_drawing_transcription,mol-070c013a1423524a6ec20010a2fbbbe009e76bab6fac2c2368ab943988056a85,7,CC(C)(C)OC(=O)N1CC[C@H](O)[C@H]1C(=O)O,C10H17NO5,231.110672644,"[{""source_id"": ""si"", ""sha256"": ""1fbcbfec0a80ea108a1d9f2fd1e9c936e5343f7f78c4d0e321f1d12f84daf1a1"", ""pages"": [7], ""locator"": ""SI drawing/procedure: 7""}]",structures/7.svg,route_compound,pending_independent_chemist_review,False,False,,
Ile-amide,L-isoleucinamide,CC[C@H](C)[C@H](N)C(N)=O,source_drawing_transcription,mol-892886be472b996b37ce3adf13c833eac22a86b534abcc2bbd5766cca28da92a,Ile-amide,CC[C@H](C)[C@H](N)C(N)=O,C6H14N2O,130.110613068,"[{""source_id"": ""si"", ""sha256"": ""1fbcbfec0a80ea108a1d9f2fd1e9c936e5343f7f78c4d0e321f1d12f84daf1a1"", ""pages"": [7], ""locator"": ""SI drawing/procedure: Ile-amide""}]",structures/Ile-amide.svg,route_compound,pending_independent_chemist_review,False,False,,
8,SI compound 8,CC[C@H](C)[C@H](NC(=O)[C@@H]1[C@@H](O)CCN1C(=O)OC(C)(C)C)C(N)=O,source_drawing_transcription,mol-be5a379b3c305e190d27785e7f88e9ab224f647073cb7afacacff46a3da50486,8,CC[C@H](C)[C@H](NC(=O)[C@@H]1[C@@H](O)CCN1C(=O)OC(C)(C)C)C(N)=O,C16H29N3O5,343.210721028,"[{""source_id"": ""si"", ""sha256"": ""1fbcbfec0a80ea108a1d9f2fd1e9c936e5343f7f78c4d0e321f1d12f84daf1a1"", ""pages"": [7, 8], ""locator"": ""SI drawing/procedure: 8""}]",structures/8.svg,route_compound,pending_independent_chemist_review,False,False,,
S1,SI compound S1,CC[C@H](C)[C@H](NC(=O)[C@@H]1[C@@H](O)CCN1C(=O)OC(C)(C)C)C(=O)N/C=C\c1cc(I)ccc1OC,source_drawing_transcription,mol-3b9fd8679e28ac0e926abd9bc7490ec9ec3c5d20cd68df7786a779fe434be0be,S1,CC[C@H](C)[C@H](NC(=O)[C@@H]1[C@@H](O)CCN1C(=O)OC(C)(C)C)C(=O)N/C=C\c1cc(I)ccc1OC,C25H36IN3O6,601.164883872,"[{""source_id"": ""si"", ""sha256"": ""1fbcbfec0a80ea108a1d9f2fd1e9c936e5343f7f78c4d0e321f1d12f84daf1a1"", ""pages"": [8, 9], ""locator"": ""SI drawing/procedure: S1""}]",structures/S1.svg,route_compound,pending_independent_chemist_review,False,False,source_Z_assignment_conflicting_ratio_text,
S2,SI compound S2,CC[C@H](C)[C@@H]1NC(=O)[C@@H]2[C@H](CCN2C(=O)OC(C)(C)C)Oc2ccc(OC)c(c2)/C=C\NC1=O,source_drawing_transcription,mol-32e996e628adf11eba9d3e86e4ebf0bf44a2cfe73a213d72866aac623c5e6dcd,S2,CC[C@H](C)[C@@H]1NC(=O)[C@@H]2[C@H](CCN2C(=O)OC(C)(C)C)Oc2ccc(OC)c(c2)/C=C\NC1=O,C25H35N3O6,473.25258584,"[{""source_id"": ""si"", ""sha256"": ""1fbcbfec0a80ea108a1d9f2fd1e9c936e5343f7f78c4d0e321f1d12f84daf1a1"", ""pages"": [9, 10], ""locator"": ""SI drawing/procedure: S2""}]",structures/S2.svg,route_compound,pending_independent_chemist_review,False,False,,
S4,dipeptide hydrochloride,CC[C@H](C)[C@H](NC(=O)[C@H]1[NH2+]CC[C@@H]1O)C(N)=O.[Cl-],source_drawing_transcription,mol-acfbb529e8ed34584f56318e7e327e22a606701b01fdbec02b025eade4244cb4,S4,CC[C@H](C)[C@H](NC(=O)[C@H]1[NH2+]CC[C@@H]1O)C(N)=O.[Cl-],C11H22ClN3O3,279.134969244,"[{""source_id"": ""si"", ""sha256"": ""1fbcbfec0a80ea108a1d9f2fd1e9c936e5343f7f78c4d0e321f1d12f84daf1a1"", ""pages"": [11], ""locator"": ""SI drawing/procedure: S4""}]",structures/S4.svg,route_compound,pending_independent_chemist_review,False,False,,
Me2Phe,"N,N-dimethyl-L-phenylalanine",CN(C)[C@@H](Cc1ccccc1)C(=O)O,source_drawing_transcription,mol-267f29f5c2b2d8d4c309f7087e1541d41c26075762e3f321bc6e95276f4da11a,Me2Phe,CN(C)[C@@H](Cc1ccccc1)C(=O)O,C11H15NO2,193.11027872,"[{""source_id"": ""si"", ""sha256"": ""1fbcbfec0a80ea108a1d9f2fd1e9c936e5343f7f78c4d0e321f1d12f84daf1a1"", ""pages"": [11], ""locator"": ""SI drawing/procedure: Me2Phe""}]",structures/Me2Phe.svg,route_compound,pending_independent_chemist_review,False,False,,
5,SI compound 5,CC[C@H](C)[C@H](NC(=O)[C@@H]1[C@@H](O)CCN1C(=O)[C@H](Cc1ccccc1)N(C)C)C(N)=O,source_drawing_transcription,mol-bf58d600f05626ef91f6050ddc69155219ec4970a013161ea8ec9e5886106b22,5,CC[C@H](C)[C@H](NC(=O)[C@@H]1[C@@H](O)CCN1C(=O)[C@H](Cc1ccccc1)N(C)C)C(N)=O,C22H34N4O4,418.25800556800004,"[{""source_id"": ""si"", ""sha256"": ""1fbcbfec0a80ea108a1d9f2fd1e9c936e5343f7f78c4d0e321f1d12f84daf1a1"", ""pages"": [11, 12], ""locator"": ""SI drawing/procedure: 5""}]",structures/5.svg,route_compound,pending_independent_chemist_review,False,False,,
Z-11,SI compound Z-11,CC[C@H](C)[C@H](NC(=O)[C@@H]1[C@@H](O)CCN1C(=O)[C@H](Cc1ccccc1)N(C)C)C(=O)N/C=C\c1cc(I)ccc1OC,source_drawing_transcription,mol-9a29f3b16fed88ba1b56553f7f3ad64c6971762bce2360370ece3798d2fc2f24,Z-11,CC[C@H](C)[C@H](NC(=O)[C@@H]1[C@@H](O)CCN1C(=O)[C@H](Cc1ccccc1)N(C)C)C(=O)N/C=C\c1cc(I)ccc1OC,C31H41IN4O5,676.2121684120001,"[{""source_id"": ""si"", ""sha256"": ""1fbcbfec0a80ea108a1d9f2fd1e9c936e5343f7f78c4d0e321f1d12f84daf1a1"", ""pages"": [12, 13], ""locator"": ""SI drawing/procedure: Z-11""}]",structures/Z-11.svg,route_compound,pending_independent_chemist_review,False,False,,
4,paliurine E,CC[C@H](C)[C@@H]1NC(=O)[C@@H]2[C@H](CCN2C(=O)[C@H](Cc2ccccc2)N(C)C)Oc2ccc(OC)c(c2)/C=C\NC1=O,source_drawing_transcription,mol-89e76c8ba5646da1f9c641dedbd049ab134c6cd18d3c866c34cecfe15b1001d8,4,CC[C@H](C)[C@@H]1NC(=O)[C@@H]2[C@H](CCN2C(=O)[C@H](Cc2ccccc2)N(C)C)Oc2ccc(OC)c(c2)/C=C\NC1=O,C31H40N4O5,548.29987038,"[{""source_id"": ""si"", ""sha256"": ""1fbcbfec0a80ea108a1d9f2fd1e9c936e5343f7f78c4d0e321f1d12f84daf1a1"", ""pages"": [13, 14], ""locator"": ""SI drawing/procedure: 4""}]",structures/4.svg,target,pending_independent_chemist_review,False,False,,
