reagents,solvents,event_id,reactant_labels,product_labels,substrate_product_smiles,source_references,reported_yields,step_ids,category,formal_benchmark_eligible,admission_authority,experimental_stage_count,review_status,operation_stages,yield_scope,mixture_yield_percent,reactant_stoichiometry,reported_yield_text
"[""TIPS-Cl"", ""triethylamine""]","[""DMF""]",E01,"[""1""]","[""10""]",Oc1ccc(/C=C/c2cc(O)cc(O)c2)cc1>>CC(C)[Si](Oc1ccc(/C=C/c2cc(O)cc(O)c2)cc1)(C(C)C)C(C)C,"[{""source_id"": ""article"", ""sha256"": ""9f5085817f79e4bd07ed843240aa6aa1508f2770d90798f10290ae6bd6a6f9c4"", ""pages"": [2], ""locator"": ""Main experimental section / scheme: E01""}, {""source_id"": ""si"", ""sha256"": ""e1f110823f4e2121c292d9de08313543fc9d337c87d00bd40d341e01030fc03b"", ""pages"": [4], ""locator"": ""Compound drawing and associated NMR spectrum: E01""}]","[{""product_label"": ""10"", ""percent"": 51, ""from_label"": ""1"", ""scope"": ""Reported preparation yield; mixture components are not assigned individual yields.""}]","[""E01.1""]",forward_synthesis,False,False,1,pending_independent_chemist_review,,,,,
"[""MsCl"", ""triethylamine"", ""TBAF""]","[""THF""]",E02,"[""10""]","[""11""]",CC(C)[Si](Oc1ccc(/C=C/c2cc(O)cc(O)c2)cc1)(C(C)C)C(C)C>>CS(=O)(=O)Oc1cc(/C=C/c2ccc(O)cc2)cc(OS(C)(=O)=O)c1,"[{""source_id"": ""article"", ""sha256"": ""9f5085817f79e4bd07ed843240aa6aa1508f2770d90798f10290ae6bd6a6f9c4"", ""pages"": [2], ""locator"": ""Main experimental section / scheme: E02""}, {""source_id"": ""si"", ""sha256"": ""e1f110823f4e2121c292d9de08313543fc9d337c87d00bd40d341e01030fc03b"", ""pages"": [7], ""locator"": ""Compound drawing and associated NMR spectrum: E02""}]","[{""product_label"": ""11"", ""percent"": 97, ""from_label"": ""10"", ""scope"": ""97% for the complete two-stage preparation; no isolated intermediate drawn.""}]","[""E02.1""]",forward_synthesis,False,False,2,pending_independent_chemist_review,"[{""operation"": ""Mesylation"", ""reagents"": [""MsCl"", ""triethylamine""], ""temperature"": ""room temperature"", ""time"": ""1 h""}, {""operation"": ""Desilylation"", ""reagents"": [""TBAF""], ""temperature"": ""0 C"", ""time"": ""1 h""}]",97% for the complete two-stage preparation; no isolated intermediate drawn.,,,
"[""TIPS-Cl"", ""triethylamine""]","[""DMF""]",E03,"[""1""]","[""12""]",Oc1ccc(/C=C/c2cc(O)cc(O)c2)cc1>>CC(C)[Si](Oc1ccc(/C=C/c2cc(O[Si](C(C)C)(C(C)C)C(C)C)cc(O[Si](C(C)C)(C(C)C)C(C)C)c2)cc1)(C(C)C)C(C)C,"[{""source_id"": ""article"", ""sha256"": ""9f5085817f79e4bd07ed843240aa6aa1508f2770d90798f10290ae6bd6a6f9c4"", ""pages"": [2, 3], ""locator"": ""Main experimental section / scheme: E03""}, {""source_id"": ""si"", ""sha256"": ""e1f110823f4e2121c292d9de08313543fc9d337c87d00bd40d341e01030fc03b"", ""pages"": [9], ""locator"": ""Compound drawing and associated NMR spectrum: E03""}]","[{""product_label"": ""12"", ""percent"": 99, ""from_label"": ""1"", ""scope"": ""Reported preparation yield; mixture components are not assigned individual yields.""}]","[""E03.1""]",forward_synthesis,False,False,1,pending_independent_chemist_review,,,,,
"[""TBS-Cl"", ""triethylamine""]","[""DMF""]",E04,"[""1""]","[""SI-S1-TBS""]",Oc1ccc(/C=C/c2cc(O)cc(O)c2)cc1>>CC(C)(C)[Si](C)(C)Oc1ccc(/C=C/c2cc(O[Si](C)(C)C(C)(C)C)cc(O[Si](C)(C)C(C)(C)C)c2)cc1,"[{""source_id"": ""article"", ""sha256"": ""9f5085817f79e4bd07ed843240aa6aa1508f2770d90798f10290ae6bd6a6f9c4"", ""pages"": [3], ""locator"": ""Main experimental section / scheme: E04""}, {""source_id"": ""si"", ""sha256"": ""e1f110823f4e2121c292d9de08313543fc9d337c87d00bd40d341e01030fc03b"", ""pages"": [11], ""locator"": ""Compound drawing and associated NMR spectrum: E04""}]","[{""product_label"": ""SI-S1-TBS"", ""percent"": 99, ""from_label"": ""1"", ""scope"": ""Reported preparation yield; mixture components are not assigned individual yields.""}]","[""E04.1""]",forward_synthesis,False,False,1,pending_independent_chemist_review,,,,,
"[""potassium acetate""]","[""DMF"", ""water""]",E05,"[""12""]","[""13""]",CC(C)[Si](Oc1ccc(/C=C/c2cc(O[Si](C(C)C)(C(C)C)C(C)C)cc(O[Si](C(C)C)(C(C)C)C(C)C)c2)cc1)(C(C)C)C(C)C>>CC(C)[Si](Oc1cc(/C=C/c2ccc(O)cc2)cc(O[Si](C(C)C)(C(C)C)C(C)C)c1)(C(C)C)C(C)C,"[{""source_id"": ""article"", ""sha256"": ""9f5085817f79e4bd07ed843240aa6aa1508f2770d90798f10290ae6bd6a6f9c4"", ""pages"": [2, 3], ""locator"": ""Main experimental section / scheme: E05""}, {""source_id"": ""si"", ""sha256"": ""e1f110823f4e2121c292d9de08313543fc9d337c87d00bd40d341e01030fc03b"", ""pages"": [13], ""locator"": ""Compound drawing and associated NMR spectrum: E05""}]","[{""product_label"": ""13"", ""percent"": 51, ""from_label"": ""12"", ""scope"": ""Reported preparation yield; mixture components are not assigned individual yields.""}]","[""E05.1""]",forward_synthesis,False,False,1,pending_independent_chemist_review,,,,,
"[""MsCl"", ""triethylamine""]","[""acetonitrile""]",E06,"[""13""]","[""SI-S2-Ms""]",CC(C)[Si](Oc1cc(/C=C/c2ccc(O)cc2)cc(O[Si](C(C)C)(C(C)C)C(C)C)c1)(C(C)C)C(C)C>>CC(C)[Si](Oc1cc(/C=C/c2ccc(OS(C)(=O)=O)cc2)cc(O[Si](C(C)C)(C(C)C)C(C)C)c1)(C(C)C)C(C)C,"[{""source_id"": ""article"", ""sha256"": ""9f5085817f79e4bd07ed843240aa6aa1508f2770d90798f10290ae6bd6a6f9c4"", ""pages"": [2, 3], ""locator"": ""Main experimental section / scheme: E06""}, {""source_id"": ""si"", ""sha256"": ""e1f110823f4e2121c292d9de08313543fc9d337c87d00bd40d341e01030fc03b"", ""pages"": [19], ""locator"": ""Compound drawing and associated NMR spectrum: E06""}]","[{""product_label"": ""SI-S2-Ms"", ""percent"": 80, ""from_label"": ""13"", ""scope"": ""Reported preparation yield; mixture components are not assigned individual yields.""}]","[""E06.1""]",forward_synthesis,False,False,1,pending_independent_chemist_review,,,,,
"[""TBAF""]","[""THF""]",E07,"[""SI-S2-Ms""]","[""14""]",CC(C)[Si](Oc1cc(/C=C/c2ccc(OS(C)(=O)=O)cc2)cc(O[Si](C(C)C)(C(C)C)C(C)C)c1)(C(C)C)C(C)C>>CS(=O)(=O)Oc1ccc(/C=C/c2cc(O)cc(O)c2)cc1,"[{""source_id"": ""article"", ""sha256"": ""9f5085817f79e4bd07ed843240aa6aa1508f2770d90798f10290ae6bd6a6f9c4"", ""pages"": [2, 3], ""locator"": ""Main experimental section / scheme: E07""}, {""source_id"": ""si"", ""sha256"": ""e1f110823f4e2121c292d9de08313543fc9d337c87d00bd40d341e01030fc03b"", ""pages"": [16], ""locator"": ""Compound drawing and associated NMR spectrum: E07""}]","[{""product_label"": ""14"", ""percent"": 94, ""from_label"": ""SI-S2-Ms"", ""scope"": ""SI p16 isolated desilylation yield; article p2 describes 94% over two steps, retained as conflict.""}]","[""E07.1""]",forward_synthesis,False,False,1,pending_independent_chemist_review,,"SI p16 isolated desilylation yield; article p2 describes 94% over two steps, retained as conflict.",,,
"[""methanesulfonic anhydride"", ""triethylamine""]","[""DMF""]",E08,"[""1""]","[""14""]",Oc1ccc(/C=C/c2cc(O)cc(O)c2)cc1>>CS(=O)(=O)Oc1ccc(/C=C/c2cc(O)cc(O)c2)cc1,"[{""source_id"": ""article"", ""sha256"": ""9f5085817f79e4bd07ed843240aa6aa1508f2770d90798f10290ae6bd6a6f9c4"", ""pages"": [3], ""locator"": ""Main experimental section / scheme: E08""}, {""source_id"": ""si"", ""sha256"": ""e1f110823f4e2121c292d9de08313543fc9d337c87d00bd40d341e01030fc03b"", ""pages"": [18], ""locator"": ""Compound drawing and associated NMR spectrum: E08""}]","[{""product_label"": ""14"", ""percent"": 19, ""from_label"": ""1"", ""scope"": ""Reported preparation yield; mixture components are not assigned individual yields.""}]","[""E08.1""]",forward_synthesis,False,False,1,pending_independent_chemist_review,,,,,
[],"[""acetone""]",E09,"[""10"", ""15""]","[""16"", ""17""]",CC(C)[Si](C1=CC(=CC(c2cc(OCc3ccccc3)cc(OCc3ccccc3)c2)C(C=C2C=C([Si](C(C)C)(C(C)C)C(C)C)C(=O)C([Si](C(C)C)(C(C)C)C(C)C)=C2)c2cc(OCc3ccccc3)cc(OCc3ccccc3)c2)C=C([Si](C(C)C)(C(C)C)C(C)C)C1=O)(C(C)C)C(C)C.CC(C)[Si](Oc1ccc(/C=C/c2cc(O)cc(O)c2)cc1)(C(C)C)C(C)C>>CC(C)[Si](Oc1ccc(/C=C/c2cc(O)c3c(c2)O[C@H](c2cc([Si](C(C)C)(C(C)C)C(C)C)c(O)c([Si](C(C)C)(C(C)C)C(C)C)c2)[C@H]3c2cc(OCc3ccccc3)cc(OCc3ccccc3)c2)cc1)(C(C)C)C(C)C.CC(C)[Si](Oc1ccc(/C=C/c2cc(O)cc3c2[C@H](c2cc(OCc4ccccc4)cc(OCc4ccccc4)c2)[C@@H](c2cc([Si](C(C)C)(C(C)C)C(C)C)c(O)c([Si](C(C)C)(C(C)C)C(C)C)c2)O3)cc1)(C(C)C)C(C)C,"[{""source_id"": ""article"", ""sha256"": ""9f5085817f79e4bd07ed843240aa6aa1508f2770d90798f10290ae6bd6a6f9c4"", ""pages"": [2, 3], ""locator"": ""Main experimental section / scheme: E09""}, {""source_id"": ""si"", ""sha256"": ""e1f110823f4e2121c292d9de08313543fc9d337c87d00bd40d341e01030fc03b"", ""pages"": [21], ""locator"": ""Compound drawing and associated NMR spectrum: E09""}]","[{""product_label"": ""16"", ""percent"": 55, ""from_label"": ""10"", ""scope"": ""Reported preparation yield; mixture components are not assigned individual yields.""}, {""product_label"": ""17"", ""percent"": 14, ""from_label"": ""10"", ""scope"": ""Reported preparation yield; mixture components are not assigned individual yields.""}]","[""E09.1""]",microwave DHB formation,False,False,1,pending_independent_chemist_review,,,,,
"[""BCl3"", ""pentamethylbenzene""]","[""dichloromethane""]",E10,"[""LIT-S1""]","[""S3""]",CC(C)[Si](c1cc(/C=C/c2cc(OCc3ccccc3)cc(OCc3ccccc3)c2)cc([Si](C(C)C)(C(C)C)C(C)C)c1O)(C(C)C)C(C)C>>CC(C)[Si](c1cc(/C=C/c2cc(O)cc(O)c2)cc([Si](C(C)C)(C(C)C)C(C)C)c1O)(C(C)C)C(C)C,"[{""source_id"": ""article"", ""sha256"": ""9f5085817f79e4bd07ed843240aa6aa1508f2770d90798f10290ae6bd6a6f9c4"", ""pages"": [3], ""locator"": ""Main experimental section / scheme: E10""}, {""source_id"": ""si"", ""sha256"": ""e1f110823f4e2121c292d9de08313543fc9d337c87d00bd40d341e01030fc03b"", ""pages"": [25], ""locator"": ""Compound drawing and associated NMR spectrum: E10""}]","[{""product_label"": ""S3"", ""percent"": 65, ""from_label"": ""LIT-S1"", ""scope"": ""Reported preparation yield; mixture components are not assigned individual yields.""}]","[""E10.1""]",forward_synthesis,False,False,1,pending_independent_chemist_review,,,,,
"[""TIPS-Cl"", ""triethylamine""]","[""acetonitrile""]",E11,"[""S3""]","[""S4""]",CC(C)[Si](c1cc(/C=C/c2cc(O)cc(O)c2)cc([Si](C(C)C)(C(C)C)C(C)C)c1O)(C(C)C)C(C)C>>CC(C)[Si](Oc1cc(/C=C/c2cc([Si](C(C)C)(C(C)C)C(C)C)c(O)c([Si](C(C)C)(C(C)C)C(C)C)c2)cc(O[Si](C(C)C)(C(C)C)C(C)C)c1)(C(C)C)C(C)C,"[{""source_id"": ""article"", ""sha256"": ""9f5085817f79e4bd07ed843240aa6aa1508f2770d90798f10290ae6bd6a6f9c4"", ""pages"": [3], ""locator"": ""Main experimental section / scheme: E11""}, {""source_id"": ""si"", ""sha256"": ""e1f110823f4e2121c292d9de08313543fc9d337c87d00bd40d341e01030fc03b"", ""pages"": [27], ""locator"": ""Compound drawing and associated NMR spectrum: E11""}]","[{""product_label"": ""S4"", ""percent"": 79, ""from_label"": ""S3"", ""scope"": ""Reported preparation yield; mixture components are not assigned individual yields.""}]","[""E11.1""]",forward_synthesis,False,False,1,pending_independent_chemist_review,,,,,
"[""KPF6"", ""2,6-lutidine"", ""electrolysis""]","[""acetonitrile"", ""dichloromethane""]",E12,"[""S4""]","[""18""]",CC(C)[Si](Oc1cc(/C=C/c2cc([Si](C(C)C)(C(C)C)C(C)C)c(O)c([Si](C(C)C)(C(C)C)C(C)C)c2)cc(O[Si](C(C)C)(C(C)C)C(C)C)c1)(C(C)C)C(C)C>>CC(C)[Si](Oc1cc(O[Si](C(C)C)(C(C)C)C(C)C)cc(C(C=C2C=C([Si](C(C)C)(C(C)C)C(C)C)C(=O)C([Si](C(C)C)(C(C)C)C(C)C)=C2)C(C=C2C=C([Si](C(C)C)(C(C)C)C(C)C)C(=O)C([Si](C(C)C)(C(C)C)C(C)C)=C2)c2cc(O[Si](C(C)C)(C(C)C)C(C)C)cc(O[Si](C(C)C)(C(C)C)C(C)C)c2)c1)(C(C)C)C(C)C,"[{""source_id"": ""article"", ""sha256"": ""9f5085817f79e4bd07ed843240aa6aa1508f2770d90798f10290ae6bd6a6f9c4"", ""pages"": [3], ""locator"": ""Main experimental section / scheme: E12""}, {""source_id"": ""si"", ""sha256"": ""e1f110823f4e2121c292d9de08313543fc9d337c87d00bd40d341e01030fc03b"", ""pages"": [29], ""locator"": ""Compound drawing and associated NMR spectrum: E12""}]",[],"[""E12.1""]",forward_synthesis,False,False,1,pending_independent_chemist_review,,89% combined yield for 1:1 diastereomer mixture; 18 is an unspecified mixture graph.,89,"{""S4"": 2}",89% combined mixture yield
[],"[""acetone""]",E13,"[""13"", ""18""]","[""19"", ""S4""]",CC(C)[Si](Oc1cc(/C=C/c2ccc(O)cc2)cc(O[Si](C(C)C)(C(C)C)C(C)C)c1)(C(C)C)C(C)C.CC(C)[Si](Oc1cc(O[Si](C(C)C)(C(C)C)C(C)C)cc(C(C=C2C=C([Si](C(C)C)(C(C)C)C(C)C)C(=O)C([Si](C(C)C)(C(C)C)C(C)C)=C2)C(C=C2C=C([Si](C(C)C)(C(C)C)C(C)C)C(=O)C([Si](C(C)C)(C(C)C)C(C)C)=C2)c2cc(O[Si](C(C)C)(C(C)C)C(C)C)cc(O[Si](C(C)C)(C(C)C)C(C)C)c2)c1)(C(C)C)C(C)C>>CC(C)[Si](Oc1cc(/C=C/c2cc([Si](C(C)C)(C(C)C)C(C)C)c(O)c([Si](C(C)C)(C(C)C)C(C)C)c2)cc(O[Si](C(C)C)(C(C)C)C(C)C)c1)(C(C)C)C(C)C.CC(C)[Si](Oc1cc(/C=C/c2ccc3c(c2)[C@H](c2cc(O[Si](C(C)C)(C(C)C)C(C)C)cc(O[Si](C(C)C)(C(C)C)C(C)C)c2)[C@@H](c2cc([Si](C(C)C)(C(C)C)C(C)C)c(O)c([Si](C(C)C)(C(C)C)C(C)C)c2)O3)cc(O[Si](C(C)C)(C(C)C)C(C)C)c1)(C(C)C)C(C)C,"[{""source_id"": ""article"", ""sha256"": ""9f5085817f79e4bd07ed843240aa6aa1508f2770d90798f10290ae6bd6a6f9c4"", ""pages"": [3], ""locator"": ""Main experimental section / scheme: E13""}, {""source_id"": ""si"", ""sha256"": ""e1f110823f4e2121c292d9de08313543fc9d337c87d00bd40d341e01030fc03b"", ""pages"": [31], ""locator"": ""Compound drawing and associated NMR spectrum: E13""}]","[{""product_label"": ""19"", ""percent"": 89, ""from_label"": ""13"", ""scope"": ""qNMR yield of 19 in inseparable crude; S4 is drawn stilbene byproduct with no assigned yield.""}]","[""E13.1""]",forward_synthesis,False,False,1,pending_independent_chemist_review,,qNMR yield of 19 in inseparable crude; S4 is drawn stilbene byproduct with no assigned yield.,,,
"[""HCl""]","[""methanol""]",E14,"[""19""]","[""2""]",CC(C)[Si](Oc1cc(/C=C/c2ccc3c(c2)[C@H](c2cc(O[Si](C(C)C)(C(C)C)C(C)C)cc(O[Si](C(C)C)(C(C)C)C(C)C)c2)[C@@H](c2cc([Si](C(C)C)(C(C)C)C(C)C)c(O)c([Si](C(C)C)(C(C)C)C(C)C)c2)O3)cc(O[Si](C(C)C)(C(C)C)C(C)C)c1)(C(C)C)C(C)C>>Oc1ccc([C@H]2Oc3ccc(/C=C/c4cc(O)cc(O)c4)cc3[C@@H]2c2cc(O)cc(O)c2)cc1,"[{""source_id"": ""article"", ""sha256"": ""9f5085817f79e4bd07ed843240aa6aa1508f2770d90798f10290ae6bd6a6f9c4"", ""pages"": [3], ""locator"": ""Main experimental section / scheme: E14""}, {""source_id"": ""si"", ""sha256"": ""e1f110823f4e2121c292d9de08313543fc9d337c87d00bd40d341e01030fc03b"", ""pages"": [32], ""locator"": ""Compound drawing and associated NMR spectrum: E14""}]","[{""product_label"": ""2"", ""percent"": 58, ""from_label"": ""19"", ""scope"": ""Yield based on qNMR-estimated 19 in crude carried from E13; no independent isolated purity claim.""}]","[""E14.1""]",forward_synthesis,False,False,1,pending_independent_chemist_review,,Yield based on qNMR-estimated 19 in crude carried from E13; no independent isolated purity claim.,,,
[],"[""acetone""]",E15,"[""11"", ""18""]","[""S5""]",CC(C)[Si](Oc1cc(O[Si](C(C)C)(C(C)C)C(C)C)cc(C(C=C2C=C([Si](C(C)C)(C(C)C)C(C)C)C(=O)C([Si](C(C)C)(C(C)C)C(C)C)=C2)C(C=C2C=C([Si](C(C)C)(C(C)C)C(C)C)C(=O)C([Si](C(C)C)(C(C)C)C(C)C)=C2)c2cc(O[Si](C(C)C)(C(C)C)C(C)C)cc(O[Si](C(C)C)(C(C)C)C(C)C)c2)c1)(C(C)C)C(C)C.CS(=O)(=O)Oc1cc(/C=C/c2ccc(O)cc2)cc(OS(C)(=O)=O)c1>>CC(C)[Si](Oc1cc(O[Si](C(C)C)(C(C)C)C(C)C)cc([C@H]2c3cc(/C=C/c4cc(OS(C)(=O)=O)cc(OS(C)(=O)=O)c4)ccc3O[C@@H]2c2cc([Si](C(C)C)(C(C)C)C(C)C)c(O)c([Si](C(C)C)(C(C)C)C(C)C)c2)c1)(C(C)C)C(C)C,"[{""source_id"": ""article"", ""sha256"": ""9f5085817f79e4bd07ed843240aa6aa1508f2770d90798f10290ae6bd6a6f9c4"", ""pages"": [3], ""locator"": ""Main experimental section / scheme: E15""}, {""source_id"": ""si"", ""sha256"": ""e1f110823f4e2121c292d9de08313543fc9d337c87d00bd40d341e01030fc03b"", ""pages"": [34], ""locator"": ""Compound drawing and associated NMR spectrum: E15""}]","[{""product_label"": ""S5"", ""percent"": 76, ""from_label"": ""11"", ""scope"": ""Reported preparation yield; mixture components are not assigned individual yields.""}]","[""E15.1""]",forward_synthesis,False,False,1,pending_independent_chemist_review,,,,,
[],"[""acetone""]",E16,"[""10"", ""18""]","[""20"", ""21""]",CC(C)[Si](Oc1cc(O[Si](C(C)C)(C(C)C)C(C)C)cc(C(C=C2C=C([Si](C(C)C)(C(C)C)C(C)C)C(=O)C([Si](C(C)C)(C(C)C)C(C)C)=C2)C(C=C2C=C([Si](C(C)C)(C(C)C)C(C)C)C(=O)C([Si](C(C)C)(C(C)C)C(C)C)=C2)c2cc(O[Si](C(C)C)(C(C)C)C(C)C)cc(O[Si](C(C)C)(C(C)C)C(C)C)c2)c1)(C(C)C)C(C)C.CC(C)[Si](Oc1ccc(/C=C/c2cc(O)cc(O)c2)cc1)(C(C)C)C(C)C>>CC(C)[Si](Oc1ccc(/C=C/c2cc(O)c3c(c2)O[C@H](c2cc([Si](C(C)C)(C(C)C)C(C)C)c(O)c([Si](C(C)C)(C(C)C)C(C)C)c2)[C@H]3c2cc(O[Si](C(C)C)(C(C)C)C(C)C)cc(O[Si](C(C)C)(C(C)C)C(C)C)c2)cc1)(C(C)C)C(C)C.CC(C)[Si](Oc1ccc(/C=C/c2cc(O)cc3c2[C@H](c2cc(O[Si](C(C)C)(C(C)C)C(C)C)cc(O[Si](C(C)C)(C(C)C)C(C)C)c2)[C@@H](c2cc([Si](C(C)C)(C(C)C)C(C)C)c(O)c([Si](C(C)C)(C(C)C)C(C)C)c2)O3)cc1)(C(C)C)C(C)C,"[{""source_id"": ""article"", ""sha256"": ""9f5085817f79e4bd07ed843240aa6aa1508f2770d90798f10290ae6bd6a6f9c4"", ""pages"": [3], ""locator"": ""Main experimental section / scheme: E16""}, {""source_id"": ""si"", ""sha256"": ""e1f110823f4e2121c292d9de08313543fc9d337c87d00bd40d341e01030fc03b"", ""pages"": [36], ""locator"": ""Compound drawing and associated NMR spectrum: E16""}]","[{""product_label"": ""20"", ""percent"": 12, ""from_label"": ""10"", ""scope"": ""Reported preparation yield; mixture components are not assigned individual yields.""}, {""product_label"": ""21"", ""percent"": 64, ""from_label"": ""10"", ""scope"": ""Reported preparation yield; mixture components are not assigned individual yields.""}]","[""E16.1""]",forward_synthesis,False,False,1,pending_independent_chemist_review,,,,,
"[""HCl""]","[""methanol""]",E17,"[""21""]","[""8""]",CC(C)[Si](Oc1ccc(/C=C/c2cc(O)cc3c2[C@H](c2cc(O[Si](C(C)C)(C(C)C)C(C)C)cc(O[Si](C(C)C)(C(C)C)C(C)C)c2)[C@@H](c2cc([Si](C(C)C)(C(C)C)C(C)C)c(O)c([Si](C(C)C)(C(C)C)C(C)C)c2)O3)cc1)(C(C)C)C(C)C>>Oc1ccc([C@@H]2Cc3cc(O)cc4c3[C@H](c3cc(O)cc(O)c32)[C@@H](c2ccc(O)cc2)O4)cc1,"[{""source_id"": ""article"", ""sha256"": ""9f5085817f79e4bd07ed843240aa6aa1508f2770d90798f10290ae6bd6a6f9c4"", ""pages"": [3], ""locator"": ""Main experimental section / scheme: E17""}, {""source_id"": ""si"", ""sha256"": ""e1f110823f4e2121c292d9de08313543fc9d337c87d00bd40d341e01030fc03b"", ""pages"": [40], ""locator"": ""Compound drawing and associated NMR spectrum: E17""}]","[{""product_label"": ""8"", ""percent"": 75, ""from_label"": ""21"", ""scope"": ""Reported preparation yield; mixture components are not assigned individual yields.""}]","[""E17.1""]",forward_synthesis,False,False,1,pending_independent_chemist_review,,,,,
"[""HCl""]","[""methanol"", ""THF""]",E18,"[""20""]","[""4""]",CC(C)[Si](Oc1ccc(/C=C/c2cc(O)c3c(c2)O[C@H](c2cc([Si](C(C)C)(C(C)C)C(C)C)c(O)c([Si](C(C)C)(C(C)C)C(C)C)c2)[C@H]3c2cc(O[Si](C(C)C)(C(C)C)C(C)C)cc(O[Si](C(C)C)(C(C)C)C(C)C)c2)cc1)(C(C)C)C(C)C>>Oc1ccc(/C=C/c2cc(O)c3c(c2)O[C@H](c2ccc(O)cc2)[C@H]3c2cc(O)cc(O)c2)cc1,"[{""source_id"": ""article"", ""sha256"": ""9f5085817f79e4bd07ed843240aa6aa1508f2770d90798f10290ae6bd6a6f9c4"", ""pages"": [3], ""locator"": ""Main experimental section / scheme: E18""}, {""source_id"": ""si"", ""sha256"": ""e1f110823f4e2121c292d9de08313543fc9d337c87d00bd40d341e01030fc03b"", ""pages"": [42], ""locator"": ""Compound drawing and associated NMR spectrum: E18""}]","[{""product_label"": ""4"", ""percent"": 71, ""from_label"": ""20"", ""scope"": ""Reported preparation yield; mixture components are not assigned individual yields.""}]","[""E18.1""]",forward_synthesis,False,False,1,pending_independent_chemist_review,,,,,
[],"[""acetone""]",E19,"[""14"", ""18""]","[""30"", ""31""]",CC(C)[Si](Oc1cc(O[Si](C(C)C)(C(C)C)C(C)C)cc(C(C=C2C=C([Si](C(C)C)(C(C)C)C(C)C)C(=O)C([Si](C(C)C)(C(C)C)C(C)C)=C2)C(C=C2C=C([Si](C(C)C)(C(C)C)C(C)C)C(=O)C([Si](C(C)C)(C(C)C)C(C)C)=C2)c2cc(O[Si](C(C)C)(C(C)C)C(C)C)cc(O[Si](C(C)C)(C(C)C)C(C)C)c2)c1)(C(C)C)C(C)C.CS(=O)(=O)Oc1ccc(/C=C/c2cc(O)cc(O)c2)cc1>>CC(C)[Si](Oc1cc(O[Si](C(C)C)(C(C)C)C(C)C)cc([C@H]2c3c(/C=C/c4ccc(OS(C)(=O)=O)cc4)cc(O)cc3O[C@@H]2c2cc([Si](C(C)C)(C(C)C)C(C)C)c(O)c([Si](C(C)C)(C(C)C)C(C)C)c2)c1)(C(C)C)C(C)C.CC(C)[Si](Oc1cc(O[Si](C(C)C)(C(C)C)C(C)C)cc([C@H]2c3c(O)cc(/C=C/c4ccc(OS(C)(=O)=O)cc4)cc3O[C@@H]2c2cc([Si](C(C)C)(C(C)C)C(C)C)c(O)c([Si](C(C)C)(C(C)C)C(C)C)c2)c1)(C(C)C)C(C)C,"[{""source_id"": ""article"", ""sha256"": ""9f5085817f79e4bd07ed843240aa6aa1508f2770d90798f10290ae6bd6a6f9c4"", ""pages"": [4], ""locator"": ""Main experimental section / scheme: E19""}, {""source_id"": ""si"", ""sha256"": ""e1f110823f4e2121c292d9de08313543fc9d337c87d00bd40d341e01030fc03b"", ""pages"": [44], ""locator"": ""Compound drawing and associated NMR spectrum: E19""}]","[{""product_label"": ""30"", ""percent"": 11, ""from_label"": ""14"", ""scope"": ""Reported preparation yield; mixture components are not assigned individual yields.""}, {""product_label"": ""31"", ""percent"": 57, ""from_label"": ""14"", ""scope"": ""Reported preparation yield; mixture components are not assigned individual yields.""}]","[""E19.1""]",microwave DHB formation,False,False,1,pending_independent_chemist_review,,,,,
[],"[""acetone""]",E20,"[""14"", ""18""]","[""31""]",CC(C)[Si](Oc1cc(O[Si](C(C)C)(C(C)C)C(C)C)cc(C(C=C2C=C([Si](C(C)C)(C(C)C)C(C)C)C(=O)C([Si](C(C)C)(C(C)C)C(C)C)=C2)C(C=C2C=C([Si](C(C)C)(C(C)C)C(C)C)C(=O)C([Si](C(C)C)(C(C)C)C(C)C)=C2)c2cc(O[Si](C(C)C)(C(C)C)C(C)C)cc(O[Si](C(C)C)(C(C)C)C(C)C)c2)c1)(C(C)C)C(C)C.CS(=O)(=O)Oc1ccc(/C=C/c2cc(O)cc(O)c2)cc1>>CC(C)[Si](Oc1cc(O[Si](C(C)C)(C(C)C)C(C)C)cc([C@H]2c3c(/C=C/c4ccc(OS(C)(=O)=O)cc4)cc(O)cc3O[C@@H]2c2cc([Si](C(C)C)(C(C)C)C(C)C)c(O)c([Si](C(C)C)(C(C)C)C(C)C)c2)c1)(C(C)C)C(C)C,"[{""source_id"": ""article"", ""sha256"": ""9f5085817f79e4bd07ed843240aa6aa1508f2770d90798f10290ae6bd6a6f9c4"", ""pages"": [4], ""locator"": ""Main experimental section / scheme: E20""}, {""source_id"": ""si"", ""sha256"": ""e1f110823f4e2121c292d9de08313543fc9d337c87d00bd40d341e01030fc03b"", ""pages"": [44], ""locator"": ""Compound drawing and associated NMR spectrum: E20""}]","[{""product_label"": ""31"", ""percent"": 48, ""from_label"": ""14"", ""scope"": ""Reported preparation yield; mixture components are not assigned individual yields.""}]","[""E20.1""]",sealed-tube DHB formation,False,False,1,pending_independent_chemist_review,,,,,
"[""HCl""]","[""methanol""]",E21,"[""31""]","[""32""]",CC(C)[Si](Oc1cc(O[Si](C(C)C)(C(C)C)C(C)C)cc([C@H]2c3c(/C=C/c4ccc(OS(C)(=O)=O)cc4)cc(O)cc3O[C@@H]2c2cc([Si](C(C)C)(C(C)C)C(C)C)c(O)c([Si](C(C)C)(C(C)C)C(C)C)c2)c1)(C(C)C)C(C)C>>CS(=O)(=O)Oc1ccc(/C=C/c2cc(O)cc3c2[C@H](c2cc(O)cc(O)c2)[C@@H](c2ccc(O)cc2)O3)cc1,"[{""source_id"": ""article"", ""sha256"": ""9f5085817f79e4bd07ed843240aa6aa1508f2770d90798f10290ae6bd6a6f9c4"", ""pages"": [4], ""locator"": ""Main experimental section / scheme: E21""}, {""source_id"": ""si"", ""sha256"": ""e1f110823f4e2121c292d9de08313543fc9d337c87d00bd40d341e01030fc03b"", ""pages"": [48], ""locator"": ""Compound drawing and associated NMR spectrum: E21""}]","[{""product_label"": ""32"", ""percent"": 66, ""from_label"": ""31"", ""scope"": ""Reported preparation yield; mixture components are not assigned individual yields.""}]","[""E21.1""]",forward_synthesis,False,False,1,pending_independent_chemist_review,,,,,
"[""NaOH""]","[""THF"", ""water""]",E22,"[""32""]","[""3""]",CS(=O)(=O)Oc1ccc(/C=C/c2cc(O)cc3c2[C@H](c2cc(O)cc(O)c2)[C@@H](c2ccc(O)cc2)O3)cc1>>Oc1ccc(/C=C/c2cc(O)cc3c2[C@H](c2cc(O)cc(O)c2)[C@@H](c2ccc(O)cc2)O3)cc1,"[{""source_id"": ""article"", ""sha256"": ""9f5085817f79e4bd07ed843240aa6aa1508f2770d90798f10290ae6bd6a6f9c4"", ""pages"": [4], ""locator"": ""Main experimental section / scheme: E22""}, {""source_id"": ""si"", ""sha256"": ""e1f110823f4e2121c292d9de08313543fc9d337c87d00bd40d341e01030fc03b"", ""pages"": [50], ""locator"": ""Compound drawing and associated NMR spectrum: E22""}]","[{""product_label"": ""3"", ""percent"": 75, ""from_label"": ""32"", ""scope"": ""Reported preparation yield; mixture components are not assigned individual yields.""}]","[""E22.1""]",forward_synthesis,False,False,1,pending_independent_chemist_review,,,,,
"[""BCl3"", ""pentamethylbenzene""]","[""dichloromethane""]",E23,"[""16""]","[""35""]",CC(C)[Si](Oc1ccc(/C=C/c2cc(O)cc3c2[C@H](c2cc(OCc4ccccc4)cc(OCc4ccccc4)c2)[C@@H](c2cc([Si](C(C)C)(C(C)C)C(C)C)c(O)c([Si](C(C)C)(C(C)C)C(C)C)c2)O3)cc1)(C(C)C)C(C)C>>CC(C)[Si](Oc1ccc(C2c3c(O)cc(O)cc3C3c4c(O)cc(O)cc4C2C3c2cc([Si](C(C)C)(C(C)C)C(C)C)c(O)c([Si](C(C)C)(C(C)C)C(C)C)c2)cc1)(C(C)C)C(C)C,"[{""source_id"": ""article"", ""sha256"": ""9f5085817f79e4bd07ed843240aa6aa1508f2770d90798f10290ae6bd6a6f9c4"", ""pages"": [4], ""locator"": ""Main experimental section / scheme: E23""}]",[],"[""E23.1""]",forward_synthesis,False,False,1,pending_independent_chemist_review,,Article Figure 4B gives 10-40% range; no single yield assigned.,,,
"[""BCl3""]","[""dichloromethane""]",E24,"[""21""]","[""36""]",CC(C)[Si](Oc1ccc(/C=C/c2cc(O)cc3c2[C@H](c2cc(O[Si](C(C)C)(C(C)C)C(C)C)cc(O[Si](C(C)C)(C(C)C)C(C)C)c2)[C@@H](c2cc([Si](C(C)C)(C(C)C)C(C)C)c(O)c([Si](C(C)C)(C(C)C)C(C)C)c2)O3)cc1)(C(C)C)C(C)C>>CC(C)[Si](Oc1ccc(C2c3c(O[Si](C(C)C)(C(C)C)C(C)C)cc(O[Si](C(C)C)(C(C)C)C(C)C)cc3C3c4c(O)cc(O)cc4C2C3c2cc([Si](C(C)C)(C(C)C)C(C)C)c(O)c([Si](C(C)C)(C(C)C)C(C)C)c2)cc1)(C(C)C)C(C)C,"[{""source_id"": ""article"", ""sha256"": ""9f5085817f79e4bd07ed843240aa6aa1508f2770d90798f10290ae6bd6a6f9c4"", ""pages"": [4], ""locator"": ""Main experimental section / scheme: E24""}, {""source_id"": ""si"", ""sha256"": ""e1f110823f4e2121c292d9de08313543fc9d337c87d00bd40d341e01030fc03b"", ""pages"": [52], ""locator"": ""Compound drawing and associated NMR spectrum: E24""}]","[{""product_label"": ""36"", ""percent"": 73, ""from_label"": ""21"", ""scope"": ""Reported preparation yield; mixture components are not assigned individual yields.""}]","[""E24.1""]",forward_synthesis,False,False,1,pending_independent_chemist_review,,,,,
"[""HCl""]","[""methanol"", ""THF""]",E25,"[""36""]","[""9""]",CC(C)[Si](Oc1ccc(C2c3c(O[Si](C(C)C)(C(C)C)C(C)C)cc(O[Si](C(C)C)(C(C)C)C(C)C)cc3C3c4c(O)cc(O)cc4C2C3c2cc([Si](C(C)C)(C(C)C)C(C)C)c(O)c([Si](C(C)C)(C(C)C)C(C)C)c2)cc1)(C(C)C)C(C)C>>Oc1ccc(C2c3c(O)cc(O)cc3C3c4c(O)cc(O)cc4C2C3c2ccc(O)cc2)cc1,"[{""source_id"": ""article"", ""sha256"": ""9f5085817f79e4bd07ed843240aa6aa1508f2770d90798f10290ae6bd6a6f9c4"", ""pages"": [4], ""locator"": ""Main experimental section / scheme: E25""}, {""source_id"": ""si"", ""sha256"": ""e1f110823f4e2121c292d9de08313543fc9d337c87d00bd40d341e01030fc03b"", ""pages"": [54], ""locator"": ""Compound drawing and associated NMR spectrum: E25""}]","[{""product_label"": ""9"", ""percent"": 77, ""from_label"": ""36"", ""scope"": ""Reported preparation yield; mixture components are not assigned individual yields.""}]","[""E25.1""]",forward_synthesis,False,False,1,pending_independent_chemist_review,,,,,
