label,canonical_smiles,structure_basis,molecule_id,paper_label,name,canonical_isomeric_smiles,molecular_formula,exact_mass,source_references,depiction,role,review_status,formal_benchmark_eligible,admission_authority
alcohol,C=C(C)CCO,source_drawing_transcription,mol-f35d0b5f928f195f9e66565cc1c3582fa8cadb8f15cf9249c85c1c13aa0ca756,alcohol,SI compound alcohol,C=C(C)CCO,C5H10O,86.07316494,"[{""source_id"": ""si"", ""sha256"": ""776ca3943ed6006586779a54d07d2e59e62b541547ab904cba83115f37e1af87"", ""pages"": [3], ""locator"": ""SI drawing/procedure: alcohol""}]",structures/alcohol.svg,route_compound,pending_independent_chemist_review,False,False
7,C=C(C)CC=O,source_drawing_transcription,mol-1f1dccd1f6998f904f4378080179a1521458b9c1f9952ab94182bc6e32f4d9de,7,SI compound 7,C=C(C)CC=O,C5H8O,84.057514876,"[{""source_id"": ""si"", ""sha256"": ""776ca3943ed6006586779a54d07d2e59e62b541547ab904cba83115f37e1af87"", ""pages"": [3], ""locator"": ""SI drawing/procedure: 7""}]",structures/7.svg,route_compound,pending_independent_chemist_review,False,False
5,CC1=CC(=O)CC1,source_drawing_transcription,mol-de09b53ec6d56b4fbe20040b0374b767751f6ceebefc45f1d6e89086808e6dec,5,SI compound 5,CC1=CC(=O)CC1,C6H8O,96.057514876,"[{""source_id"": ""si"", ""sha256"": ""776ca3943ed6006586779a54d07d2e59e62b541547ab904cba83115f37e1af87"", ""pages"": [3], ""locator"": ""SI drawing/procedure: 5""}]",structures/5.svg,route_compound,pending_independent_chemist_review,False,False
6,C=CC[S@@+]([O-])c1ccc(C)cc1,source_drawing_transcription,mol-92dec63fd96d6eced328d23792911d8081333c0f74df68a62c630ee21d93af2e,6,SI compound 6,C=CC[S@@+]([O-])c1ccc(C)cc1,C10H12OS,180.060886004,"[{""source_id"": ""si"", ""sha256"": ""776ca3943ed6006586779a54d07d2e59e62b541547ab904cba83115f37e1af87"", ""pages"": [3], ""locator"": ""SI drawing/procedure: 6""}]",structures/6.svg,route_compound,pending_independent_chemist_review,False,False
iPrLi,[Li][CH](C)C,source_drawing_transcription,mol-b26a2106f212e9e7081a39f686502932434e27838b156d15e6a3b8b6e8410538,iPrLi,SI compound iPrLi,[Li][CH](C)C,C3H7Li,50.070779774,"[{""source_id"": ""si"", ""sha256"": ""776ca3943ed6006586779a54d07d2e59e62b541547ab904cba83115f37e1af87"", ""pages"": [6, 11], ""locator"": ""SI drawing/procedure: iPrLi""}]",structures/iPrLi.svg,route_compound,pending_independent_chemist_review,False,False
14,CC(C)(C)[Si](C)(C)Oc1ccc(C(=O)Cl)cc1,source_drawing_transcription,mol-fca3cf7e1c5f5f6c48b2b9f8be854cf5c1d81b021e2c18469dffe97f2bbe7557,14,SI compound 14,CC(C)(C)[Si](C)(C)Oc1ccc(C(=O)Cl)cc1,C13H19ClO2Si,270.084284058,"[{""source_id"": ""si"", ""sha256"": ""776ca3943ed6006586779a54d07d2e59e62b541547ab904cba83115f37e1af87"", ""pages"": [13], ""locator"": ""SI drawing/procedure: 14""}]",structures/14.svg,route_compound,pending_independent_chemist_review,False,False
8,C=C(C)C[C@H](O)[C@H]1C(=O)CC[C@]1(C)C/C=C/[S@+]([O-])c1ccc(C)cc1,source_drawing_transcription,mol-58123617354f6ca3be89936a3d42d35a1cd1dab064204f48cb90b649a167e134,8,SI compound 8,C=C(C)C[C@H](O)[C@H]1C(=O)CC[C@]1(C)C/C=C/[S@+]([O-])c1ccc(C)cc1,C21H28O3S,360.175915756,"[{""source_id"": ""si"", ""sha256"": ""776ca3943ed6006586779a54d07d2e59e62b541547ab904cba83115f37e1af87"", ""pages"": [3, 4], ""locator"": ""SI drawing/procedure: 8""}]",structures/8.svg,route_compound,pending_independent_chemist_review,False,False
9,C=C(C)C[C@H](O[Si](C)(C)C(C)(C)C)[C@H]1C(=O)CC[C@]1(C)C/C=C/[S@+]([O-])c1ccc(C)cc1,source_drawing_transcription,mol-5a549e8466afe748b3349d344d8fcefd63997f25bfd793e49700847f281bbeab,9,SI compound 9,C=C(C)C[C@H](O[Si](C)(C)C(C)(C)C)[C@H]1C(=O)CC[C@]1(C)C/C=C/[S@+]([O-])c1ccc(C)cc1,C27H42O3SSi,474.26239273399995,"[{""source_id"": ""si"", ""sha256"": ""776ca3943ed6006586779a54d07d2e59e62b541547ab904cba83115f37e1af87"", ""pages"": [4], ""locator"": ""SI drawing/procedure: 9""}]",structures/9.svg,route_compound,pending_independent_chemist_review,False,False
10,C=C(C)C[C@H](O[Si](C)(C)C(C)(C)C)[C@H]1C(=O)CC[C@]1(C)C/C=C/S(=O)(=O)c1ccc(C)cc1,source_drawing_transcription,mol-06646749548a18003431562167c30c5f3d750b04afd233e6ca7b4628bf6b2672,10,SI compound 10,C=C(C)C[C@H](O[Si](C)(C)C(C)(C)C)[C@H]1C(=O)CC[C@]1(C)C/C=C/S(=O)(=O)c1ccc(C)cc1,C27H42O4SSi,490.2573073539999,"[{""source_id"": ""si"", ""sha256"": ""776ca3943ed6006586779a54d07d2e59e62b541547ab904cba83115f37e1af87"", ""pages"": [4, 5], ""locator"": ""SI drawing/procedure: 10""}]",structures/10.svg,route_compound,pending_independent_chemist_review,False,False
4,C=CC[C@@]1(C)CCC(=O)[C@@H]1[C@H](CC(=C)C)O[Si](C)(C)C(C)(C)C,source_drawing_transcription,mol-a94e3d4160a051dc51488c82fb84eb8054c38d0f0a5903b057f75e78314e5583,4,SI compound 4,C=CC[C@@]1(C)CCC(=O)[C@@H]1[C@H](CC(=C)C)O[Si](C)(C)C(C)(C)C,C20H36O2Si,336.248456922,"[{""source_id"": ""si"", ""sha256"": ""776ca3943ed6006586779a54d07d2e59e62b541547ab904cba83115f37e1af87"", ""pages"": [5], ""locator"": ""SI drawing/procedure: 4""}]",structures/4.svg,route_compound,pending_independent_chemist_review,False,False
3,CC1=CC[C@@]2(C)CCC(=O)[C@@H]2[C@@H](O[Si](C)(C)C(C)(C)C)C1,source_drawing_transcription,mol-1cb5683ae040296953c6613cacd491af03136811862dec010b8401e1cabf91c9,3,SI compound 3,CC1=CC[C@@]2(C)CCC(=O)[C@@H]2[C@@H](O[Si](C)(C)C(C)(C)C)C1,C18H32O2Si,308.217156794,"[{""source_id"": ""si"", ""sha256"": ""776ca3943ed6006586779a54d07d2e59e62b541547ab904cba83115f37e1af87"", ""pages"": [6], ""locator"": ""SI drawing/procedure: 3""}]",structures/3.svg,route_compound,pending_independent_chemist_review,False,False
11,CC1=CC[C@@]2(C)CC[C@@](O)(C(C)C)[C@@H]2[C@@H](O[Si](C)(C)C(C)(C)C)C1,source_drawing_transcription,mol-4224bbddc3d59e7e4cbbac008ab7d785bb64a14d036e4c336f215354d14548e5,11,SI compound 11,CC1=CC[C@@]2(C)CC[C@@](O)(C(C)C)[C@@H]2[C@@H](O[Si](C)(C)C(C)(C)C)C1,C21H40O2Si,352.27975705,"[{""source_id"": ""si"", ""sha256"": ""776ca3943ed6006586779a54d07d2e59e62b541547ab904cba83115f37e1af87"", ""pages"": [6, 7], ""locator"": ""SI drawing/procedure: 11""}]",structures/11.svg,route_compound,pending_independent_chemist_review,False,False
2,CC1=CC[C@@]2(C)CC[C@@](O)(C(C)C)[C@@H]2[C@@H](O)C1,source_drawing_transcription,mol-5b6194bca124142214f894a44997bf7717c127e16c0ce2d1c6d7b1af584abb9c,2,SI compound 2,CC1=CC[C@@]2(C)CC[C@@](O)(C(C)C)[C@@H]2[C@@H](O)C1,C15H26O2,238.193280072,"[{""source_id"": ""si"", ""sha256"": ""776ca3943ed6006586779a54d07d2e59e62b541547ab904cba83115f37e1af87"", ""pages"": [7], ""locator"": ""SI drawing/procedure: 2""}]",structures/2.svg,target,pending_independent_chemist_review,False,False
8p,C=C(C)C[C@@H](O)[C@H]1C(=O)CC[C@]1(C)C/C=C/[S@+]([O-])c1ccc(C)cc1,source_drawing_transcription,mol-1cbca4b91a0656cd762cac7348c82650aa5ba0b1524ad94a1dc0e3afa545b196,8p,SI compound 8p,C=C(C)C[C@@H](O)[C@H]1C(=O)CC[C@]1(C)C/C=C/[S@+]([O-])c1ccc(C)cc1,C21H28O3S,360.175915756,"[{""source_id"": ""si"", ""sha256"": ""776ca3943ed6006586779a54d07d2e59e62b541547ab904cba83115f37e1af87"", ""pages"": [4, 9], ""locator"": ""SI drawing/procedure: 8p""}]",structures/8p.svg,route_compound,pending_independent_chemist_review,False,False
9p,C=C(C)C[C@@H](O[Si](C)(C)C(C)(C)C)[C@H]1C(=O)CC[C@]1(C)C/C=C/[S@+]([O-])c1ccc(C)cc1,source_drawing_transcription,mol-4a2d4627d450d6fae6f03dd4977fdcbe95066e9b24122e60795210bd713e3ae6,9p,SI compound 9p,C=C(C)C[C@@H](O[Si](C)(C)C(C)(C)C)[C@H]1C(=O)CC[C@]1(C)C/C=C/[S@+]([O-])c1ccc(C)cc1,C27H42O3SSi,474.26239273399995,"[{""source_id"": ""si"", ""sha256"": ""776ca3943ed6006586779a54d07d2e59e62b541547ab904cba83115f37e1af87"", ""pages"": [9], ""locator"": ""SI drawing/procedure: 9p""}]",structures/9p.svg,route_compound,pending_independent_chemist_review,False,False
10p,C=C(C)C[C@@H](O[Si](C)(C)C(C)(C)C)[C@H]1C(=O)CC[C@]1(C)C/C=C/S(=O)(=O)c1ccc(C)cc1,source_drawing_transcription,mol-fafef96783bb97cd61f33a64dc7bdd2b2a93738f968e2c28fd06c51d2334ec0b,10p,SI compound 10p,C=C(C)C[C@@H](O[Si](C)(C)C(C)(C)C)[C@H]1C(=O)CC[C@]1(C)C/C=C/S(=O)(=O)c1ccc(C)cc1,C27H42O4SSi,490.2573073539999,"[{""source_id"": ""si"", ""sha256"": ""776ca3943ed6006586779a54d07d2e59e62b541547ab904cba83115f37e1af87"", ""pages"": [9, 10], ""locator"": ""SI drawing/procedure: 10p""}]",structures/10p.svg,route_compound,pending_independent_chemist_review,False,False
4p,C=CC[C@@]1(C)CCC(=O)[C@@H]1[C@@H](CC(=C)C)O[Si](C)(C)C(C)(C)C,source_drawing_transcription,mol-2cc3500d69b87755facc68892ea994c01e9fbbf52fe76702092285f3525a81b6,4p,SI compound 4p,C=CC[C@@]1(C)CCC(=O)[C@@H]1[C@@H](CC(=C)C)O[Si](C)(C)C(C)(C)C,C20H36O2Si,336.248456922,"[{""source_id"": ""si"", ""sha256"": ""776ca3943ed6006586779a54d07d2e59e62b541547ab904cba83115f37e1af87"", ""pages"": [9, 10, 11], ""locator"": ""SI drawing/procedure: 4p""}]",structures/4p.svg,route_compound,pending_independent_chemist_review,False,False
3p,CC1=CC[C@@]2(C)CCC(=O)[C@@H]2[C@H](O[Si](C)(C)C(C)(C)C)C1,source_drawing_transcription,mol-9ef9b1095cf6ea7b15472210e3ed4c77f8331f82c3ad0256943a2f8ffb2160e6,3p,SI compound 3p,CC1=CC[C@@]2(C)CCC(=O)[C@@H]2[C@H](O[Si](C)(C)C(C)(C)C)C1,C18H32O2Si,308.217156794,"[{""source_id"": ""si"", ""sha256"": ""776ca3943ed6006586779a54d07d2e59e62b541547ab904cba83115f37e1af87"", ""pages"": [9, 11], ""locator"": ""SI drawing/procedure: 3p""}]",structures/3p.svg,route_compound,pending_independent_chemist_review,False,False
11p,CC1=CC[C@@]2(C)CC[C@@](O)(C(C)C)[C@@H]2[C@H](O[Si](C)(C)C(C)(C)C)C1,source_drawing_transcription,mol-00478b5a89b05aada48c5d4fcc6ff334b3464655c5fada83621ea64b6051052e,11p,SI compound 11p,CC1=CC[C@@]2(C)CC[C@@](O)(C(C)C)[C@@H]2[C@H](O[Si](C)(C)C(C)(C)C)C1,C21H40O2Si,352.27975705,"[{""source_id"": ""si"", ""sha256"": ""776ca3943ed6006586779a54d07d2e59e62b541547ab904cba83115f37e1af87"", ""pages"": [9, 11, 12], ""locator"": ""SI drawing/procedure: 11p""}]",structures/11p.svg,route_compound,pending_independent_chemist_review,False,False
2p,CC1=CC[C@@]2(C)CC[C@@](O)(C(C)C)[C@@H]2[C@H](O)C1,source_drawing_transcription,mol-1ac684d036a0e42652fd7a267c1f918a2974cdf2df503f8a9e0b12b421b85976,2p,SI compound 2p,CC1=CC[C@@]2(C)CC[C@@](O)(C(C)C)[C@@H]2[C@H](O)C1,C15H26O2,238.193280072,"[{""source_id"": ""si"", ""sha256"": ""776ca3943ed6006586779a54d07d2e59e62b541547ab904cba83115f37e1af87"", ""pages"": [9, 12], ""locator"": ""SI drawing/procedure: 2p""}]",structures/2p.svg,target,pending_independent_chemist_review,False,False
12,CC1=CC[C@@]2(C)CC[C@@](O)(C(C)C)[C@@H]2C(=O)C1,source_drawing_transcription,mol-6394d861a480205547f59d6981eb848d160cd3efe2af3234feb1a285f739c897,12,SI compound 12,CC1=CC[C@@]2(C)CC[C@@](O)(C(C)C)[C@@H]2C(=O)C1,C15H24O2,236.177630008,"[{""source_id"": ""si"", ""sha256"": ""776ca3943ed6006586779a54d07d2e59e62b541547ab904cba83115f37e1af87"", ""pages"": [13], ""locator"": ""SI drawing/procedure: 12""}]",structures/12.svg,route_compound,pending_independent_chemist_review,False,False
15,CC1=CC[C@@]2(C)CC[C@@](O)(C(C)C)[C@@H]2[C@@H](OC(=O)c2ccc(O[Si](C)(C)C(C)(C)C)cc2)C1,source_drawing_transcription,mol-4119958c2b32dd75894f3c68d5d6ea56651d3e30ab45f508efb7961ab18e418c,15,SI compound 15,CC1=CC[C@@]2(C)CC[C@@](O)(C(C)C)[C@@H]2[C@@H](OC(=O)c2ccc(O[Si](C)(C)C(C)(C)C)cc2)C1,C28H44O4Si,472.30088641799995,"[{""source_id"": ""si"", ""sha256"": ""776ca3943ed6006586779a54d07d2e59e62b541547ab904cba83115f37e1af87"", ""pages"": [13, 14], ""locator"": ""SI drawing/procedure: 15""}]",structures/15.svg,route_compound,pending_independent_chemist_review,False,False
1,CC1=CC[C@@]2(C)CC[C@@](O)(C(C)C)[C@@H]2[C@@H](OC(=O)c2ccc(O)cc2)C1,source_drawing_transcription,mol-d001794f11a2e456c0b748854cc2b29fb1b9b7e0503a6dc15503b4e84c9f2c90,1,SI compound 1,CC1=CC[C@@]2(C)CC[C@@](O)(C(C)C)[C@@H]2[C@@H](OC(=O)c2ccc(O)cc2)C1,C22H30O4,358.21440943999994,"[{""source_id"": ""si"", ""sha256"": ""776ca3943ed6006586779a54d07d2e59e62b541547ab904cba83115f37e1af87"", ""pages"": [15], ""locator"": ""SI drawing/procedure: 1""}]",structures/1.svg,target,pending_independent_chemist_review,False,False
