reagents,solvents,yield_scope,operation_stages,event_id,reactant_labels,product_labels,substrate_product_smiles,source_references,reported_yields,step_ids,category,formal_benchmark_eligible,admission_authority,experimental_stage_count,review_status,yield_from_label
"[""DMF"", ""POCl3"", ""(R)-tert-butylsulfinamide"", ""Ti(OEt)4"", ""NaH"", ""PhSO2Cl""]","[""THF""]",three-step sequence,"[""Vilsmeier formylation"", ""Sulfinylimine formation"", ""N-sulfonylation; unshown intermediates not invented.""]",E01,"[""13""]","[""14""]",Cc1cc2ccccc2[nH]1>>Cc1c(C=N[S@@](=O)C(C)(C)C)c2ccccc2n1S(=O)(=O)c1ccccc1,"[{""source_id"": ""article"", ""sha256"": ""1a2cb52f14363f8830fe6b13ec0a23a5b8644c06f4d1283c2383fdccff2a4072"", ""pages"": [3], ""locator"": ""Main experimental section / scheme: E01""}]","[{""product_label"": ""14"", ""percent"": 70, ""from_label"": ""13"", ""scope"": ""three-step sequence""}]","[""E01.1""]",forward_synthesis,False,False,3,pending_independent_chemist_review,
"[""LiHMDS"", ""allyl bromide""]","[""THF"", ""DMF""]",,"[""Michael/Mannich/N-allylation domino sequence; dr>20:1.""]",E02,"[""14"", ""15""]","[""16""]",C=C(CCO[Si](C(C)C)(C(C)C)C(C)C)C(=O)OC.Cc1c(C=N[S@@](=O)C(C)(C)C)c2ccccc2n1S(=O)(=O)c1ccccc1>>C=CCN([C@@H]1c2c(n(S(=O)(=O)c3ccccc3)c3ccccc23)CC[C@]1(CCO[Si](C(C)C)(C(C)C)C(C)C)C(=O)OC)[S@@](=O)C(C)(C)C,"[{""source_id"": ""article"", ""sha256"": ""1a2cb52f14363f8830fe6b13ec0a23a5b8644c06f4d1283c2383fdccff2a4072"", ""pages"": [3], ""locator"": ""Main experimental section / scheme: E02""}]","[{""product_label"": ""16"", ""percent"": 86, ""from_label"": ""14"", ""scope"": ""Reported preparation yield; mixture components are not assigned individual yields.""}]","[""E02.1""]",forward_synthesis,False,False,1,pending_independent_chemist_review,
"[""DIBAL-H"", ""Dess-Martin periodinane"", ""NaHCO3"", ""Ph3PCH3Br"", ""NaHMDS"", ""GrubbsII""]","[""Et2O"", ""CH2Cl2"", ""THF""]",four-step sequence,"[""Ester reduction"", ""Alcohol oxidation"", ""Wittig methylenation"", ""Ring-closing metathesis; unshown intermediates not represented as unique molecules.""]",E03,"[""16""]","[""17""]",C=CCN([C@@H]1c2c(n(S(=O)(=O)c3ccccc3)c3ccccc23)CC[C@]1(CCO[Si](C(C)C)(C(C)C)C(C)C)C(=O)OC)[S@@](=O)C(C)(C)C>>CC(C)[Si](OCC[C@@]12C=CCN([S@@](=O)C(C)(C)C)[C@@H]1c1c(n(S(=O)(=O)c3ccccc3)c3ccccc13)CC2)(C(C)C)C(C)C,"[{""source_id"": ""article"", ""sha256"": ""1a2cb52f14363f8830fe6b13ec0a23a5b8644c06f4d1283c2383fdccff2a4072"", ""pages"": [3], ""locator"": ""Main experimental section / scheme: E03""}]","[{""product_label"": ""17"", ""percent"": 66, ""from_label"": ""16"", ""scope"": ""four-step sequence""}]","[""E03.1""]",forward_synthesis,False,False,4,pending_independent_chemist_review,
"[""HCl"", ""bromoethanol"", ""Na2CO3""]","[""THF"", ""EtOH""]",two-step sequence,"[""Sulfinylauxiliary removal"", ""N-hydroxyethylation.""]",E04,"[""17""]","[""18""]",CC(C)[Si](OCC[C@@]12C=CCN([S@@](=O)C(C)(C)C)[C@@H]1c1c(n(S(=O)(=O)c3ccccc3)c3ccccc13)CC2)(C(C)C)C(C)C>>CC(C)[Si](OCC[C@@]12C=CCN(CCO)[C@@H]1c1c(n(S(=O)(=O)c3ccccc3)c3ccccc13)CC2)(C(C)C)C(C)C,"[{""source_id"": ""article"", ""sha256"": ""1a2cb52f14363f8830fe6b13ec0a23a5b8644c06f4d1283c2383fdccff2a4072"", ""pages"": [3], ""locator"": ""Main experimental section / scheme: E04""}]","[{""product_label"": ""18"", ""percent"": 75, ""from_label"": ""17"", ""scope"": ""two-step sequence""}]","[""E04.1""]",forward_synthesis,False,False,2,pending_independent_chemist_review,
"[""tert-BuOK"", ""n-BuLi"", ""methyl cyanoformate"", ""TBAF""]","[""THF""]",three-step sequence,"[""Bosch-Rubiralta spirocyclization"", ""Methoxycarbonylation"", ""TIPS removal.""]",E05,"[""18""]","[""19""]",CC(C)[Si](OCC[C@@]12C=CCN(CCO)[C@@H]1c1c(n(S(=O)(=O)c3ccccc3)c3ccccc13)CC2)(C(C)C)C(C)C>>COC(=O)C1=C2Nc3ccccc3[C@@]23CCN2CC=C[C@@](CCO)(C1)[C@H]23,"[{""source_id"": ""article"", ""sha256"": ""1a2cb52f14363f8830fe6b13ec0a23a5b8644c06f4d1283c2383fdccff2a4072"", ""pages"": [3], ""locator"": ""Main experimental section / scheme: E05""}]","[{""product_label"": ""19"", ""percent"": 75, ""from_label"": ""18"", ""scope"": ""three-step sequence""}]","[""E05.1""]",forward_synthesis,False,False,3,pending_independent_chemist_review,
"[""p-nitrobenzoyl chloride"", ""DMAP"", ""Et3N""]","[""CH2Cl2""]",,,E06,"[""19""]","[""20""]",COC(=O)C1=C2Nc3ccccc3[C@@]23CCN2CC=C[C@@](CCO)(C1)[C@H]23>>COC(=O)C1=C2Nc3ccccc3[C@@]23CCN2CC=C[C@@](CCOC(=O)c4ccc([N+](=O)[O-])cc4)(C1)[C@H]23,"[{""source_id"": ""article"", ""sha256"": ""1a2cb52f14363f8830fe6b13ec0a23a5b8644c06f4d1283c2383fdccff2a4072"", ""pages"": [3], ""locator"": ""Main experimental section / scheme: E06""}]","[{""product_label"": ""20"", ""percent"": 94, ""from_label"": ""19"", ""scope"": ""Reported preparation yield; mixture components are not assigned individual yields.""}]","[""E06.1""]",forward_synthesis,False,False,1,pending_independent_chemist_review,
"[""DIAD"", ""DBU"", ""TMSCN""]","[""CH2Cl2"", ""MeOH"", ""water"", ""HFIP""]",two-step sequence and dr11:1 mixture,"[""Oxidation and ester methanolysis/oxa-Michael"", ""Cyanide trapping; minor stereoisomer not separately assigned.""]",E07,"[""20""]","[""21""]",COC(=O)C1=C2Nc3ccccc3[C@@]23CCN2CC=C[C@@](CCOC(=O)c4ccc([N+](=O)[O-])cc4)(C1)[C@H]23>>COC(=O)C1=C2Nc3ccccc3[C@@]23CCN2C(C#N)C[C@@H]4OCC[C@]4(C1)[C@H]23,"[{""source_id"": ""article"", ""sha256"": ""1a2cb52f14363f8830fe6b13ec0a23a5b8644c06f4d1283c2383fdccff2a4072"", ""pages"": [3], ""locator"": ""Main experimental section / scheme: E07""}]","[{""product_label"": ""21"", ""percent"": 64, ""from_label"": ""20"", ""scope"": ""two-step sequence and dr11:1 mixture""}]","[""E07.1""]",forward_synthesis,False,False,2,pending_independent_chemist_review,
"[""DIAD"", ""DBU"", ""NaBH4"", ""NaOH""]","[""CH2Cl2"", ""MeOH"", ""THF""]",two-step sequence,"[""Oxidation/methanolysis/oxa-Michael"", ""Iminium reduction.""]",E08,"[""20""]","[""5""]",COC(=O)C1=C2Nc3ccccc3[C@@]23CCN2CC=C[C@@](CCOC(=O)c4ccc([N+](=O)[O-])cc4)(C1)[C@H]23>>COC(=O)C1=C2Nc3ccccc3[C@@]23CCN2CC[C@@H]4OCC[C@]4(C1)[C@H]23,"[{""source_id"": ""article"", ""sha256"": ""1a2cb52f14363f8830fe6b13ec0a23a5b8644c06f4d1283c2383fdccff2a4072"", ""pages"": [3], ""locator"": ""Main experimental section / scheme: E08""}]","[{""product_label"": ""5"", ""percent"": 74, ""from_label"": ""20"", ""scope"": ""two-step sequence""}]","[""E08.1""]",forward_synthesis,False,False,2,pending_independent_chemist_review,
"[""[Ir(OMe)(COD)]2"", ""tmphen"", ""HBPin"", ""B2Pin2"", ""NaBO3.4H2O"", ""Cs2CO3"", ""MeI""]","[""THF"", ""water"", ""acetone""]",three-step sequence,"[""C-H borylation"", ""Oxidation"", ""O-methylation.""]",E09,"[""5""]","[""22""]",COC(=O)C1=C2Nc3ccccc3[C@@]23CCN2CC[C@@H]4OCC[C@]4(C1)[C@H]23>>COC(=O)C1=C2Nc3c(OC)cccc3[C@@]23CCN2CC[C@@H]4OCC[C@]4(C1)[C@H]23,"[{""source_id"": ""article"", ""sha256"": ""1a2cb52f14363f8830fe6b13ec0a23a5b8644c06f4d1283c2383fdccff2a4072"", ""pages"": [3], ""locator"": ""Main experimental section / scheme: E09""}]","[{""product_label"": ""22"", ""percent"": 53, ""from_label"": ""5"", ""scope"": ""three-step sequence""}]","[""E09.1""]",forward_synthesis,False,False,3,pending_independent_chemist_review,
"[""NaBH3CN"", ""AcOH"", ""LiAlH4""]","[""THF""]",,"[""Enaminoester reduction"", ""Ester reduction to alcohol; individual yield not stated.""]",E10,"[""22""]","[""23""]",COC(=O)C1=C2Nc3c(OC)cccc3[C@@]23CCN2CC[C@@H]4OCC[C@]4(C1)[C@H]23>>COc1cccc2c1NC1C(CO)C[C@]34CCO[C@H]3CCN3CC[C@]21[C@@H]34,"[{""source_id"": ""article"", ""sha256"": ""1a2cb52f14363f8830fe6b13ec0a23a5b8644c06f4d1283c2383fdccff2a4072"", ""pages"": [3], ""locator"": ""Main experimental section / scheme: E10""}]",[],"[""E10.1""]",forward_synthesis,False,False,2,pending_independent_chemist_review,
"[""PhIO"", ""TFA""]","[""CH2Cl2""]",four-step sequence from22,"[""Indoline oxidation"", ""Alcohol elimination.""]",E11,"[""23""]","[""9""]",COc1cccc2c1NC1C(CO)C[C@]34CCO[C@H]3CCN3CC[C@]21[C@@H]34>>C=C1C[C@]23CCO[C@H]2CCN2CC[C@]4(C1=Nc1c(OC)cccc14)[C@@H]23,"[{""source_id"": ""article"", ""sha256"": ""1a2cb52f14363f8830fe6b13ec0a23a5b8644c06f4d1283c2383fdccff2a4072"", ""pages"": [3], ""locator"": ""Main experimental section / scheme: E11""}]","[{""product_label"": ""9"", ""percent"": 26, ""from_label"": ""22"", ""scope"": ""four-step sequence from22""}]","[""E11.1""]",forward_synthesis,False,False,2,pending_independent_chemist_review,22
"[""Zn(OTf)2""]","[""DCE"", ""TFE""]",,"[""Enamine liberation and Eschenmoser addition"", ""Stepwise heterodimer annulation"", ""Cyanide capture.""]",E12,"[""21"", ""24"", ""9""]","[""26""]",C=C1C[C@]23CCO[C@H]2CCN2CC[C@]4(C1=Nc1c(OC)cccc14)[C@@H]23.C=[N+](C)C.COC(=O)C1=C2Nc3ccccc3[C@@]23CCN2C(C#N)C[C@@H]4OCC[C@]4(C1)[C@H]23.[I-]>>COC(=O)C1=C2Nc3ccccc3[C@@]23CCN2C(C#N)C4(CC5=C6N(C4)c4c(OC)cccc4[C@@]64CCN6CC[C@@H]7OCC[C@]7(C5)[C@H]64)[C@@H]4OCC[C@]4(C1)[C@H]23,"[{""source_id"": ""article"", ""sha256"": ""1a2cb52f14363f8830fe6b13ec0a23a5b8644c06f4d1283c2383fdccff2a4072"", ""pages"": [3], ""locator"": ""Main experimental section / scheme: E12""}]","[{""product_label"": ""26"", ""percent"": 66, ""from_label"": ""21"", ""scope"": ""Reported preparation yield; mixture components are not assigned individual yields.""}]","[""E12.1""]",forward_synthesis,False,False,3,pending_independent_chemist_review,
"[""Zn(OTf)2"", ""NaBH(OAc)3""]","[""CH2Cl2""]",,"[""Tentative ring opening/aromatization and iminium reduction, source structural proposal.""]",E13,"[""26""]","[""29""]",COC(=O)C1=C2Nc3ccccc3[C@@]23CCN2C(C#N)C4(CC5=C6N(C4)c4c(OC)cccc4[C@@]64CCN6CC[C@@H]7OCC[C@]7(C5)[C@H]64)[C@@H]4OCC[C@]4(C1)[C@H]23>>COC(=O)C1=C2Nc3ccccc3[C@@]23CCN2C(C#N)C4(CC5C[C@]67CCO[C@H]6CCN(CCc6c5n(c5c(OC)cccc65)C4)C7)[C@@H]4OCC[C@]4(C1)[C@H]23,"[{""source_id"": ""article"", ""sha256"": ""1a2cb52f14363f8830fe6b13ec0a23a5b8644c06f4d1283c2383fdccff2a4072"", ""pages"": [3], ""locator"": ""Main experimental section / scheme: E13""}]","[{""product_label"": ""29"", ""percent"": 94, ""from_label"": ""26"", ""scope"": ""Reported preparation yield; mixture components are not assigned individual yields.""}]","[""E13.1""]",forward_synthesis,False,False,1,pending_independent_chemist_review,
"[""DIAD"", ""DBU""]","[""CH2Cl2"", ""MeOH""]",,"[""Oxidation/methanolysis yields enamine/iminium equilibrium"", ""Homodimerization,2monomer units per31.""]",E14,"[""20""]","[""31""]",COC(=O)C1=C2Nc3ccccc3[C@@]23CCN2CC=C[C@@](CCOC(=O)c4ccc([N+](=O)[O-])cc4)(C1)[C@H]23>>COC(=O)C1=C2Nc3ccccc3[C@@]23CCN2C=C(C4C[C@@H]5OCC[C@@]56CC(C(=O)OC)=C5Nc7ccccc7[C@@]57CCN4[C@@H]67)[C@@H]4OCC[C@]4(C1)[C@H]23,"[{""source_id"": ""article"", ""sha256"": ""1a2cb52f14363f8830fe6b13ec0a23a5b8644c06f4d1283c2383fdccff2a4072"", ""pages"": [4], ""locator"": ""Main experimental section / scheme: E14""}]","[{""product_label"": ""31"", ""percent"": 90, ""from_label"": ""20"", ""scope"": ""Reported preparation yield; mixture components are not assigned individual yields.""}]","[""E14.1""]",forward_synthesis,False,False,2,pending_independent_chemist_review,
"[""NaBH4"", ""NaOH""]","[""DCE"", ""TFE"", ""THF""]",,"[""Reversible homodimer cleavage releases enamine"", ""Eschenmoser-salt addition and heteroannulation"", ""Iminium reduction.""]",E15,"[""31"", ""24"", ""9""]","[""3""]",C=C1C[C@]23CCO[C@H]2CCN2CC[C@]4(C1=Nc1c(OC)cccc14)[C@@H]23.C=[N+](C)C.COC(=O)C1=C2Nc3ccccc3[C@@]23CCN2C=C(C4C[C@@H]5OCC[C@@]56CC(C(=O)OC)=C5Nc7ccccc7[C@@]57CCN4[C@@H]67)[C@@H]4OCC[C@]4(C1)[C@H]23.[I-]>>COC(=O)C1=C2Nc3ccccc3[C@@]23CCN2C[C@@]4(CC5=C6N(C4)c4c(OC)cccc4[C@@]64CCN6CC[C@@H]7OCC[C@]7(C5)[C@H]64)[C@@H]4OCC[C@]4(C1)[C@H]23,"[{""source_id"": ""article"", ""sha256"": ""1a2cb52f14363f8830fe6b13ec0a23a5b8644c06f4d1283c2383fdccff2a4072"", ""pages"": [4], ""locator"": ""Main experimental section / scheme: E15""}]","[{""product_label"": ""3"", ""percent"": 30, ""from_label"": ""31"", ""scope"": ""Reported preparation yield; mixture components are not assigned individual yields.""}]","[""E15.1""]",forward_synthesis,False,False,3,pending_independent_chemist_review,
