event_id,reactant_labels,product_labels,reagents,solvents,yield_scope,temperature,time,substrate_product_smiles,source_references,reported_yields,step_ids,category,formal_benchmark_eligible,admission_authority,experimental_stage_count,review_status,operation_stages
E01,"[""8"", ""weinreb-amine""]","[""11""]","[""n-BuLi"", ""hydrochloride salt of Weinreb amine""]","[""THF""]",Source-reported yield; source conflict notes take precedence.,-78 deg C,2 h,CNOC.COC(=O)[C@@]1(COCc2ccccc2)CCCN1C(=O)OC(C)(C)C>>CON(C)C(=O)[C@@]1(COCc2ccccc2)CCCN1C(=O)OC(C)(C)C,"[{""source_id"": ""article"", ""sha256"": ""8aa378c61acbb24fa01d02cb3f2c4d5923879fde67b2e7e8f6382ce1462afd22"", ""pages"": [4], ""locator"": ""Main experimental section / scheme: E01""}]","[{""product_label"": ""11"", ""percent"": 78, ""from_label"": ""8"", ""scope"": ""Source-reported yield; source conflict notes take precedence.""}]","[""E01.1""]",forward_synthesis,False,False,1,pending_independent_chemist_review,
E02,"[""11"", ""alkenyl-Grignard""]","[""7""]",[],"[""THF""]",Source-reported yield; source conflict notes take precedence.,0 deg C,2.5 h,C/C=C/CCC[CH2][Mg][Br].CON(C)C(=O)[C@@]1(COCc2ccccc2)CCCN1C(=O)OC(C)(C)C>>C/C=C/CCCCC(=O)[C@@]1(COCc2ccccc2)CCCN1C(=O)OC(C)(C)C,"[{""source_id"": ""article"", ""sha256"": ""8aa378c61acbb24fa01d02cb3f2c4d5923879fde67b2e7e8f6382ce1462afd22"", ""pages"": [4], ""locator"": ""Main experimental section / scheme: E02""}]","[{""product_label"": ""7"", ""percent"": 55, ""from_label"": ""11"", ""scope"": ""Source-reported yield; source conflict notes take precedence.""}]","[""E02.1""]",forward_synthesis,False,False,1,pending_independent_chemist_review,
E03,"[""7"", ""propionyl-chloride""]","[""6b""]","[""TFA"", ""Et3N""]","[""dichloromethane""]",Combined isolated yield over two stages; internal free amine not drawn.,,,C/C=C/CCCCC(=O)[C@@]1(COCc2ccccc2)CCCN1C(=O)OC(C)(C)C.CCC(=O)Cl>>C/C=C/CCCCC(=O)[C@@]1(COCc2ccccc2)CCCN1C(=O)CC,"[{""source_id"": ""article"", ""sha256"": ""8aa378c61acbb24fa01d02cb3f2c4d5923879fde67b2e7e8f6382ce1462afd22"", ""pages"": [4], ""locator"": ""Main experimental section / scheme: E03""}]","[{""product_label"": ""6b"", ""percent"": 63, ""from_label"": ""7"", ""scope"": ""Combined isolated yield over two stages; internal free amine not drawn.""}]","[""E03.1""]",forward_synthesis,False,False,2,pending_independent_chemist_review,"[""Boc removal"", ""propionylation""]"
E04,"[""6b""]","[""13a"", ""13b-mixture""]","[""LDA""]","[""n-heptane""]",Source-reported yield; source conflict notes take precedence.,0 deg C,10 min,C/C=C/CCCCC(=O)[C@@]1(COCc2ccccc2)CCCN1C(=O)CC>>C/C=C/CCCC[C@@]1(O)[C@H](C)C(=O)N2CCC[C@@]21COCc1ccccc1.C/C=C/CCCC[C@]1(O)C(C)C(=O)N2CCC[C@@]21COCc1ccccc1,"[{""source_id"": ""article"", ""sha256"": ""8aa378c61acbb24fa01d02cb3f2c4d5923879fde67b2e7e8f6382ce1462afd22"", ""pages"": [4], ""locator"": ""Main experimental section / scheme: E04""}]","[{""product_label"": ""13a"", ""percent"": 51, ""from_label"": ""6b"", ""scope"": ""Source-reported yield; source conflict notes take precedence.""}, {""product_label"": ""13b-mixture"", ""percent"": 7, ""from_label"": ""6b"", ""scope"": ""Source-reported yield; source conflict notes take precedence.""}]","[""E04.1""]",forward_synthesis,False,False,1,pending_independent_chemist_review,
E05,"[""13a""]","[""1""]","[""BCl3""]","[""dichloromethane""]",Source-reported yield; source conflict notes take precedence.,-20 deg C,30 min,C/C=C/CCCC[C@@]1(O)[C@H](C)C(=O)N2CCC[C@@]21COCc1ccccc1>>C/C=C/CCCC[C@@]1(O)[C@H](C)C(=O)N2CCC[C@@]21CO,"[{""source_id"": ""article"", ""sha256"": ""8aa378c61acbb24fa01d02cb3f2c4d5923879fde67b2e7e8f6382ce1462afd22"", ""pages"": [5], ""locator"": ""Main experimental section / scheme: E05""}]","[{""product_label"": ""1"", ""percent"": 71, ""from_label"": ""13a"", ""scope"": ""Source-reported yield; source conflict notes take precedence.""}]","[""E05.1""]",forward_synthesis,False,False,1,pending_independent_chemist_review,
E06,"[""10"", ""BOMCl""]","[""rac-8""]","[""LiHMDS""]","[""THF""]",Source-reported yield; source conflict notes take precedence.,-78 to -40 deg C,,COC(=O)C1CCCN1C(=O)OC(C)(C)C.ClCOCc1ccccc1>>COC(=O)C1(COCc2ccccc2)CCCN1C(=O)OC(C)(C)C,"[{""source_id"": ""article"", ""sha256"": ""8aa378c61acbb24fa01d02cb3f2c4d5923879fde67b2e7e8f6382ce1462afd22"", ""pages"": [3], ""locator"": ""Main experimental section / scheme: E06""}]","[{""product_label"": ""rac-8"", ""percent"": 67, ""from_label"": ""10"", ""scope"": ""Source-reported yield; source conflict notes take precedence.""}]","[""E06.1""]",forward_synthesis,False,False,1,pending_independent_chemist_review,
E07,"[""rac-8"", ""weinreb-amine""]","[""rac-11""]","[""n-BuLi"", ""hydrochloride salt of Weinreb amine""]","[""THF""]",Source-reported yield; source conflict notes take precedence.,-78 deg C,2 h,CNOC.COC(=O)C1(COCc2ccccc2)CCCN1C(=O)OC(C)(C)C>>CON(C)C(=O)C1(COCc2ccccc2)CCCN1C(=O)OC(C)(C)C,"[{""source_id"": ""article"", ""sha256"": ""8aa378c61acbb24fa01d02cb3f2c4d5923879fde67b2e7e8f6382ce1462afd22"", ""pages"": [3], ""locator"": ""Main experimental section / scheme: E07""}]","[{""product_label"": ""rac-11"", ""percent"": 78, ""from_label"": ""rac-8"", ""scope"": ""Source-reported yield; source conflict notes take precedence.""}]","[""E07.1""]",forward_synthesis,False,False,1,pending_independent_chemist_review,
E08,"[""rac-11"", ""alkenyl-Grignard""]","[""rac-7""]",[],"[""THF""]",Source-reported yield; source conflict notes take precedence.,0 deg C,2.5 h,C/C=C/CCC[CH2][Mg][Br].CON(C)C(=O)C1(COCc2ccccc2)CCCN1C(=O)OC(C)(C)C>>C/C=C/CCCCC(=O)C1(COCc2ccccc2)CCCN1C(=O)OC(C)(C)C,"[{""source_id"": ""article"", ""sha256"": ""8aa378c61acbb24fa01d02cb3f2c4d5923879fde67b2e7e8f6382ce1462afd22"", ""pages"": [3], ""locator"": ""Main experimental section / scheme: E08""}]","[{""product_label"": ""rac-7"", ""percent"": 55, ""from_label"": ""rac-11"", ""scope"": ""Source-reported yield; source conflict notes take precedence.""}]","[""E08.1""]",forward_synthesis,False,False,1,pending_independent_chemist_review,
E09,"[""rac-7"", ""malonyl-chloride""]","[""6a""]","[""TFA"", ""Et3N""]","[""dichloromethane""]",Source-reported yield; source conflict notes take precedence.,,,C/C=C/CCCCC(=O)C1(COCc2ccccc2)CCCN1C(=O)OC(C)(C)C.COC(=O)C(C)C(=O)Cl>>C/C=C/CCCCC(=O)C1(COCc2ccccc2)CCCN1C(=O)C(C)C(=O)OC,"[{""source_id"": ""article"", ""sha256"": ""8aa378c61acbb24fa01d02cb3f2c4d5923879fde67b2e7e8f6382ce1462afd22"", ""pages"": [3], ""locator"": ""Main experimental section / scheme: E09""}]","[{""product_label"": ""6a"", ""percent"": 68, ""from_label"": ""rac-7"", ""scope"": ""Source-reported yield; source conflict notes take precedence.""}]","[""E09.1""]",forward_synthesis,False,False,2,pending_independent_chemist_review,"[""Boc removal"", ""acylation""]"
E10,"[""6a""]","[""12""]","[""NaOMe""]","[""methanol""]",Source-reported yield; source conflict notes take precedence.,room temperature,,C/C=C/CCCCC(=O)C1(COCc2ccccc2)CCCN1C(=O)C(C)C(=O)OC>>C/C=C/CCCCC1(O)C(C)(C(=O)OC)C(=O)N2CCCC21COCc1ccccc1,"[{""source_id"": ""article"", ""sha256"": ""8aa378c61acbb24fa01d02cb3f2c4d5923879fde67b2e7e8f6382ce1462afd22"", ""pages"": [3], ""locator"": ""Main experimental section / scheme: E10""}]","[{""product_label"": ""12"", ""percent"": 50, ""from_label"": ""6a"", ""scope"": ""Source-reported yield; source conflict notes take precedence.""}]","[""E10.1""]",forward_synthesis,False,False,1,pending_independent_chemist_review,
