reagents,solvents,yield_scope,event_id,reactant_labels,product_labels,substrate_product_smiles,source_references,reported_yields,step_ids,category,formal_benchmark_eligible,admission_authority,experimental_stage_count,review_status,enantiomeric_excess_percent,sequence_yield_percent,combined_yield_percent
"[""Fe(NO3)3.9H2O"", ""TEMPO"", ""NaCl"", ""O2""]",[],qNMRpurity corrected product94%w/w,A01,"[""pent-1-en-3-ol""]","[""S1""]",C=CC(O)CC>>C=CC(=O)CC,"[{""source_id"": ""article"", ""sha256"": ""fda2433512b90fea40befd3c82fca2bf04db686eaa9643f773e3164e50361096"", ""pages"": [3], ""locator"": ""Main experimental section / scheme: A01""}, {""source_id"": ""si"", ""sha256"": ""45d733b492367cb25a3d246cbff1effc8db3b2d41b6b54f822d78205e32d8c2b"", ""pages"": [8], ""locator"": ""Compound drawing and associated NMR spectrum: A01""}]","[{""product_label"": ""S1"", ""percent"": 78, ""from_label"": ""pent-1-en-3-ol"", ""scope"": ""qNMRpurity corrected product94%w/w""}]","[""A01.1""]",forward_synthesis,False,False,1,pending_independent_chemist_review,,,
"[""Et3N""]",[],95%w/wqNMRpuritycorrected,A02,"[""S1"", ""2-methylcyclohexane-1,3-dione""]","[""S2""]",C=CC(=O)CC.CC1C(=O)CCCC1=O>>CCC(=O)CCC1(C)C(=O)CCCC1=O,"[{""source_id"": ""article"", ""sha256"": ""fda2433512b90fea40befd3c82fca2bf04db686eaa9643f773e3164e50361096"", ""pages"": [3], ""locator"": ""Main experimental section / scheme: A02""}, {""source_id"": ""si"", ""sha256"": ""45d733b492367cb25a3d246cbff1effc8db3b2d41b6b54f822d78205e32d8c2b"", ""pages"": [12], ""locator"": ""Compound drawing and associated NMR spectrum: A02""}]","[{""product_label"": ""S2"", ""percent"": 96, ""from_label"": ""S1"", ""scope"": ""95%w/wqNMRpuritycorrected""}]","[""A02.1""]",forward_synthesis,False,False,1,pending_independent_chemist_review,,,
"[""D-phenylalanine"", ""PPTS""]","[""DMSO""]",,A03,"[""S2""]","[""9""]",CCC(=O)CCC1(C)C(=O)CCCC1=O>>CC1=C2CCCC(=O)[C@]2(C)CCC1=O,"[{""source_id"": ""article"", ""sha256"": ""fda2433512b90fea40befd3c82fca2bf04db686eaa9643f773e3164e50361096"", ""pages"": [3], ""locator"": ""Main experimental section / scheme: A03""}, {""source_id"": ""si"", ""sha256"": ""45d733b492367cb25a3d246cbff1effc8db3b2d41b6b54f822d78205e32d8c2b"", ""pages"": [16], ""locator"": ""Compound drawing and associated NMR spectrum: A03""}]","[{""product_label"": ""9"", ""percent"": 54, ""from_label"": ""S2"", ""scope"": ""Reported preparation yield; mixture components are not assigned individual yields.""}]","[""A03.1""]",forward_synthesis,False,False,1,pending_independent_chemist_review,>99,,
"[""ethylene glycol"", ""pTsOH.H2O""]","[""benzene""]",CrudeS395%qNMR; diketalcontaminantyieldnotreported,A04,"[""9""]","[""S3"", ""S3-diketal""]",CC1=C2CCCC(=O)[C@]2(C)CCC1=O>>CC1=C2CCCC3(OCCO3)[C@]2(C)CCC12OCCO2.CC1=C2CCCC3(OCCO3)[C@]2(C)CCC1=O,"[{""source_id"": ""article"", ""sha256"": ""fda2433512b90fea40befd3c82fca2bf04db686eaa9643f773e3164e50361096"", ""pages"": [3], ""locator"": ""Main experimental section / scheme: A04""}, {""source_id"": ""si"", ""sha256"": ""45d733b492367cb25a3d246cbff1effc8db3b2d41b6b54f822d78205e32d8c2b"", ""pages"": [24], ""locator"": ""Compound drawing and associated NMR spectrum: A04""}]","[{""product_label"": ""S3"", ""percent"": 95, ""from_label"": ""9"", ""scope"": ""CrudeS395%qNMR; diketalcontaminantyieldnotreported""}]","[""A04.1""]",forward_synthesis,False,False,1,pending_independent_chemist_review,,,
"[""AlCl3""]","[""DCM""]",,A05-feed,"[""propionyl-chloride"", ""ethylene""]","[""S4""]",C=C.CCC(=O)Cl>>CCC(=O)CCCl,"[{""source_id"": ""article"", ""sha256"": ""fda2433512b90fea40befd3c82fca2bf04db686eaa9643f773e3164e50361096"", ""pages"": [3], ""locator"": ""Main experimental section / scheme: A05-feed""}, {""source_id"": ""si"", ""sha256"": ""45d733b492367cb25a3d246cbff1effc8db3b2d41b6b54f822d78205e32d8c2b"", ""pages"": [21], ""locator"": ""Compound drawing and associated NMR spectrum: A05-feed""}]","[{""product_label"": ""S4"", ""percent"": 50, ""from_label"": ""propionyl-chloride"", ""scope"": ""Reported preparation yield; mixture components are not assigned individual yields.""}]","[""A05-feed.1""]",forward_synthesis,False,False,1,pending_independent_chemist_review,,,
"[""KOtBu""]","[""THF""]",73%overA04-A05from9,A05,"[""S3"", ""S4""]","[""S5""]",CC1=C2CCCC3(OCCO3)[C@]2(C)CCC1=O.CCC(=O)CCCl>>CCC(=O)CC[C@@]1(C)C(=O)CC[C@]2(C)C1=CCCC21OCCO1,"[{""source_id"": ""article"", ""sha256"": ""fda2433512b90fea40befd3c82fca2bf04db686eaa9643f773e3164e50361096"", ""pages"": [3], ""locator"": ""Main experimental section / scheme: A05""}, {""source_id"": ""si"", ""sha256"": ""45d733b492367cb25a3d246cbff1effc8db3b2d41b6b54f822d78205e32d8c2b"", ""pages"": [25], ""locator"": ""Compound drawing and associated NMR spectrum: A05""}]",[],"[""A05.1""]",forward_synthesis,False,False,1,pending_independent_chemist_review,,73,
"[""Mn(dpm)3"", ""PhSiH3"", ""tBuOOH""]","[""iPrOH""]",,A06,"[""S5""]","[""S6""]",CCC(=O)CC[C@@]1(C)C(=O)CC[C@]2(C)C1=CCCC21OCCO1>>CCC(=O)CC[C@@]1(C)C(=O)CC[C@]2(C)[C@@H]1CCCC21OCCO1,"[{""source_id"": ""article"", ""sha256"": ""fda2433512b90fea40befd3c82fca2bf04db686eaa9643f773e3164e50361096"", ""pages"": [3], ""locator"": ""Main experimental section / scheme: A06""}, {""source_id"": ""si"", ""sha256"": ""45d733b492367cb25a3d246cbff1effc8db3b2d41b6b54f822d78205e32d8c2b"", ""pages"": [32], ""locator"": ""Compound drawing and associated NMR spectrum: A06""}]","[{""product_label"": ""S6"", ""percent"": 87, ""from_label"": ""S5"", ""scope"": ""Reported preparation yield; mixture components are not assigned individual yields.""}]","[""A06.1""]",forward_synthesis,False,False,1,pending_independent_chemist_review,,,
"[""KOH""]","[""MeOH"", ""water""]",,A07,"[""S6""]","[""10""]",CCC(=O)CC[C@@]1(C)C(=O)CC[C@]2(C)[C@@H]1CCCC21OCCO1>>CC1=C2CC[C@]3(C)[C@H](CCCC34OCCO4)[C@@]2(C)CCC1=O,"[{""source_id"": ""article"", ""sha256"": ""fda2433512b90fea40befd3c82fca2bf04db686eaa9643f773e3164e50361096"", ""pages"": [3], ""locator"": ""Main experimental section / scheme: A07""}, {""source_id"": ""si"", ""sha256"": ""45d733b492367cb25a3d246cbff1effc8db3b2d41b6b54f822d78205e32d8c2b"", ""pages"": [35], ""locator"": ""Compound drawing and associated NMR spectrum: A07""}]","[{""product_label"": ""10"", ""percent"": 76, ""from_label"": ""S6"", ""scope"": ""Reported preparation yield; mixture components are not assigned individual yields.""}]","[""A07.1""]",forward_synthesis,False,False,1,pending_independent_chemist_review,,,
"[""LiAlH4""]","[""Et2O""]",,B01,"[""10""]","[""11"", ""S7""]",CC1=C2CC[C@]3(C)[C@H](CCCC34OCCO4)[C@@]2(C)CCC1=O>>CC1=C2CC[C@]3(C)[C@H](CCCC34OCCO4)[C@@]2(C)CC[C@@H]1O.CC1=C2CC[C@]3(C)[C@H](CCCC34OCCO4)[C@@]2(C)CC[C@H]1O,"[{""source_id"": ""article"", ""sha256"": ""fda2433512b90fea40befd3c82fca2bf04db686eaa9643f773e3164e50361096"", ""pages"": [3], ""locator"": ""Main experimental section / scheme: B01""}, {""source_id"": ""si"", ""sha256"": ""45d733b492367cb25a3d246cbff1effc8db3b2d41b6b54f822d78205e32d8c2b"", ""pages"": [39], ""locator"": ""Compound drawing and associated NMR spectrum: B01""}]","[{""product_label"": ""11"", ""percent"": 94, ""from_label"": ""10"", ""scope"": ""Reported preparation yield; mixture components are not assigned individual yields.""}, {""product_label"": ""S7"", ""percent"": 5, ""from_label"": ""10"", ""scope"": ""Reported preparation yield; mixture components are not assigned individual yields.""}]","[""B01.1""]",forward_synthesis,False,False,1,pending_independent_chemist_review,,,
"[""LDA""]","[""THF""]",Crude product with unidentified impurities,B02-hydroxymethylation,"[""Bu3SnH"", ""formaldehyde""]","[""tributylstannylmethanol""]",C=O.CCC[CH2][SnH]([CH2]CCC)[CH2]CCC>>CCC[CH2][Sn]([CH2]O)([CH2]CCC)[CH2]CCC,"[{""source_id"": ""article"", ""sha256"": ""fda2433512b90fea40befd3c82fca2bf04db686eaa9643f773e3164e50361096"", ""pages"": [3], ""locator"": ""Main experimental section / scheme: B02-hydroxymethylation""}, {""source_id"": ""si"", ""sha256"": ""45d733b492367cb25a3d246cbff1effc8db3b2d41b6b54f822d78205e32d8c2b"", ""pages"": [46], ""locator"": ""Compound drawing and associated NMR spectrum: B02-hydroxymethylation""}]","[{""product_label"": ""tributylstannylmethanol"", ""percent"": 86, ""from_label"": ""Bu3SnH"", ""scope"": ""Crude product with unidentified impurities""}]","[""B02-hydroxymethylation.1""]",forward_synthesis,False,False,1,pending_independent_chemist_review,,,
"[""NIS"", ""PPh3""]","[""THF""]",76%overall fromBu3SnHvia86%crudehydroxymethylation; individualiodinationyieldnotreported,B02-feed,"[""tributylstannylmethanol""]","[""12""]",CCC[CH2][Sn]([CH2]O)([CH2]CCC)[CH2]CCC>>CCC[CH2][Sn]([CH2]I)([CH2]CCC)[CH2]CCC,"[{""source_id"": ""article"", ""sha256"": ""fda2433512b90fea40befd3c82fca2bf04db686eaa9643f773e3164e50361096"", ""pages"": [3], ""locator"": ""Main experimental section / scheme: B02-feed""}, {""source_id"": ""si"", ""sha256"": ""45d733b492367cb25a3d246cbff1effc8db3b2d41b6b54f822d78205e32d8c2b"", ""pages"": [46], ""locator"": ""Compound drawing and associated NMR spectrum: B02-feed""}]",[],"[""B02-feed.1""]",forward_synthesis,False,False,1,pending_independent_chemist_review,,76,
"[""KH""]","[""THF""]",,B02,"[""11"", ""12""]","[""13""]",CC1=C2CC[C@]3(C)[C@H](CCCC34OCCO4)[C@@]2(C)CC[C@@H]1O.CCC[CH2][Sn]([CH2]I)([CH2]CCC)[CH2]CCC>>CCC[CH2][Sn]([CH2]CCC)([CH2]CCC)[CH2]O[C@H]1CC[C@@]2(C)C(=C1C)CC[C@]1(C)[C@@H]2CCCC12OCCO2,"[{""source_id"": ""article"", ""sha256"": ""fda2433512b90fea40befd3c82fca2bf04db686eaa9643f773e3164e50361096"", ""pages"": [3], ""locator"": ""Main experimental section / scheme: B02""}, {""source_id"": ""si"", ""sha256"": ""45d733b492367cb25a3d246cbff1effc8db3b2d41b6b54f822d78205e32d8c2b"", ""pages"": [50], ""locator"": ""Compound drawing and associated NMR spectrum: B02""}]","[{""product_label"": ""13"", ""percent"": 86, ""from_label"": ""11"", ""scope"": ""Reported preparation yield; mixture components are not assigned individual yields.""}]","[""B02.1""]",forward_synthesis,False,False,1,pending_independent_chemist_review,,,
"[""nBuLi""]","[""hexanes""]",,B03,"[""13""]","[""14"", ""S8""]",CCC[CH2][Sn]([CH2]CCC)([CH2]CCC)[CH2]O[C@H]1CC[C@@]2(C)C(=C1C)CC[C@]1(C)[C@@H]2CCCC12OCCO2>>CC1=C2CC[C@]3(C)[C@H](CCCC34OCCO4)[C@@]2(C)CCC1CO.CC1=CCC[C@]2(C)[C@H]3CCCC4(OCCO4)[C@]3(C)CC[C@]12CO,"[{""source_id"": ""article"", ""sha256"": ""fda2433512b90fea40befd3c82fca2bf04db686eaa9643f773e3164e50361096"", ""pages"": [3], ""locator"": ""Main experimental section / scheme: B03""}, {""source_id"": ""si"", ""sha256"": ""45d733b492367cb25a3d246cbff1effc8db3b2d41b6b54f822d78205e32d8c2b"", ""pages"": [53], ""locator"": ""Compound drawing and associated NMR spectrum: B03""}]","[{""product_label"": ""14"", ""percent"": 69, ""from_label"": ""13"", ""scope"": ""Reported preparation yield; mixture components are not assigned individual yields.""}, {""product_label"": ""S8"", ""percent"": 25, ""from_label"": ""13"", ""scope"": ""Reported preparation yield; mixture components are not assigned individual yields.""}]","[""B03.1""]",forward_synthesis,False,False,1,pending_independent_chemist_review,,,
"[""nBuLi""]","[""MTBE""]",TableS2entry6isolated; combinedWittigyield67excludesS9,B03-alt,"[""13""]","[""14"", ""S8"", ""S9""]",CCC[CH2][Sn]([CH2]CCC)([CH2]CCC)[CH2]O[C@H]1CC[C@@]2(C)C(=C1C)CC[C@]1(C)[C@@H]2CCCC12OCCO2>>CC1=C2CC[C@]3(C)[C@H](CCCC34OCCO4)[C@@]2(C)CC=C1.CC1=C2CC[C@]3(C)[C@H](CCCC34OCCO4)[C@@]2(C)CCC1CO.CC1=CCC[C@]2(C)[C@H]3CCCC4(OCCO4)[C@]3(C)CC[C@]12CO,"[{""source_id"": ""article"", ""sha256"": ""fda2433512b90fea40befd3c82fca2bf04db686eaa9643f773e3164e50361096"", ""pages"": [3], ""locator"": ""Main experimental section / scheme: B03-alt""}, {""source_id"": ""si"", ""sha256"": ""45d733b492367cb25a3d246cbff1effc8db3b2d41b6b54f822d78205e32d8c2b"", ""pages"": [56], ""locator"": ""Compound drawing and associated NMR spectrum: B03-alt""}]","[{""product_label"": ""14"", ""percent"": 36, ""from_label"": ""13"", ""scope"": ""TableS2entry6isolated; combinedWittigyield67excludesS9""}, {""product_label"": ""S8"", ""percent"": 31, ""from_label"": ""13"", ""scope"": ""TableS2entry6isolated; combinedWittigyield67excludesS9""}, {""product_label"": ""S9"", ""percent"": 20, ""from_label"": ""13"", ""scope"": ""TableS2entry6isolated; combinedWittigyield67excludesS9""}]","[""B03-alt.1""]",forward_synthesis,False,False,1,pending_independent_chemist_review,,,
"[""HCl""]","[""THF"", ""water""]",,B04,"[""14""]","[""S10""]",CC1=CCC[C@]2(C)[C@H]3CCCC4(OCCO4)[C@]3(C)CC[C@]12CO>>CC1=CCC[C@]2(C)[C@H]3CCCC(=O)[C@]3(C)CC[C@]12CO,"[{""source_id"": ""article"", ""sha256"": ""fda2433512b90fea40befd3c82fca2bf04db686eaa9643f773e3164e50361096"", ""pages"": [3], ""locator"": ""Main experimental section / scheme: B04""}, {""source_id"": ""si"", ""sha256"": ""45d733b492367cb25a3d246cbff1effc8db3b2d41b6b54f822d78205e32d8c2b"", ""pages"": [65], ""locator"": ""Compound drawing and associated NMR spectrum: B04""}]","[{""product_label"": ""S10"", ""percent"": 99, ""from_label"": ""14"", ""scope"": ""Reported preparation yield; mixture components are not assigned individual yields.""}]","[""B04.1""]",forward_synthesis,False,False,1,pending_independent_chemist_review,,,
"[""TIPSOTf"", ""DIPEA""]","[""DCM""]",,B05,"[""S10""]","[""15""]",CC1=CCC[C@]2(C)[C@H]3CCCC(=O)[C@]3(C)CC[C@]12CO>>CC1=CCC[C@]2(C)[C@H]3CCCC(=O)[C@]3(C)CC[C@]12CO[Si](C(C)C)(C(C)C)C(C)C,"[{""source_id"": ""article"", ""sha256"": ""fda2433512b90fea40befd3c82fca2bf04db686eaa9643f773e3164e50361096"", ""pages"": [3], ""locator"": ""Main experimental section / scheme: B05""}, {""source_id"": ""si"", ""sha256"": ""45d733b492367cb25a3d246cbff1effc8db3b2d41b6b54f822d78205e32d8c2b"", ""pages"": [68], ""locator"": ""Compound drawing and associated NMR spectrum: B05""}]","[{""product_label"": ""15"", ""percent"": 99, ""from_label"": ""S10"", ""scope"": ""Reported preparation yield; mixture components are not assigned individual yields.""}]","[""B05.1""]",forward_synthesis,False,False,1,pending_independent_chemist_review,,,
"[""MSH"", ""HCl""]","[""DCM""]",,B06,"[""15""]","[""17""]",CC1=CCC[C@]2(C)[C@H]3CCCC(=O)[C@]3(C)CC[C@]12CO[Si](C(C)C)(C(C)C)C(C)C>>CC1=CCC[C@]2(C)[C@H]3CCCC(=O)N[C@@]3(C)CC[C@]12CO[Si](C(C)C)(C(C)C)C(C)C,"[{""source_id"": ""article"", ""sha256"": ""fda2433512b90fea40befd3c82fca2bf04db686eaa9643f773e3164e50361096"", ""pages"": [3], ""locator"": ""Main experimental section / scheme: B06""}, {""source_id"": ""si"", ""sha256"": ""45d733b492367cb25a3d246cbff1effc8db3b2d41b6b54f822d78205e32d8c2b"", ""pages"": [71], ""locator"": ""Compound drawing and associated NMR spectrum: B06""}]","[{""product_label"": ""17"", ""percent"": 61, ""from_label"": ""15"", ""scope"": ""Reported preparation yield; mixture components are not assigned individual yields.""}]","[""B06.1""]",forward_synthesis,False,False,1,pending_independent_chemist_review,,,
"[""DPT-BM""]","[""DME""]",Crudeimidate; noindividualyield,C01,"[""17""]","[""19""]",CC1=CCC[C@]2(C)[C@H]3CCCC(=O)N[C@@]3(C)CC[C@]12CO[Si](C(C)C)(C(C)C)C(C)C>>CC1=CCC[C@]2(C)[C@H]3CCCC(OCc4ccccc4)=N[C@@]3(C)CC[C@]12CO[Si](C(C)C)(C(C)C)C(C)C,"[{""source_id"": ""article"", ""sha256"": ""fda2433512b90fea40befd3c82fca2bf04db686eaa9643f773e3164e50361096"", ""pages"": [3], ""locator"": ""Main experimental section / scheme: C01""}, {""source_id"": ""si"", ""sha256"": ""45d733b492367cb25a3d246cbff1effc8db3b2d41b6b54f822d78205e32d8c2b"", ""pages"": [75], ""locator"": ""Compound drawing and associated NMR spectrum: C01""}]",[],"[""C01.1""]",forward_synthesis,False,False,1,pending_independent_chemist_review,,,
"[""HCl""]","[""THF"", ""water""]",Crudeaminoester; noindividualyield,C02,"[""19""]","[""S11""]",CC1=CCC[C@]2(C)[C@H]3CCCC(OCc4ccccc4)=N[C@@]3(C)CC[C@]12CO[Si](C(C)C)(C(C)C)C(C)C>>CC1=CCC[C@]2(C)[C@@H](CCCC(=O)OCc3ccccc3)[C@](C)(N)CC[C@]12CO[Si](C(C)C)(C(C)C)C(C)C,"[{""source_id"": ""article"", ""sha256"": ""fda2433512b90fea40befd3c82fca2bf04db686eaa9643f773e3164e50361096"", ""pages"": [3], ""locator"": ""Main experimental section / scheme: C02""}, {""source_id"": ""si"", ""sha256"": ""45d733b492367cb25a3d246cbff1effc8db3b2d41b6b54f822d78205e32d8c2b"", ""pages"": [76], ""locator"": ""Compound drawing and associated NMR spectrum: C02""}]",[],"[""C02.1""]",forward_synthesis,False,False,1,pending_independent_chemist_review,,,
"[""Teoc-NT"", ""Et3N""]","[""DCM""]",90%overC01-C03from17,C03,"[""S11""]","[""21""]",CC1=CCC[C@]2(C)[C@@H](CCCC(=O)OCc3ccccc3)[C@](C)(N)CC[C@]12CO[Si](C(C)C)(C(C)C)C(C)C>>CC1=CCC[C@]2(C)[C@@H](CCCC(=O)OCc3ccccc3)[C@](C)(NC(=O)OCC[Si](C)(C)C)CC[C@]12CO[Si](C(C)C)(C(C)C)C(C)C,"[{""source_id"": ""article"", ""sha256"": ""fda2433512b90fea40befd3c82fca2bf04db686eaa9643f773e3164e50361096"", ""pages"": [3], ""locator"": ""Main experimental section / scheme: C03""}, {""source_id"": ""si"", ""sha256"": ""45d733b492367cb25a3d246cbff1effc8db3b2d41b6b54f822d78205e32d8c2b"", ""pages"": [76, 77], ""locator"": ""Compound drawing and associated NMR spectrum: C03""}]",[],"[""C03.1""]",forward_synthesis,False,False,1,pending_independent_chemist_review,,90,
"[""LiOH""]","[""THF"", ""water""]",Crudeacid; noindividualyield,D01,"[""21""]","[""21-acid""]",CC1=CCC[C@]2(C)[C@@H](CCCC(=O)OCc3ccccc3)[C@](C)(NC(=O)OCC[Si](C)(C)C)CC[C@]12CO[Si](C(C)C)(C(C)C)C(C)C>>CC1=CCC[C@]2(C)[C@@H](CCCC(=O)O)[C@](C)(NC(=O)OCC[Si](C)(C)C)CC[C@]12CO[Si](C(C)C)(C(C)C)C(C)C,"[{""source_id"": ""article"", ""sha256"": ""fda2433512b90fea40befd3c82fca2bf04db686eaa9643f773e3164e50361096"", ""pages"": [3], ""locator"": ""Main experimental section / scheme: D01""}, {""source_id"": ""si"", ""sha256"": ""45d733b492367cb25a3d246cbff1effc8db3b2d41b6b54f822d78205e32d8c2b"", ""pages"": [86], ""locator"": ""Compound drawing and associated NMR spectrum: D01""}]",[],"[""D01.1""]",forward_synthesis,False,False,1,pending_independent_chemist_review,,,
"[""PdCl2"", ""DPEphos"", ""Piv2O"", ""Et3N""]","[""DMPU""]",70%overD01-D02from21,D02,"[""21-acid""]","[""22""]",CC1=CCC[C@]2(C)[C@@H](CCCC(=O)O)[C@](C)(NC(=O)OCC[Si](C)(C)C)CC[C@]12CO[Si](C(C)C)(C(C)C)C(C)C>>C=CC[C@H]1[C@](C)(NC(=O)OCC[Si](C)(C)C)CC[C@]2(CO[Si](C(C)C)(C(C)C)C(C)C)C(C)=CCC[C@]12C,"[{""source_id"": ""article"", ""sha256"": ""fda2433512b90fea40befd3c82fca2bf04db686eaa9643f773e3164e50361096"", ""pages"": [3], ""locator"": ""Main experimental section / scheme: D02""}, {""source_id"": ""si"", ""sha256"": ""45d733b492367cb25a3d246cbff1effc8db3b2d41b6b54f822d78205e32d8c2b"", ""pages"": [86], ""locator"": ""Compound drawing and associated NMR spectrum: D02""}]",[],"[""D02.1""]",forward_synthesis,False,False,1,pending_independent_chemist_review,,70,
"[""Hoveyda-GrubbsII""]",[],,D03,"[""22"", ""23""]","[""24""]",C=C(C)B1OC(C)(C)C(C)(C)O1.C=CC[C@H]1[C@](C)(NC(=O)OCC[Si](C)(C)C)CC[C@]2(CO[Si](C(C)C)(C(C)C)C(C)C)C(C)=CCC[C@]12C>>CC1=CCC[C@]2(C)[C@@H](C/C=C(/C)B3OC(C)(C)C(C)(C)O3)[C@](C)(NC(=O)OCC[Si](C)(C)C)CC[C@]12CO[Si](C(C)C)(C(C)C)C(C)C,"[{""source_id"": ""article"", ""sha256"": ""fda2433512b90fea40befd3c82fca2bf04db686eaa9643f773e3164e50361096"", ""pages"": [3], ""locator"": ""Main experimental section / scheme: D03""}, {""source_id"": ""si"", ""sha256"": ""45d733b492367cb25a3d246cbff1effc8db3b2d41b6b54f822d78205e32d8c2b"", ""pages"": [90], ""locator"": ""Compound drawing and associated NMR spectrum: D03""}]","[{""product_label"": ""24"", ""percent"": 71, ""from_label"": ""22"", ""scope"": ""Reported preparation yield; mixture components are not assigned individual yields.""}]","[""D03.1""]",forward_synthesis,False,False,1,pending_independent_chemist_review,,,
"[""PdCl2(dppf)"", ""NaOH""]","[""THF"", ""water""]",,D04,"[""24"", ""25""]","[""26""]",CC(C)[Si](C#CI)(C(C)C)C(C)C.CC1=CCC[C@]2(C)[C@@H](C/C=C(/C)B3OC(C)(C)C(C)(C)O3)[C@](C)(NC(=O)OCC[Si](C)(C)C)CC[C@]12CO[Si](C(C)C)(C(C)C)C(C)C>>CC1=CCC[C@]2(C)[C@@H](C/C=C(/C)C#C[Si](C(C)C)(C(C)C)C(C)C)[C@](C)(NC(=O)OCC[Si](C)(C)C)CC[C@]12CO[Si](C(C)C)(C(C)C)C(C)C,"[{""source_id"": ""article"", ""sha256"": ""fda2433512b90fea40befd3c82fca2bf04db686eaa9643f773e3164e50361096"", ""pages"": [3], ""locator"": ""Main experimental section / scheme: D04""}, {""source_id"": ""si"", ""sha256"": ""45d733b492367cb25a3d246cbff1effc8db3b2d41b6b54f822d78205e32d8c2b"", ""pages"": [98], ""locator"": ""Compound drawing and associated NMR spectrum: D04""}]","[{""product_label"": ""26"", ""percent"": 90, ""from_label"": ""24"", ""scope"": ""Reported preparation yield; mixture components are not assigned individual yields.""}]","[""D04.1""]",forward_synthesis,False,False,1,pending_independent_chemist_review,,,
"[""TBAF""]","[""THF""]",,D05,"[""26""]","[""4""]",CC1=CCC[C@]2(C)[C@@H](C/C=C(/C)C#C[Si](C(C)C)(C(C)C)C(C)C)[C@](C)(NC(=O)OCC[Si](C)(C)C)CC[C@]12CO[Si](C(C)C)(C(C)C)C(C)C>>C#C/C(C)=C\C[C@H]1[C@@](C)(N)CC[C@]2(CO)C(C)=CCC[C@]12C,"[{""source_id"": ""article"", ""sha256"": ""fda2433512b90fea40befd3c82fca2bf04db686eaa9643f773e3164e50361096"", ""pages"": [3], ""locator"": ""Main experimental section / scheme: D05""}, {""source_id"": ""si"", ""sha256"": ""45d733b492367cb25a3d246cbff1effc8db3b2d41b6b54f822d78205e32d8c2b"", ""pages"": [106], ""locator"": ""Compound drawing and associated NMR spectrum: D05""}]","[{""product_label"": ""4"", ""percent"": 91, ""from_label"": ""26"", ""scope"": ""Reported preparation yield; mixture components are not assigned individual yields.""}]","[""D05.1""]",forward_synthesis,False,False,1,pending_independent_chemist_review,,,
"[""Cu(IMes)Cl""]","[""HFIP"", ""water""]",Isolated58/20; separateNMR59/20notmixed,E01,"[""4""]","[""1"", ""28""]",C#C/C(C)=C\C[C@H]1[C@@](C)(N)CC[C@]2(CO)C(C)=CCC[C@]12C>>CC1=CCN2[C@@H]1C[C@H]1[C@@]2(C)CC[C@]2(CO)C(C)=CCC[C@]12C.CC1=CCN2[C@H]1C[C@H]1[C@@]2(C)CC[C@]2(CO)C(C)=CCC[C@]12C,"[{""source_id"": ""article"", ""sha256"": ""fda2433512b90fea40befd3c82fca2bf04db686eaa9643f773e3164e50361096"", ""pages"": [3], ""locator"": ""Main experimental section / scheme: E01""}, {""source_id"": ""si"", ""sha256"": ""45d733b492367cb25a3d246cbff1effc8db3b2d41b6b54f822d78205e32d8c2b"", ""pages"": [145], ""locator"": ""Compound drawing and associated NMR spectrum: E01""}]","[{""product_label"": ""1"", ""percent"": 58, ""from_label"": ""4"", ""scope"": ""Isolated58/20; separateNMR59/20notmixed""}, {""product_label"": ""28"", ""percent"": 20, ""from_label"": ""4"", ""scope"": ""Isolated58/20; separateNMR59/20notmixed""}]","[""E01.1""]",forward_synthesis,False,False,1,pending_independent_chemist_review,,,
"[""CsF""]","[""DMF"", ""water""]",,E02,"[""26""]","[""29""]",CC1=CCC[C@]2(C)[C@@H](C/C=C(/C)C#C[Si](C(C)C)(C(C)C)C(C)C)[C@](C)(NC(=O)OCC[Si](C)(C)C)CC[C@]12CO[Si](C(C)C)(C(C)C)C(C)C>>C#C/C(C)=C\C[C@H]1[C@](C)(NC(=O)OCC[Si](C)(C)C)CC[C@]2(CO[Si](C(C)C)(C(C)C)C(C)C)C(C)=CCC[C@]12C,"[{""source_id"": ""article"", ""sha256"": ""fda2433512b90fea40befd3c82fca2bf04db686eaa9643f773e3164e50361096"", ""pages"": [3], ""locator"": ""Main experimental section / scheme: E02""}, {""source_id"": ""si"", ""sha256"": ""45d733b492367cb25a3d246cbff1effc8db3b2d41b6b54f822d78205e32d8c2b"", ""pages"": [102], ""locator"": ""Compound drawing and associated NMR spectrum: E02""}]","[{""product_label"": ""29"", ""percent"": 90, ""from_label"": ""26"", ""scope"": ""Reported preparation yield; mixture components are not assigned individual yields.""}]","[""E02.1""]",forward_synthesis,False,False,1,pending_independent_chemist_review,,,
"[""I2"", ""K2CO3""]","[""MeCN""]",Crudeiodoallene; noindividualyield,E03,"[""29""]","[""30""]",C#C/C(C)=C\C[C@H]1[C@](C)(NC(=O)OCC[Si](C)(C)C)CC[C@]2(CO[Si](C(C)C)(C(C)C)C(C)C)C(C)=CCC[C@]12C>>CC(=C=CI)C1C[C@H]2[C@@](C)(CC[C@]3(CO[Si](C(C)C)(C(C)C)C(C)C)C(C)=CCC[C@]23C)N1C(=O)OCC[Si](C)(C)C,"[{""source_id"": ""article"", ""sha256"": ""fda2433512b90fea40befd3c82fca2bf04db686eaa9643f773e3164e50361096"", ""pages"": [3], ""locator"": ""Main experimental section / scheme: E03""}, {""source_id"": ""si"", ""sha256"": ""45d733b492367cb25a3d246cbff1effc8db3b2d41b6b54f822d78205e32d8c2b"", ""pages"": [110], ""locator"": ""Compound drawing and associated NMR spectrum: E03""}]",[],"[""E03.1""]",forward_synthesis,False,False,1,pending_independent_chemist_review,,,
"[""tBuLi"", ""MeOH""]","[""Et2O""]",66%overE03-E04from29,E04,"[""30""]","[""31""]",CC(=C=CI)C1C[C@H]2[C@@](C)(CC[C@]3(CO[Si](C(C)C)(C(C)C)C(C)C)C(C)=CCC[C@]23C)N1C(=O)OCC[Si](C)(C)C>>C=C=C(C)C1C[C@H]2[C@@](C)(CC[C@]3(CO[Si](C(C)C)(C(C)C)C(C)C)C(C)=CCC[C@]23C)N1C(=O)OCC[Si](C)(C)C,"[{""source_id"": ""article"", ""sha256"": ""fda2433512b90fea40befd3c82fca2bf04db686eaa9643f773e3164e50361096"", ""pages"": [3], ""locator"": ""Main experimental section / scheme: E04""}, {""source_id"": ""si"", ""sha256"": ""45d733b492367cb25a3d246cbff1effc8db3b2d41b6b54f822d78205e32d8c2b"", ""pages"": [110], ""locator"": ""Compound drawing and associated NMR spectrum: E04""}]",[],"[""E04.1""]",forward_synthesis,False,False,1,pending_independent_chemist_review,,66,
"[""TBAF""]","[""THF""]",Initial78%mixture95:5; repurified32yield68%;minor0.7mgenrichedsample,E05,"[""31""]","[""32"", ""epi-32""]",C=C=C(C)C1C[C@H]2[C@@](C)(CC[C@]3(CO[Si](C(C)C)(C(C)C)C(C)C)C(C)=CCC[C@]23C)N1C(=O)OCC[Si](C)(C)C>>C=C=C(C)[C@@H]1C[C@H]2[C@@](C)(CC[C@]3(CO)C(C)=CCC[C@]23C)N1.C=C=C(C)[C@H]1C[C@H]2[C@@](C)(CC[C@]3(CO)C(C)=CCC[C@]23C)N1,"[{""source_id"": ""article"", ""sha256"": ""fda2433512b90fea40befd3c82fca2bf04db686eaa9643f773e3164e50361096"", ""pages"": [3], ""locator"": ""Main experimental section / scheme: E05""}, {""source_id"": ""si"", ""sha256"": ""45d733b492367cb25a3d246cbff1effc8db3b2d41b6b54f822d78205e32d8c2b"", ""pages"": [118], ""locator"": ""Compound drawing and associated NMR spectrum: E05""}]","[{""product_label"": ""32"", ""percent"": 68, ""from_label"": ""31"", ""scope"": ""Initial78%mixture95:5; repurified32yield68%;minor0.7mgenrichedsample""}]","[""E05.1""]",forward_synthesis,False,False,1,pending_independent_chemist_review,,,78
"[""Cu(IPr)Cl""]","[""EtOH"", ""water""]",,E06,"[""32""]","[""1""]",C=C=C(C)[C@@H]1C[C@H]2[C@@](C)(CC[C@]3(CO)C(C)=CCC[C@]23C)N1>>CC1=CCN2[C@H]1C[C@H]1[C@@]2(C)CC[C@]2(CO)C(C)=CCC[C@]12C,"[{""source_id"": ""article"", ""sha256"": ""fda2433512b90fea40befd3c82fca2bf04db686eaa9643f773e3164e50361096"", ""pages"": [3], ""locator"": ""Main experimental section / scheme: E06""}, {""source_id"": ""si"", ""sha256"": ""45d733b492367cb25a3d246cbff1effc8db3b2d41b6b54f822d78205e32d8c2b"", ""pages"": [132], ""locator"": ""Compound drawing and associated NMR spectrum: E06""}]","[{""product_label"": ""1"", ""percent"": 69, ""from_label"": ""32"", ""scope"": ""Reported preparation yield; mixture components are not assigned individual yields.""}]","[""E06.1""]",forward_synthesis,False,False,1,pending_independent_chemist_review,,,
"[""air""]","[""CD2Cl2""]",ObservedpartialoxidationinNMRsamples; isolatedwithoutreportedpercentyield,E07,"[""1""]","[""34""]",CC1=CCN2[C@H]1C[C@H]1[C@@]2(C)CC[C@]2(CO)C(C)=CCC[C@]12C>>CC1=CCC[C@]2(C)[C@H]3Cc4c(C)ccn4[C@]3(C)CC[C@]12CO,"[{""source_id"": ""article"", ""sha256"": ""fda2433512b90fea40befd3c82fca2bf04db686eaa9643f773e3164e50361096"", ""pages"": [3], ""locator"": ""Main experimental section / scheme: E07""}, {""source_id"": ""si"", ""sha256"": ""45d733b492367cb25a3d246cbff1effc8db3b2d41b6b54f822d78205e32d8c2b"", ""pages"": [139], ""locator"": ""Compound drawing and associated NMR spectrum: E07""}]",[],"[""E07.1""]",forward_synthesis,False,False,1,pending_independent_chemist_review,,,
"[""TsCl"", ""Et3N""]","[""DCM""]",Text44%forprotection; scheme44%twostepsconflict,F01,"[""S12""]","[""S13""]",COc1ccc(COC[C@]23CC[C@@](C)(N)[C@H](CCCC(=O)OCc4ccccc4)[C@@]2(C)CCC=C3C)cc1>>COc1ccc(COC[C@]23CC[C@@](C)(NS(=O)(=O)c4ccc(C)cc4)[C@H](CCCC(=O)OCc4ccccc4)[C@@]2(C)CCC=C3C)cc1,"[{""source_id"": ""article"", ""sha256"": ""fda2433512b90fea40befd3c82fca2bf04db686eaa9643f773e3164e50361096"", ""pages"": [3], ""locator"": ""Main experimental section / scheme: F01""}, {""source_id"": ""si"", ""sha256"": ""45d733b492367cb25a3d246cbff1effc8db3b2d41b6b54f822d78205e32d8c2b"", ""pages"": [158], ""locator"": ""Compound drawing and associated NMR spectrum: F01""}]","[{""product_label"": ""S13"", ""percent"": 44, ""from_label"": ""S12"", ""scope"": ""Text44%forprotection; scheme44%twostepsconflict""}]","[""F01.1""]",forward_synthesis,False,False,1,pending_independent_chemist_review,,,
"[""LiOH""]","[""THF"", ""water""]",,F02,"[""S13""]","[""S14""]",COc1ccc(COC[C@]23CC[C@@](C)(NS(=O)(=O)c4ccc(C)cc4)[C@H](CCCC(=O)OCc4ccccc4)[C@@]2(C)CCC=C3C)cc1>>COc1ccc(COC[C@]23CC[C@](C)(NS(=O)(=O)c4ccc(C)cc4)[C@H](CCCC(=O)O)[C@@]2(C)CCC=C3C)cc1,"[{""source_id"": ""article"", ""sha256"": ""fda2433512b90fea40befd3c82fca2bf04db686eaa9643f773e3164e50361096"", ""pages"": [3], ""locator"": ""Main experimental section / scheme: F02""}, {""source_id"": ""si"", ""sha256"": ""45d733b492367cb25a3d246cbff1effc8db3b2d41b6b54f822d78205e32d8c2b"", ""pages"": [161], ""locator"": ""Compound drawing and associated NMR spectrum: F02""}]","[{""product_label"": ""S14"", ""percent"": 78, ""from_label"": ""S13"", ""scope"": ""Reported preparation yield; mixture components are not assigned individual yields.""}]","[""F02.1""]",forward_synthesis,False,False,1,pending_independent_chemist_review,,,
"[""NHPI"", ""DIC"", ""DMAP""]","[""DCM""]",,F03,"[""S14""]","[""S15""]",COc1ccc(COC[C@]23CC[C@](C)(NS(=O)(=O)c4ccc(C)cc4)[C@H](CCCC(=O)O)[C@@]2(C)CCC=C3C)cc1>>COc1ccc(COC[C@]23CC[C@@](C)(NS(=O)(=O)c4ccc(C)cc4)[C@H](CCCC(=O)ON4C(=O)c5ccccc5C4=O)[C@@]2(C)CCC=C3C)cc1,"[{""source_id"": ""article"", ""sha256"": ""fda2433512b90fea40befd3c82fca2bf04db686eaa9643f773e3164e50361096"", ""pages"": [3], ""locator"": ""Main experimental section / scheme: F03""}, {""source_id"": ""si"", ""sha256"": ""45d733b492367cb25a3d246cbff1effc8db3b2d41b6b54f822d78205e32d8c2b"", ""pages"": [164], ""locator"": ""Compound drawing and associated NMR spectrum: F03""}]","[{""product_label"": ""S15"", ""percent"": 58, ""from_label"": ""S14"", ""scope"": ""Reported preparation yield; mixture components are not assigned individual yields.""}]","[""F03.1""]",forward_synthesis,False,False,1,pending_independent_chemist_review,,,
"[""PdCl2"", ""Xantphos"", ""CyJohnphos"", ""collidine"", ""blueLED""]","[""DMA""]",,F04,"[""S15""]","[""S16""]",COc1ccc(COC[C@]23CC[C@@](C)(NS(=O)(=O)c4ccc(C)cc4)[C@H](CCCC(=O)ON4C(=O)c5ccccc5C4=O)[C@@]2(C)CCC=C3C)cc1>>CCC[C@H]1[C@](C)(NS(=O)(=O)c2ccc(C)cc2)CC[C@]2(COCc3ccc(OC)cc3)C(C)=CC=C[C@]12C,"[{""source_id"": ""article"", ""sha256"": ""fda2433512b90fea40befd3c82fca2bf04db686eaa9643f773e3164e50361096"", ""pages"": [3], ""locator"": ""Main experimental section / scheme: F04""}, {""source_id"": ""si"", ""sha256"": ""45d733b492367cb25a3d246cbff1effc8db3b2d41b6b54f822d78205e32d8c2b"", ""pages"": [167], ""locator"": ""Compound drawing and associated NMR spectrum: F04""}]","[{""product_label"": ""S16"", ""percent"": 50, ""from_label"": ""S15"", ""scope"": ""Reported preparation yield; mixture components are not assigned individual yields.""}]","[""F04.1""]",forward_synthesis,False,False,1,pending_independent_chemist_review,,,
"[""ferrocenecarboxylicacid"", ""EDCI"", ""DMAP""]","[""DCM""]",,G01,"[""11""]","[""S17""]",CC1=C2CC[C@]3(C)[C@H](CCCC34OCCO4)[C@@]2(C)CC[C@@H]1O>>CC1=C2CC[C@]3(C)[C@H](CCCC34OCCO4)[C@@]2(C)CC[C@@H]1OC(=O)c1ccc[cH-]1.[Fe+2].c1cc[cH-]c1,"[{""source_id"": ""article"", ""sha256"": ""fda2433512b90fea40befd3c82fca2bf04db686eaa9643f773e3164e50361096"", ""pages"": [3], ""locator"": ""Main experimental section / scheme: G01""}, {""source_id"": ""si"", ""sha256"": ""45d733b492367cb25a3d246cbff1effc8db3b2d41b6b54f822d78205e32d8c2b"", ""pages"": [173], ""locator"": ""Compound drawing and associated NMR spectrum: G01""}]","[{""product_label"": ""S17"", ""percent"": 58, ""from_label"": ""11"", ""scope"": ""Reported preparation yield; mixture components are not assigned individual yields.""}]","[""G01.1""]",forward_synthesis,False,False,1,pending_independent_chemist_review,,,
"[""MeI""]","[""CD2Cl2""]",Crystallographicderivative; noisolatedyield,G02,"[""1""]","[""1-methiodide-cation""]",CC1=CCN2[C@H]1C[C@H]1[C@@]2(C)CC[C@]2(CO)C(C)=CCC[C@]12C>>CC1=CC[N+]2(C)[C@H]1C[C@@H]1[C@@]3(C)CCC=C(C)[C@@]3(CO)CC[C@]12C,"[{""source_id"": ""article"", ""sha256"": ""fda2433512b90fea40befd3c82fca2bf04db686eaa9643f773e3164e50361096"", ""pages"": [3], ""locator"": ""Main experimental section / scheme: G02""}, {""source_id"": ""si"", ""sha256"": ""45d733b492367cb25a3d246cbff1effc8db3b2d41b6b54f822d78205e32d8c2b"", ""pages"": [176], ""locator"": ""Compound drawing and associated NMR spectrum: G02""}]",[],"[""G02.1""]",forward_synthesis,False,False,1,pending_independent_chemist_review,,,
"[""Cu(IPr)Cl""]","[""EtOH/water""]",,control-CuIPr,"[""4""]","[""1"", ""28""]",C#C/C(C)=C\C[C@H]1[C@@](C)(N)CC[C@]2(CO)C(C)=CCC[C@]12C>>CC1=CCN2[C@@H]1C[C@H]1[C@@]2(C)CC[C@]2(CO)C(C)=CCC[C@]12C.CC1=CCN2[C@H]1C[C@H]1[C@@]2(C)CC[C@]2(CO)C(C)=CCC[C@]12C,"[{""source_id"": ""article"", ""sha256"": ""fda2433512b90fea40befd3c82fca2bf04db686eaa9643f773e3164e50361096"", ""pages"": [3], ""locator"": ""Main experimental section / scheme: control-CuIPr""}, {""source_id"": ""si"", ""sha256"": ""45d733b492367cb25a3d246cbff1effc8db3b2d41b6b54f822d78205e32d8c2b"", ""pages"": [155], ""locator"": ""Compound drawing and associated NMR spectrum: control-CuIPr""}]","[{""product_label"": ""1"", ""percent"": 36, ""from_label"": ""4"", ""scope"": ""Reported preparation yield; mixture components are not assigned individual yields.""}, {""product_label"": ""28"", ""percent"": 23, ""from_label"": ""4"", ""scope"": ""Reported preparation yield; mixture components are not assigned individual yields.""}]","[""control-CuIPr.1""]",forward_synthesis,False,False,1,pending_independent_chemist_review,,,
"[""AgNO3""]","[""chlorobenzene""]",,control-Ag,"[""4""]","[""1"", ""28""]",C#C/C(C)=C\C[C@H]1[C@@](C)(N)CC[C@]2(CO)C(C)=CCC[C@]12C>>CC1=CCN2[C@@H]1C[C@H]1[C@@]2(C)CC[C@]2(CO)C(C)=CCC[C@]12C.CC1=CCN2[C@H]1C[C@H]1[C@@]2(C)CC[C@]2(CO)C(C)=CCC[C@]12C,"[{""source_id"": ""article"", ""sha256"": ""fda2433512b90fea40befd3c82fca2bf04db686eaa9643f773e3164e50361096"", ""pages"": [3], ""locator"": ""Main experimental section / scheme: control-Ag""}, {""source_id"": ""si"", ""sha256"": ""45d733b492367cb25a3d246cbff1effc8db3b2d41b6b54f822d78205e32d8c2b"", ""pages"": [156], ""locator"": ""Compound drawing and associated NMR spectrum: control-Ag""}]","[{""product_label"": ""1"", ""percent"": 27, ""from_label"": ""4"", ""scope"": ""Reported preparation yield; mixture components are not assigned individual yields.""}, {""product_label"": ""28"", ""percent"": 20, ""from_label"": ""4"", ""scope"": ""Reported preparation yield; mixture components are not assigned individual yields.""}]","[""control-Ag.1""]",forward_synthesis,False,False,1,pending_independent_chemist_review,,,
