event_id,reactant_labels,product_labels,step_ids,substrate_product_smiles,reported_yields,category,source_references,review_status,smiles_scope,formal_benchmark_eligible,admission_authority,reported_selectivity,yield_based_on_recovered_starting_material_percent,representation_scope
E01,"[""THF-feedstock""]","[""19""]","[""E01.1""]",C1CCOC1>>C=CO[Si](C)(C)C,"[{""product_label"": ""19"", ""percent"": 91, ""from_label"": ""THF-feedstock"", ""scope"": ""overall preparation yield; not allocated to internal stages""}]",forward_synthesis,"[{""source_id"": ""si"", ""sha256"": ""77ca64d52640da8402d0acdf5b1cb49dbf47440fdf01240b5a757ab389d9d33e"", ""pages"": [15, 16], ""locator"": ""SI PDF page: E01 preparation""}, {""source_id"": ""main"", ""sha256"": ""8473912c3d1c0d0dcdcfe8bf3888ee09b33d314c9bbc81468b0d1a7d686728f0"", ""pages"": [6, 7], ""locator"": ""Main preparation schemes: E01 preparation""}]",pending_independent_chemist_review,"Substrate-product graph sequence, not atom balanced; inferred internal stage graphs explicitly distinguished",False,False,,,
E02,"[""dimethyl-malonate""]","[""18""]","[""E02.1""]",COC(=O)CC(=O)OC>>C=C(C(=O)OC)C(=O)OC,"[{""product_label"": ""18"", ""percent"": 79, ""from_label"": ""dimethyl-malonate"", ""scope"": ""overall preparation yield; not allocated to internal stages""}]",forward_synthesis,"[{""source_id"": ""si"", ""sha256"": ""77ca64d52640da8402d0acdf5b1cb49dbf47440fdf01240b5a757ab389d9d33e"", ""pages"": [16], ""locator"": ""SI PDF page: E02 preparation""}, {""source_id"": ""main"", ""sha256"": ""8473912c3d1c0d0dcdcfe8bf3888ee09b33d314c9bbc81468b0d1a7d686728f0"", ""pages"": [6, 7], ""locator"": ""Main preparation schemes: E02 preparation""}]",pending_independent_chemist_review,"Substrate-product graph sequence, not atom balanced; inferred internal stage graphs explicitly distinguished",False,False,,,
E03,"[""18"", ""19""]","[""rac-11""]","[""E03.1""]",C=C(C(=O)OC)C(=O)OC.C=CO[Si](C)(C)C>>COC(=O)C1(C(=O)OC)CCC1O[Si](C)(C)C,"[{""product_label"": ""rac-11"", ""percent"": 49, ""from_label"": ""18"", ""scope"": ""overall preparation yield; not allocated to internal stages""}]",forward_synthesis,"[{""source_id"": ""si"", ""sha256"": ""77ca64d52640da8402d0acdf5b1cb49dbf47440fdf01240b5a757ab389d9d33e"", ""pages"": [17], ""locator"": ""SI PDF page: E03 preparation""}, {""source_id"": ""main"", ""sha256"": ""8473912c3d1c0d0dcdcfe8bf3888ee09b33d314c9bbc81468b0d1a7d686728f0"", ""pages"": [6, 7], ""locator"": ""Main preparation schemes: E03 preparation""}]",pending_independent_chemist_review,"Substrate-product graph sequence, not atom balanced; inferred internal stage graphs explicitly distinguished",False,False,,,
E04,"[""arene-alcohol"", ""tert-butanol""]","[""SI17""]","[""E04.1""]",CC(C)(C)O.COc1cc(CO)cc(OC)c1>>COc1cc(COC(C)(C)C)cc(OC)c1,"[{""product_label"": ""SI17"", ""percent"": 86, ""from_label"": ""arene-alcohol"", ""scope"": ""overall preparation yield; not allocated to internal stages""}]",forward_synthesis,"[{""source_id"": ""si"", ""sha256"": ""77ca64d52640da8402d0acdf5b1cb49dbf47440fdf01240b5a757ab389d9d33e"", ""pages"": [58], ""locator"": ""SI PDF page: E04 preparation""}, {""source_id"": ""main"", ""sha256"": ""8473912c3d1c0d0dcdcfe8bf3888ee09b33d314c9bbc81468b0d1a7d686728f0"", ""pages"": [6, 7], ""locator"": ""Main preparation schemes: E04 preparation""}]",pending_independent_chemist_review,"Substrate-product graph sequence, not atom balanced; inferred internal stage graphs explicitly distinguished",False,False,,,
E05,"[""SI17""]","[""SI18""]","[""E05.1""]",COc1cc(COC(C)(C)C)cc(OC)c1>>COc1cc(COC(C)(C)C)cc(OC)c1C=O,"[{""product_label"": ""SI18"", ""percent"": 65, ""from_label"": ""SI17"", ""scope"": ""overall preparation yield; not allocated to internal stages""}]",forward_synthesis,"[{""source_id"": ""si"", ""sha256"": ""77ca64d52640da8402d0acdf5b1cb49dbf47440fdf01240b5a757ab389d9d33e"", ""pages"": [59], ""locator"": ""SI PDF page: E05 preparation""}, {""source_id"": ""main"", ""sha256"": ""8473912c3d1c0d0dcdcfe8bf3888ee09b33d314c9bbc81468b0d1a7d686728f0"", ""pages"": [6, 7], ""locator"": ""Main preparation schemes: E05 preparation""}]",pending_independent_chemist_review,"Substrate-product graph sequence, not atom balanced; inferred internal stage graphs explicitly distinguished",False,False,,,
E06,"[""SI18"", ""malonic-acid""]","[""SI19""]","[""E06.1""]",COc1cc(COC(C)(C)C)cc(OC)c1C=O.O=C(O)CC(=O)O>>COc1cc(COC(C)(C)C)cc(OC)c1/C=C/C(=O)O,"[{""product_label"": ""SI19"", ""percent"": 91, ""from_label"": ""SI18"", ""scope"": ""overall preparation yield; not allocated to internal stages""}]",forward_synthesis,"[{""source_id"": ""si"", ""sha256"": ""77ca64d52640da8402d0acdf5b1cb49dbf47440fdf01240b5a757ab389d9d33e"", ""pages"": [60], ""locator"": ""SI PDF page: E06 preparation""}, {""source_id"": ""main"", ""sha256"": ""8473912c3d1c0d0dcdcfe8bf3888ee09b33d314c9bbc81468b0d1a7d686728f0"", ""pages"": [6, 7], ""locator"": ""Main preparation schemes: E06 preparation""}]",pending_independent_chemist_review,"Substrate-product graph sequence, not atom balanced; inferred internal stage graphs explicitly distinguished",False,False,,,
E07,"[""SI19""]","[""47""]","[""E07.1""]",COc1cc(COC(C)(C)C)cc(OC)c1/C=C/C(=O)O>>COc1cc(COC(C)(C)C)cc(OC)c1/C=C/C(=O)F,"[{""product_label"": ""47"", ""percent"": 96, ""from_label"": ""SI19"", ""scope"": ""overall preparation yield; not allocated to internal stages""}]",forward_synthesis,"[{""source_id"": ""si"", ""sha256"": ""77ca64d52640da8402d0acdf5b1cb49dbf47440fdf01240b5a757ab389d9d33e"", ""pages"": [61], ""locator"": ""SI PDF page: E07 preparation""}, {""source_id"": ""main"", ""sha256"": ""8473912c3d1c0d0dcdcfe8bf3888ee09b33d314c9bbc81468b0d1a7d686728f0"", ""pages"": [6, 7], ""locator"": ""Main preparation schemes: E07 preparation""}]",pending_independent_chemist_review,"Substrate-product graph sequence, not atom balanced; inferred internal stage graphs explicitly distinguished",False,False,,,
E08,"[""47"", ""rac-11""]","[""52c"", ""55-Z"", ""55-E""]","[""E08.1""]",COC(=O)C1(C(=O)OC)CCC1O[Si](C)(C)C.COc1cc(COC(C)(C)C)cc(OC)c1/C=C/C(=O)F>>COC(=O)C(C/C=C/OC(=O)/C=C/c1c(OC)cc(COC(C)(C)C)cc1OC)C(=O)OC.COC(=O)C(C/C=C\OC(=O)/C=C/c1c(OC)cc(COC(C)(C)C)cc1OC)C(=O)OC.COC(=O)C1(C(=O)OC)CC[C@H]2OC(=O)[C@H]2[C@@H]1c1c(OC)cc(COC(C)(C)C)cc1OC,"[{""product_label"": ""52c"", ""product_labels"": [""52c""], ""percent"": 53, ""from_label"": ""47"", ""from_labels"": [""47"", ""rac-11""], ""scope"": ""Isolated product; not internal-stage yield""}, {""product_label"": ""55-Z"", ""product_labels"": [""55-Z"", ""55-E""], ""percent"": 18, ""from_label"": ""47"", ""from_labels"": [""47"", ""rac-11""], ""scope"": ""Combined isolated product group; no allocation to individual isomers or internal operations""}]",forward_synthesis,"[{""source_id"": ""si"", ""sha256"": ""77ca64d52640da8402d0acdf5b1cb49dbf47440fdf01240b5a757ab389d9d33e"", ""pages"": [62, 63], ""locator"": ""SI PDF page: E08 preparation""}, {""source_id"": ""main"", ""sha256"": ""8473912c3d1c0d0dcdcfe8bf3888ee09b33d314c9bbc81468b0d1a7d686728f0"", ""pages"": [6, 7], ""locator"": ""Main preparation schemes: E08 preparation""}]",pending_independent_chemist_review,"Substrate-product graph sequence, not atom balanced; inferred internal stage graphs explicitly distinguished",False,False,"55 cis:trans 6:1; 52c dr >20:1, er >99:1",,
E09,"[""52c""]","[""cis-53c"", ""trans-53c"", ""54c""]","[""E09.1""]",COC(=O)C1(C(=O)OC)CC[C@H]2OC(=O)[C@H]2[C@@H]1c1c(OC)cc(COC(C)(C)C)cc1OC>>COC(=O)[C@@H]1CCC=C[C@@H]1c1c(OC)cc(COC(C)(C)C)cc1OC.COC(=O)[C@H]1CCC=C[C@@H]1c1c(OC)cc(COC(C)(C)C)cc1OC.COc1cc(COC(C)(C)C)cc2c1[C@H]1C=CCC[C@H]1C(=O)O2,"[{""product_label"": ""cis-53c"", ""product_labels"": [""cis-53c"", ""trans-53c""], ""percent"": 84, ""from_label"": ""52c"", ""from_labels"": [""52c""], ""scope"": ""Combined isolated product group; no allocation to individual isomers or internal operations""}, {""product_label"": ""54c"", ""product_labels"": [""54c""], ""percent"": 13, ""from_label"": ""52c"", ""from_labels"": [""52c""], ""scope"": ""Isolated product; not internal-stage yield""}]",forward_synthesis,"[{""source_id"": ""si"", ""sha256"": ""77ca64d52640da8402d0acdf5b1cb49dbf47440fdf01240b5a757ab389d9d33e"", ""pages"": [66, 67], ""locator"": ""SI PDF page: E09 preparation""}, {""source_id"": ""main"", ""sha256"": ""8473912c3d1c0d0dcdcfe8bf3888ee09b33d314c9bbc81468b0d1a7d686728f0"", ""pages"": [6, 7], ""locator"": ""Main preparation schemes: E09 preparation""}]",pending_independent_chemist_review,"Substrate-product graph sequence, not atom balanced; inferred internal stage graphs explicitly distinguished",False,False,cis:trans 53c 1.6:1,,
E10,"[""cis-53c"", ""trans-53c""]","[""56"", ""trans-56""]","[""E10.1""]",COC(=O)[C@@H]1CCC=C[C@@H]1c1c(OC)cc(COC(C)(C)C)cc1OC.COC(=O)[C@H]1CCC=C[C@@H]1c1c(OC)cc(COC(C)(C)C)cc1OC>>COc1cc(COC(C)(C)C)cc(OC)c1[C@H]1C=CCC[C@@H]1C(=O)N(C)OC.COc1cc(COC(C)(C)C)cc(OC)c1[C@H]1C=CCC[C@H]1C(=O)N(C)OC,"[{""product_label"": ""56"", ""product_labels"": [""56"", ""trans-56""], ""percent"": 76, ""from_label"": ""cis-53c"", ""from_labels"": [""cis-53c"", ""trans-53c""], ""scope"": ""Combined isolated product group; no allocation to individual isomers or internal operations""}]",forward_synthesis,"[{""source_id"": ""si"", ""sha256"": ""77ca64d52640da8402d0acdf5b1cb49dbf47440fdf01240b5a757ab389d9d33e"", ""pages"": [67, 68], ""locator"": ""SI PDF page: E10 preparation""}, {""source_id"": ""main"", ""sha256"": ""8473912c3d1c0d0dcdcfe8bf3888ee09b33d314c9bbc81468b0d1a7d686728f0"", ""pages"": [6, 7], ""locator"": ""Main preparation schemes: E10 preparation""}]",pending_independent_chemist_review,"Substrate-product graph sequence, not atom balanced; inferred internal stage graphs explicitly distinguished",False,False,,84,
E11,"[""54c""]","[""SI20""]","[""E11.1""]",COc1cc(COC(C)(C)C)cc2c1[C@H]1C=CCC[C@H]1C(=O)O2>>COc1cc(COC(C)(C)C)cc(O)c1[C@H]1C=CCC[C@H]1C(=O)N(C)OC,"[{""product_label"": ""SI20"", ""percent"": 84, ""from_label"": ""54c"", ""scope"": ""overall preparation yield; not allocated to internal stages""}]",forward_synthesis,"[{""source_id"": ""si"", ""sha256"": ""77ca64d52640da8402d0acdf5b1cb49dbf47440fdf01240b5a757ab389d9d33e"", ""pages"": [69], ""locator"": ""SI PDF page: E11 preparation""}, {""source_id"": ""main"", ""sha256"": ""8473912c3d1c0d0dcdcfe8bf3888ee09b33d314c9bbc81468b0d1a7d686728f0"", ""pages"": [6, 7], ""locator"": ""Main preparation schemes: E11 preparation""}]",pending_independent_chemist_review,"Substrate-product graph sequence, not atom balanced; inferred internal stage graphs explicitly distinguished",False,False,,,
E12,"[""SI20""]","[""56""]","[""E12.1""]",COc1cc(COC(C)(C)C)cc(O)c1[C@H]1C=CCC[C@H]1C(=O)N(C)OC>>COc1cc(COC(C)(C)C)cc(OC)c1[C@H]1C=CCC[C@H]1C(=O)N(C)OC,"[{""product_label"": ""56"", ""percent"": 48, ""from_label"": ""SI20"", ""scope"": ""overall preparation yield; not allocated to internal stages""}]",forward_synthesis,"[{""source_id"": ""si"", ""sha256"": ""77ca64d52640da8402d0acdf5b1cb49dbf47440fdf01240b5a757ab389d9d33e"", ""pages"": [70], ""locator"": ""SI PDF page: E12 preparation""}, {""source_id"": ""main"", ""sha256"": ""8473912c3d1c0d0dcdcfe8bf3888ee09b33d314c9bbc81468b0d1a7d686728f0"", ""pages"": [6, 7], ""locator"": ""Main preparation schemes: E12 preparation""}]",pending_independent_chemist_review,"Substrate-product graph sequence, not atom balanced; inferred internal stage graphs explicitly distinguished",False,False,,,
E13,"[""bromo-sidechain""]","[""24""]","[""E13.1""]",CC(C)=CCCBr>>[CH2-]CC=C(C)C.[Li+],[],forward_synthesis,"[{""source_id"": ""si"", ""sha256"": ""77ca64d52640da8402d0acdf5b1cb49dbf47440fdf01240b5a757ab389d9d33e"", ""pages"": [25], ""locator"": ""SI PDF page: E13 preparation""}, {""source_id"": ""main"", ""sha256"": ""8473912c3d1c0d0dcdcfe8bf3888ee09b33d314c9bbc81468b0d1a7d686728f0"", ""pages"": [6, 7], ""locator"": ""Main preparation schemes: E13 preparation""}]",pending_independent_chemist_review,"Substrate-product graph sequence, not atom balanced; inferred internal stage graphs explicitly distinguished",False,False,,,
E14,"[""56"", ""24""]","[""57""]","[""E14.1""]",COc1cc(COC(C)(C)C)cc(OC)c1[C@H]1C=CCC[C@H]1C(=O)N(C)OC.[CH2-]CC=C(C)C.[Li+]>>COc1cc(COC(C)(C)C)cc(OC)c1[C@H]1C=CCC[C@H]1C(=O)CCC=C(C)C,"[{""product_label"": ""57"", ""percent"": 74, ""from_label"": ""56"", ""scope"": ""overall preparation yield; not allocated to internal stages""}]",forward_synthesis,"[{""source_id"": ""si"", ""sha256"": ""77ca64d52640da8402d0acdf5b1cb49dbf47440fdf01240b5a757ab389d9d33e"", ""pages"": [70, 71], ""locator"": ""SI PDF page: E14 preparation""}, {""source_id"": ""main"", ""sha256"": ""8473912c3d1c0d0dcdcfe8bf3888ee09b33d314c9bbc81468b0d1a7d686728f0"", ""pages"": [6, 7], ""locator"": ""Main preparation schemes: E14 preparation""}]",pending_independent_chemist_review,"Substrate-product graph sequence, not atom balanced; inferred internal stage graphs explicitly distinguished",False,False,,89,
E15,"[""57""]","[""58""]","[""E15.1"", ""E15.2""]",COc1cc(COC(C)(C)C)cc(OC)c1[C@H]1C=CCC[C@H]1C(=O)CCC=C(C)C>>CC(C)=CCC[C@@](C)(O)[C@@H]1CCC=C[C@@H]1c1c(O)cc(CO)cc1O,"[{""product_label"": ""58"", ""percent"": 59, ""from_label"": ""57"", ""scope"": ""overall preparation yield; not allocated to internal stages""}]",forward_synthesis,"[{""source_id"": ""si"", ""sha256"": ""77ca64d52640da8402d0acdf5b1cb49dbf47440fdf01240b5a757ab389d9d33e"", ""pages"": [71, 72], ""locator"": ""SI PDF page: E15 preparation""}, {""source_id"": ""main"", ""sha256"": ""8473912c3d1c0d0dcdcfe8bf3888ee09b33d314c9bbc81468b0d1a7d686728f0"", ""pages"": [6, 7], ""locator"": ""Main preparation schemes: E15 preparation""}]",pending_independent_chemist_review,"Substrate-product graph sequence, not atom balanced; inferred internal stage graphs explicitly distinguished",False,False,,,
E16,"[""58""]","[""59"", ""epi-59""]","[""E16.1""]",CC(C)=CCC[C@@](C)(O)[C@@H]1CCC=C[C@@H]1c1c(O)cc(CO)cc1O>>CC(C)=CCC[C@@]1(C)Oc2cc(Cc3ccccc3)cc(O)c2[C@H]2C=CCC[C@H]21.CC(C)=CCC[C@]1(C)Oc2cc(Cc3ccccc3)cc(O)c2[C@H]2C=CCC[C@H]21,"[{""product_label"": ""59"", ""product_labels"": [""59"", ""epi-59""], ""percent"": 27, ""from_label"": ""58"", ""from_labels"": [""58""], ""scope"": ""Combined isolated product group; no allocation to individual isomers or internal operations""}]",forward_synthesis,"[{""source_id"": ""si"", ""sha256"": ""77ca64d52640da8402d0acdf5b1cb49dbf47440fdf01240b5a757ab389d9d33e"", ""pages"": [73], ""locator"": ""SI PDF page: E16 preparation""}, {""source_id"": ""main"", ""sha256"": ""8473912c3d1c0d0dcdcfe8bf3888ee09b33d314c9bbc81468b0d1a7d686728f0"", ""pages"": [6, 7], ""locator"": ""Main preparation schemes: E16 preparation""}]",pending_independent_chemist_review,"Substrate-product graph sequence, not atom balanced; inferred internal stage graphs explicitly distinguished",False,False,59:epi-59 87:13,,
E17,"[""58""]","[""60a"", ""60b""]","[""E17.1""]",CC(C)=CCC[C@@](C)(O)[C@@H]1CCC=C[C@@H]1c1c(O)cc(CO)cc1O>>CC(C)=CCC[C@]1(C)Oc2cc(CO)cc(O)c2[C@H]2C=CCC[C@H]21.CC(C)=CCC[C@]1(C)Oc2cc(COS(=O)(=O)c3ccc(C)cc3)cc(O)c2[C@H]2C=CCC[C@H]21,"[{""product_label"": ""60a"", ""product_labels"": [""60a""], ""percent"": 40, ""from_label"": ""58"", ""from_labels"": [""58""], ""scope"": ""Isolated product; not internal-stage yield""}, {""product_label"": ""60b"", ""product_labels"": [""60b""], ""percent"": 20, ""from_label"": ""58"", ""from_labels"": [""58""], ""scope"": ""Isolated product; not internal-stage yield""}]",forward_synthesis,"[{""source_id"": ""main"", ""sha256"": ""8473912c3d1c0d0dcdcfe8bf3888ee09b33d314c9bbc81468b0d1a7d686728f0"", ""pages"": [6, 7], ""locator"": ""Main preparation schemes: E17 preparation""}]",pending_independent_chemist_review,"Substrate-product graph sequence, not atom balanced; inferred internal stage graphs explicitly distinguished",False,False,,,
E18,"[""58""]","[""61a"", ""epi-61a""]","[""E18.1""]",CC(C)=CCC[C@@](C)(O)[C@@H]1CCC=C[C@@H]1c1c(O)cc(CO)cc1O>>CC(C)(CCC[C@@]1(C)Oc2cc(COC(=O)C(F)(F)F)cc(O)c2[C@H]2C=CCC[C@H]21)OC(=O)C(F)(F)F.CC(C)(CCC[C@]1(C)Oc2cc(COC(=O)C(F)(F)F)cc(O)c2[C@H]2C=CCC[C@H]21)OC(=O)C(F)(F)F,"[{""product_label"": ""61a"", ""product_labels"": [""61a"", ""epi-61a""], ""percent"": 69, ""from_label"": ""58"", ""from_labels"": [""58""], ""scope"": ""Combined isolated product group; no allocation to individual isomers or internal operations""}]",forward_synthesis,"[{""source_id"": ""si"", ""sha256"": ""77ca64d52640da8402d0acdf5b1cb49dbf47440fdf01240b5a757ab389d9d33e"", ""pages"": [74, 75], ""locator"": ""SI PDF page: E18 preparation""}, {""source_id"": ""main"", ""sha256"": ""8473912c3d1c0d0dcdcfe8bf3888ee09b33d314c9bbc81468b0d1a7d686728f0"", ""pages"": [6, 7], ""locator"": ""Main preparation schemes: E18 preparation""}]",pending_independent_chemist_review,"Substrate-product graph sequence, not atom balanced; inferred internal stage graphs explicitly distinguished",False,False,61a:epi-61a 84:16 at 0 C,,
E19,"[""58""]","[""61a"", ""61b""]","[""E19.1""]",CC(C)=CCC[C@@](C)(O)[C@@H]1CCC=C[C@@H]1c1c(O)cc(CO)cc1O>>CC(C)(CCC[C@]1(C)Oc2cc(CO)cc(O)c2[C@H]2C=CCC[C@H]21)OC(=O)C(F)(F)F.CC(C)(CCC[C@]1(C)Oc2cc(COC(=O)C(F)(F)F)cc(O)c2[C@H]2C=CCC[C@H]21)OC(=O)C(F)(F)F,"[{""product_label"": ""61a"", ""product_labels"": [""61a"", ""61b""], ""percent"": 72, ""from_label"": ""58"", ""from_labels"": [""58""], ""scope"": ""Combined isolated product group; no allocation to individual isomers or internal operations""}]",forward_synthesis,"[{""source_id"": ""main"", ""sha256"": ""8473912c3d1c0d0dcdcfe8bf3888ee09b33d314c9bbc81468b0d1a7d686728f0"", ""pages"": [6, 7], ""locator"": ""Main preparation schemes: E19 preparation""}]",pending_independent_chemist_review,"Substrate-product graph sequence, not atom balanced; inferred internal stage graphs explicitly distinguished",False,False,61a:61b 4:3; 61a dr 77:23,,Source major graphs only; minor C7-prime epimer populations not fully specified for both constitutional products
E20,"[""61a"", ""epi-61a""]","[""62a"", ""epi-62a"", ""62b"", ""epi-62b""]","[""E20.1""]",CC(C)(CCC[C@@]1(C)Oc2cc(COC(=O)C(F)(F)F)cc(O)c2[C@H]2C=CCC[C@H]21)OC(=O)C(F)(F)F.CC(C)(CCC[C@]1(C)Oc2cc(COC(=O)C(F)(F)F)cc(O)c2[C@H]2C=CCC[C@H]21)OC(=O)C(F)(F)F>>CC(C)(CCC[C@@]1(C)Oc2cc(COC(=O)C(F)(F)F)c(C=O)c(O)c2[C@H]2C=CCC[C@H]21)OC(=O)C(F)(F)F.CC(C)(CCC[C@]1(C)Oc2cc(COC(=O)C(F)(F)F)c(C=O)c(O)c2[C@H]2C=CCC[C@H]21)OC(=O)C(F)(F)F.CC(C)(Cl)CCC[C@@]1(C)Oc2cc(COC(=O)C(F)(F)F)c(C=O)c(O)c2[C@H]2C=CCC[C@H]21.CC(C)(Cl)CCC[C@]1(C)Oc2cc(COC(=O)C(F)(F)F)c(C=O)c(O)c2[C@H]2C=CCC[C@H]21,"[{""product_label"": ""62a"", ""product_labels"": [""62a"", ""epi-62a""], ""percent"": 23, ""from_label"": ""61a"", ""from_labels"": [""61a"", ""epi-61a""], ""scope"": ""Combined isolated product group; no allocation to individual isomers or internal operations""}, {""product_label"": ""62b"", ""product_labels"": [""62b"", ""epi-62b""], ""percent"": 16, ""from_label"": ""61a"", ""from_labels"": [""61a"", ""epi-61a""], ""scope"": ""Combined isolated product group; no allocation to individual isomers or internal operations""}]",forward_synthesis,"[{""source_id"": ""si"", ""sha256"": ""77ca64d52640da8402d0acdf5b1cb49dbf47440fdf01240b5a757ab389d9d33e"", ""pages"": [77, 78], ""locator"": ""SI PDF page: E20 preparation""}, {""source_id"": ""main"", ""sha256"": ""8473912c3d1c0d0dcdcfe8bf3888ee09b33d314c9bbc81468b0d1a7d686728f0"", ""pages"": [6, 7], ""locator"": ""Main preparation schemes: E20 preparation""}]",pending_independent_chemist_review,"Substrate-product graph sequence, not atom balanced; inferred internal stage graphs explicitly distinguished",False,False,C7-prime epimers 86:14 in scheme,,
E21,"[""61a"", ""epi-61a""]","[""62b"", ""epi-62b""]","[""E21.1""]",CC(C)(CCC[C@@]1(C)Oc2cc(COC(=O)C(F)(F)F)cc(O)c2[C@H]2C=CCC[C@H]21)OC(=O)C(F)(F)F.CC(C)(CCC[C@]1(C)Oc2cc(COC(=O)C(F)(F)F)cc(O)c2[C@H]2C=CCC[C@H]21)OC(=O)C(F)(F)F>>CC(C)(Cl)CCC[C@@]1(C)Oc2cc(COC(=O)C(F)(F)F)c(C=O)c(O)c2[C@H]2C=CCC[C@H]21.CC(C)(Cl)CCC[C@]1(C)Oc2cc(COC(=O)C(F)(F)F)c(C=O)c(O)c2[C@H]2C=CCC[C@H]21,"[{""product_label"": ""62b"", ""product_labels"": [""62b"", ""epi-62b""], ""percent"": 72, ""from_label"": ""61a"", ""from_labels"": [""61a"", ""epi-61a""], ""scope"": ""Combined isolated product group; no allocation to individual isomers or internal operations""}]",forward_synthesis,"[{""source_id"": ""si"", ""sha256"": ""77ca64d52640da8402d0acdf5b1cb49dbf47440fdf01240b5a757ab389d9d33e"", ""pages"": [77, 78], ""locator"": ""SI PDF page: E21 preparation""}, {""source_id"": ""main"", ""sha256"": ""8473912c3d1c0d0dcdcfe8bf3888ee09b33d314c9bbc81468b0d1a7d686728f0"", ""pages"": [6, 7], ""locator"": ""Main preparation schemes: E21 preparation""}]",pending_independent_chemist_review,"Substrate-product graph sequence, not atom balanced; inferred internal stage graphs explicitly distinguished",False,False,C7-prime epimers 86:14 in scheme,,
E22,"[""58""]","[""64"", ""epi-64""]","[""E22.1"", ""E22.2"", ""E22.3""]",CC(C)=CCC[C@@](C)(O)[C@@H]1CCC=C[C@@H]1c1c(O)cc(CO)cc1O>>CC(C)(Cl)CCC[C@@]1(C)Oc2cc3c(c(O)c2[C@H]2C=CCC[C@H]21)C(=O)OC3.CC(C)(Cl)CCC[C@]1(C)Oc2cc3c(c(O)c2[C@H]2C=CCC[C@H]21)C(=O)OC3,"[{""product_label"": ""64"", ""product_labels"": [""64"", ""epi-64""], ""percent"": 59, ""from_label"": ""58"", ""from_labels"": [""58""], ""scope"": ""Combined isolated product group; no allocation to individual isomers or internal operations""}]",forward_synthesis,"[{""source_id"": ""si"", ""sha256"": ""77ca64d52640da8402d0acdf5b1cb49dbf47440fdf01240b5a757ab389d9d33e"", ""pages"": [78, 79], ""locator"": ""SI PDF page: E22 preparation""}, {""source_id"": ""main"", ""sha256"": ""8473912c3d1c0d0dcdcfe8bf3888ee09b33d314c9bbc81468b0d1a7d686728f0"", ""pages"": [6, 7], ""locator"": ""Main preparation schemes: E22 preparation""}]",pending_independent_chemist_review,"Substrate-product graph sequence, not atom balanced; inferred internal stage graphs explicitly distinguished",False,False,64:epi-64 6:1; 59% over three operations,,
E23,"[""64""]","[""65"", ""66""]","[""E23.1"", ""E23.2""]",CC(C)(Cl)CCC[C@]1(C)Oc2cc3c(c(O)c2[C@H]2C=CCC[C@H]21)C(=O)OC3>>CC(C)(Cl)CCC[C@]1(C)Oc2cc3c(c(O)c2[C@H]2[C@H]4O[C@H]4CC[C@H]21)C(=O)OC3.CC(C)(Cl)CCC[C@]1(C)Oc2cc3c(c4c2[C@H]2[C@@H](O4)[C@H](O)CC[C@H]21)C(=O)OC3,"[{""product_label"": ""65"", ""product_labels"": [""65""], ""percent"": 66, ""from_label"": ""64"", ""from_labels"": [""64""], ""scope"": ""Isolated product; not internal-stage yield""}, {""product_label"": ""66"", ""product_labels"": [""66""], ""percent"": 27, ""from_label"": ""64"", ""from_labels"": [""64""], ""scope"": ""Isolated product; not internal-stage yield""}]",forward_synthesis,"[{""source_id"": ""si"", ""sha256"": ""77ca64d52640da8402d0acdf5b1cb49dbf47440fdf01240b5a757ab389d9d33e"", ""pages"": [80, 81], ""locator"": ""SI PDF page: E23 preparation""}, {""source_id"": ""main"", ""sha256"": ""8473912c3d1c0d0dcdcfe8bf3888ee09b33d314c9bbc81468b0d1a7d686728f0"", ""pages"": [6, 7], ""locator"": ""Main preparation schemes: E23 preparation""}]",pending_independent_chemist_review,"Substrate-product graph sequence, not atom balanced; inferred internal stage graphs explicitly distinguished",False,False,,,
E24,"[""65""]","[""67"", ""exo-67""]","[""E24.1""]",CC(C)(Cl)CCC[C@]1(C)Oc2cc3c(c4c2[C@H]2[C@@H](O4)[C@H](O)CC[C@H]21)C(=O)OC3>>C=C(C)CCC[C@]1(C)Oc2cc3c(c4c2[C@H]2[C@@H](O4)[C@H](O)CC[C@H]21)C(=O)OC3.CC(C)=CCC[C@]1(C)Oc2cc3c(c4c2[C@H]2[C@@H](O4)[C@H](O)CC[C@H]21)C(=O)OC3,"[{""product_label"": ""67"", ""product_labels"": [""67"", ""exo-67""], ""percent"": 84, ""from_label"": ""65"", ""from_labels"": [""65""], ""scope"": ""Combined isolated product group; no allocation to individual isomers or internal operations""}]",forward_synthesis,"[{""source_id"": ""si"", ""sha256"": ""77ca64d52640da8402d0acdf5b1cb49dbf47440fdf01240b5a757ab389d9d33e"", ""pages"": [81, 82], ""locator"": ""SI PDF page: E24 preparation""}, {""source_id"": ""main"", ""sha256"": ""8473912c3d1c0d0dcdcfe8bf3888ee09b33d314c9bbc81468b0d1a7d686728f0"", ""pages"": [6, 7], ""locator"": ""Main preparation schemes: E24 preparation""}]",pending_independent_chemist_review,"Substrate-product graph sequence, not atom balanced; inferred internal stage graphs explicitly distinguished",False,False,"67:exo-67 1.6:1 SI, 2:1 main",,
E25,"[""exo-67""]","[""65""]","[""E25.1""]",C=C(C)CCC[C@]1(C)Oc2cc3c(c4c2[C@H]2[C@@H](O4)[C@H](O)CC[C@H]21)C(=O)OC3>>CC(C)(Cl)CCC[C@]1(C)Oc2cc3c(c4c2[C@H]2[C@@H](O4)[C@H](O)CC[C@H]21)C(=O)OC3,"[{""product_label"": ""65"", ""percent"": 81, ""from_label"": ""exo-67"", ""scope"": ""overall preparation yield; not allocated to internal stages""}]",forward_synthesis,"[{""source_id"": ""si"", ""sha256"": ""77ca64d52640da8402d0acdf5b1cb49dbf47440fdf01240b5a757ab389d9d33e"", ""pages"": [83], ""locator"": ""SI PDF page: E25 preparation""}, {""source_id"": ""main"", ""sha256"": ""8473912c3d1c0d0dcdcfe8bf3888ee09b33d314c9bbc81468b0d1a7d686728f0"", ""pages"": [6, 7], ""locator"": ""Main preparation schemes: E25 preparation""}]",pending_independent_chemist_review,"Substrate-product graph sequence, not atom balanced; inferred internal stage graphs explicitly distinguished",False,False,,,
E26,"[""67""]","[""SI22""]","[""E26.1""]",CC(C)=CCC[C@]1(C)Oc2cc3c(c4c2[C@H]2[C@@H](O4)[C@H](O)CC[C@H]21)C(=O)OC3>>CC(C)=CCC[C@]1(C)Oc2cc3c(c4c2[C@@H]2[C@H]1CCC(=O)[C@@H]2O4)C(=O)OC3,"[{""product_label"": ""SI22"", ""percent"": 90, ""from_label"": ""67"", ""scope"": ""overall preparation yield; not allocated to internal stages""}]",forward_synthesis,"[{""source_id"": ""si"", ""sha256"": ""77ca64d52640da8402d0acdf5b1cb49dbf47440fdf01240b5a757ab389d9d33e"", ""pages"": [83, 84], ""locator"": ""SI PDF page: E26 preparation""}, {""source_id"": ""main"", ""sha256"": ""8473912c3d1c0d0dcdcfe8bf3888ee09b33d314c9bbc81468b0d1a7d686728f0"", ""pages"": [6, 7], ""locator"": ""Main preparation schemes: E26 preparation""}]",pending_independent_chemist_review,"Substrate-product graph sequence, not atom balanced; inferred internal stage graphs explicitly distinguished",False,False,,,
E27,"[""SI22""]","[""3""]","[""E27.1""]",CC(C)=CCC[C@]1(C)Oc2cc3c(c4c2[C@@H]2[C@H]1CCC(=O)[C@@H]2O4)C(=O)OC3>>CC(C)=CCC[C@]1(C)Oc2cc3c(c4c2[C@H]2[C@@H](O4)[C@@](C)(O)CC[C@H]21)C(=O)OC3,"[{""product_label"": ""3"", ""percent"": 85, ""from_label"": ""SI22"", ""scope"": ""overall preparation yield; not allocated to internal stages""}]",forward_synthesis,"[{""source_id"": ""si"", ""sha256"": ""77ca64d52640da8402d0acdf5b1cb49dbf47440fdf01240b5a757ab389d9d33e"", ""pages"": [84, 85], ""locator"": ""SI PDF page: E27 preparation""}, {""source_id"": ""main"", ""sha256"": ""8473912c3d1c0d0dcdcfe8bf3888ee09b33d314c9bbc81468b0d1a7d686728f0"", ""pages"": [6, 7], ""locator"": ""Main preparation schemes: E27 preparation""}]",pending_independent_chemist_review,"Substrate-product graph sequence, not atom balanced; inferred internal stage graphs explicitly distinguished",False,False,,,
E28,"[""3""]","[""1""]","[""E28.1"", ""E28.2""]",CC(C)=CCC[C@]1(C)Oc2cc3c(c4c2[C@H]2[C@@H](O4)[C@@](C)(O)CC[C@H]21)C(=O)OC3>>CC(C)=CCC[C@]1(C)Oc2cc(C=O)c(C=O)c3c2[C@H]2[C@@H](O3)[C@@](C)(O)CC[C@H]21,"[{""product_label"": ""1"", ""percent"": 72, ""from_label"": ""3"", ""scope"": ""overall preparation yield; not allocated to internal stages""}]",forward_synthesis,"[{""source_id"": ""si"", ""sha256"": ""77ca64d52640da8402d0acdf5b1cb49dbf47440fdf01240b5a757ab389d9d33e"", ""pages"": [85, 86], ""locator"": ""SI PDF page: E28 preparation""}, {""source_id"": ""main"", ""sha256"": ""8473912c3d1c0d0dcdcfe8bf3888ee09b33d314c9bbc81468b0d1a7d686728f0"", ""pages"": [6, 7], ""locator"": ""Main preparation schemes: E28 preparation""}]",pending_independent_chemist_review,"Substrate-product graph sequence, not atom balanced; inferred internal stage graphs explicitly distinguished",False,False,,,
