event_id,reactant_labels,product_labels,substrate_product_smiles,category,source_references,reported_yields,step_ids,smiles_scope,drawn_mechanistic_intermediate_labels,review_status,formal_benchmark_eligible,admission_authority
E01,"[""S1""]","[""S2""]",N[C@@H](CO)Cc1ccccc1>>S=C1N[C@H](Cc2ccccc2)CS1,reference_preparation,"[{""source_id"": ""archive-001"", ""sha256"": ""9c776a9a888937f07252254df464d12c299c7b933c4414ae6815604c2dcd5a44"", ""pages"": [], ""locator_kind"": ""native_document_object"", ""locator"": ""SI paragraph 113; word/embeddings/oleObject3.bin; curated reaction E01: S1 -> S2"", ""source_member"": ""word/embeddings/oleObject3.bin"", ""cdx_sha256"": ""1fd84c196c4b68a31dde692026fd2e4b386ecbcb5545510c9a87cd0fa87a63de"", ""embedded_object_sha256"": ""6628f15a492b4c8ac7f21eea2628fa8dde8b144992bd8f0f062baee9654f9fc3"", ""source_image_member"": ""word/media/image3.emf"", ""source_image_sha256"": ""67946e250e0aacdc545d4b603b8bd583661b1c4c9847baf0f86a6c37e95de88c"", ""xml_paragraph_index_1based"": 113}]","[{""product_label"": ""S2"", ""percent"": 90, ""scope"": ""reported isolated event; not an elementary-step yield"", ""from_label"": ""S1""}]","[""E01.1""]","substrates, products and explicitly transcribed organic coupling partners; agents/byproducts not atom-balanced",[],pending_independent_chemist_review,False,False
E02,"[""S2""]","[""S3""]",S=C1N[C@H](Cc2ccccc2)CS1>>CC(=O)N1C(=S)SC[C@H]1Cc1ccccc1,reference_preparation,"[{""source_id"": ""archive-001"", ""sha256"": ""9c776a9a888937f07252254df464d12c299c7b933c4414ae6815604c2dcd5a44"", ""pages"": [], ""locator_kind"": ""native_document_object"", ""locator"": ""SI paragraph 113; word/embeddings/oleObject3.bin; curated reaction E02: S2 -> S3"", ""source_member"": ""word/embeddings/oleObject3.bin"", ""cdx_sha256"": ""1fd84c196c4b68a31dde692026fd2e4b386ecbcb5545510c9a87cd0fa87a63de"", ""embedded_object_sha256"": ""6628f15a492b4c8ac7f21eea2628fa8dde8b144992bd8f0f062baee9654f9fc3"", ""source_image_member"": ""word/media/image3.emf"", ""source_image_sha256"": ""67946e250e0aacdc545d4b603b8bd583661b1c4c9847baf0f86a6c37e95de88c"", ""xml_paragraph_index_1based"": 113}]","[{""product_label"": ""S3"", ""percent"": 95, ""scope"": ""reported isolated event; not an elementary-step yield"", ""from_label"": ""S2""}]","[""E02.1""]","substrates, products and explicitly transcribed organic coupling partners; agents/byproducts not atom-balanced",[],pending_independent_chemist_review,False,False
E03,"[""S3"", ""S4""]","[""S5""]",C=CC=O.CC(=O)N1C(=S)SC[C@H]1Cc1ccccc1>>C=C[C@@H](O)CC(=O)N1C(=S)SC[C@H]1Cc1ccccc1,reference_preparation,"[{""source_id"": ""archive-001"", ""sha256"": ""9c776a9a888937f07252254df464d12c299c7b933c4414ae6815604c2dcd5a44"", ""pages"": [], ""locator_kind"": ""native_document_object"", ""locator"": ""SI paragraph 113; word/embeddings/oleObject3.bin; curated reaction E03: S3,S4 -> S5"", ""source_member"": ""word/embeddings/oleObject3.bin"", ""cdx_sha256"": ""1fd84c196c4b68a31dde692026fd2e4b386ecbcb5545510c9a87cd0fa87a63de"", ""embedded_object_sha256"": ""6628f15a492b4c8ac7f21eea2628fa8dde8b144992bd8f0f062baee9654f9fc3"", ""source_image_member"": ""word/media/image3.emf"", ""source_image_sha256"": ""67946e250e0aacdc545d4b603b8bd583661b1c4c9847baf0f86a6c37e95de88c"", ""xml_paragraph_index_1based"": 113}]","[{""product_label"": ""S5"", ""percent"": 70, ""scope"": ""reported isolated event; not an elementary-step yield"", ""from_label"": ""S3""}]","[""E03.1""]","substrates, products and explicitly transcribed organic coupling partners; agents/byproducts not atom-balanced",[],pending_independent_chemist_review,False,False
E04,"[""S5""]","[""S6""]",C=C[C@@H](O)CC(=O)N1C(=S)SC[C@H]1Cc1ccccc1>>C=C[C@@H](O)CC(=O)N(C)OC,reference_preparation,"[{""source_id"": ""archive-001"", ""sha256"": ""9c776a9a888937f07252254df464d12c299c7b933c4414ae6815604c2dcd5a44"", ""pages"": [], ""locator_kind"": ""native_document_object"", ""locator"": ""SI paragraph 113; word/embeddings/oleObject3.bin; curated reaction E04: S5 -> S6"", ""source_member"": ""word/embeddings/oleObject3.bin"", ""cdx_sha256"": ""1fd84c196c4b68a31dde692026fd2e4b386ecbcb5545510c9a87cd0fa87a63de"", ""embedded_object_sha256"": ""6628f15a492b4c8ac7f21eea2628fa8dde8b144992bd8f0f062baee9654f9fc3"", ""source_image_member"": ""word/media/image3.emf"", ""source_image_sha256"": ""67946e250e0aacdc545d4b603b8bd583661b1c4c9847baf0f86a6c37e95de88c"", ""xml_paragraph_index_1based"": 113}]","[{""product_label"": ""S6"", ""percent"": 85, ""scope"": ""reported isolated event; not an elementary-step yield"", ""from_label"": ""S5""}]","[""E04.1""]","substrates, products and explicitly transcribed organic coupling partners; agents/byproducts not atom-balanced",[],pending_independent_chemist_review,False,False
E05,"[""S6""]","[""15""]",C=C[C@@H](O)CC(=O)N(C)OC>>C=C[C@@H](O)CC(C)=O,reference_preparation,"[{""source_id"": ""archive-001"", ""sha256"": ""9c776a9a888937f07252254df464d12c299c7b933c4414ae6815604c2dcd5a44"", ""pages"": [], ""locator_kind"": ""native_document_object"", ""locator"": ""SI paragraph 113; word/embeddings/oleObject3.bin; curated reaction E05: S6 -> 15"", ""source_member"": ""word/embeddings/oleObject3.bin"", ""cdx_sha256"": ""1fd84c196c4b68a31dde692026fd2e4b386ecbcb5545510c9a87cd0fa87a63de"", ""embedded_object_sha256"": ""6628f15a492b4c8ac7f21eea2628fa8dde8b144992bd8f0f062baee9654f9fc3"", ""source_image_member"": ""word/media/image3.emf"", ""source_image_sha256"": ""67946e250e0aacdc545d4b603b8bd583661b1c4c9847baf0f86a6c37e95de88c"", ""xml_paragraph_index_1based"": 113}]","[{""product_label"": ""15"", ""percent"": 80, ""scope"": ""reported isolated event; not an elementary-step yield"", ""from_label"": ""S6""}]","[""E05.1""]","substrates, products and explicitly transcribed organic coupling partners; agents/byproducts not atom-balanced",[],pending_independent_chemist_review,False,False
E06,"[""15""]","[""17""]",C=C[C@@H](O)CC(C)=O>>C#CC[C@](C)(O)C[C@@H](C=C)O[Si](C)(C)C(C)(C)C,main_route,"[{""source_id"": ""archive-001"", ""sha256"": ""9c776a9a888937f07252254df464d12c299c7b933c4414ae6815604c2dcd5a44"", ""pages"": [], ""locator_kind"": ""native_document_object"", ""locator"": ""SI paragraph 126; word/embeddings/oleObject4.bin; curated reaction E06: 15 -> 17"", ""source_member"": ""word/embeddings/oleObject4.bin"", ""cdx_sha256"": ""a9e9380868c688e327d2bd01ffdb9d90831dfc40bc9d79e83337638f33ffedfd"", ""embedded_object_sha256"": ""7cc19e17d88127cb99afcc3be47d5fcded024599e554e91170f93566b9f0d925"", ""source_image_member"": ""word/media/image4.emf"", ""source_image_sha256"": ""86167a94c8138a3b8f890607cbb042e25b440930b273ee9509c6d3167abd049b"", ""xml_paragraph_index_1based"": 126}]","[{""product_label"": ""17"", ""percent"": 53, ""scope"": ""reported isolated event; not an elementary-step yield"", ""from_label"": ""15""}]","[""E06.1""]","substrates, products and explicitly transcribed organic coupling partners; agents/byproducts not atom-balanced",[],pending_independent_chemist_review,False,False
E07,"[""17""]","[""14""]",C#CC[C@](C)(O)C[C@@H](C=C)O[Si](C)(C)C(C)(C)C>>C=C[C@H](C[C@@]1(C)CC(=O)CO1)O[Si](C)(C)C(C)(C)C,main_route,"[{""source_id"": ""archive-001"", ""sha256"": ""9c776a9a888937f07252254df464d12c299c7b933c4414ae6815604c2dcd5a44"", ""pages"": [], ""locator_kind"": ""native_document_object"", ""locator"": ""SI paragraph 136; word/embeddings/oleObject5.bin; curated reaction E07: 17 -> 14"", ""source_member"": ""word/embeddings/oleObject5.bin"", ""cdx_sha256"": ""23433abc125ecd834957b33b5d0aa41b378a9af968b2708ba448a33585ca8ffe"", ""embedded_object_sha256"": ""e064954bf4fd8f346ecc07244b1784ec328dd217cfb7532d57ee8f398e0c8a68"", ""source_image_member"": ""word/media/image5.emf"", ""source_image_sha256"": ""db1080ae365aba6b77a5b224fb6ad557bd1d41a9009e92bb128aeec45ce7c4ff"", ""xml_paragraph_index_1based"": 136}]","[{""product_label"": ""14"", ""percent"": 66, ""scope"": ""reported isolated event; not an elementary-step yield"", ""from_label"": ""17""}]","[""E07.1""]","substrates, products and explicitly transcribed organic coupling partners; agents/byproducts not atom-balanced",[],pending_independent_chemist_review,False,False
E08,"[""14""]","[""19""]",C=C[C@H](C[C@@]1(C)CC(=O)CO1)O[Si](C)(C)C(C)(C)C>>C=C[C@H](C[C@@]1(C)C=C(OS(=O)(=O)C(F)(F)F)CO1)O[Si](C)(C)C(C)(C)C,main_route,"[{""source_id"": ""archive-001"", ""sha256"": ""9c776a9a888937f07252254df464d12c299c7b933c4414ae6815604c2dcd5a44"", ""pages"": [], ""locator_kind"": ""native_document_object"", ""locator"": ""SI paragraph 145; word/embeddings/oleObject6.bin; curated reaction E08: 14 -> 19"", ""source_member"": ""word/embeddings/oleObject6.bin"", ""cdx_sha256"": ""f8449b7c0235cbbdf9e7cc73ff0eecffeba5d0e08a0f63ece1b79126a85076f6"", ""embedded_object_sha256"": ""a4c1c7b6e0143def988b21ab476df4fd4311c17bde97527f8a253fc01444a945"", ""source_image_member"": ""word/media/image6.emf"", ""source_image_sha256"": ""c586babd76849e6d2fdcdf15aeef63108504cef92752e15942d8cba80299d7cf"", ""xml_paragraph_index_1based"": 145}]","[{""product_label"": ""19"", ""percent"": 77, ""scope"": ""reported isolated event; not an elementary-step yield"", ""from_label"": ""14""}]","[""E08.1""]","substrates, products and explicitly transcribed organic coupling partners; agents/byproducts not atom-balanced",[],pending_independent_chemist_review,False,False
E09,"[""19"", ""20""]","[""13""]",C=C[C@H](C[C@@]1(C)C=C(OS(=O)(=O)C(F)(F)F)CO1)O[Si](C)(C)C(C)(C)C.CC1(C)OB(C2=CCCCC2)OC1(C)C>>C=C[C@@H](O)C[C@@]1(C)C=C(C2=CCCCC2)CO1,main_route,"[{""source_id"": ""archive-001"", ""sha256"": ""9c776a9a888937f07252254df464d12c299c7b933c4414ae6815604c2dcd5a44"", ""pages"": [], ""locator_kind"": ""native_document_object"", ""locator"": ""SI paragraph 154; word/embeddings/oleObject7.bin; curated reaction E09: 19,20 -> 13"", ""source_member"": ""word/embeddings/oleObject7.bin"", ""cdx_sha256"": ""114e1974c9a295bb77e142a04c66daff1be7db9a43353d1238f598056f9071a9"", ""embedded_object_sha256"": ""1fea28aeb20726fe67c9bfc6672498d00f8c3b4efdafbfbf0d41bd4c3f12b6b5"", ""source_image_member"": ""word/media/image7.emf"", ""source_image_sha256"": ""bed7522fbb55ff63124b9762765d2eb9f87136c0bcb460f9dfecd74f5cbeb2d8"", ""xml_paragraph_index_1based"": 154}]","[{""product_label"": ""13"", ""percent"": 50, ""scope"": ""reported isolated event; not an elementary-step yield"", ""from_label"": ""19""}]","[""E09.1""]","substrates, products and explicitly transcribed organic coupling partners; agents/byproducts not atom-balanced",[],pending_independent_chemist_review,False,False
E10,"[""13"", ""21""]","[""22""]",C=CC(=O)O.C=C[C@@H](O)C[C@@]1(C)C=C(C2=CCCCC2)CO1>>C=CC(=O)O[C@H](C=C)C[C@@]1(C)C=C(C2=CCCCC2)CO1,main_route,"[{""source_id"": ""archive-001"", ""sha256"": ""9c776a9a888937f07252254df464d12c299c7b933c4414ae6815604c2dcd5a44"", ""pages"": [], ""locator_kind"": ""native_document_object"", ""locator"": ""SI paragraph 163; word/embeddings/oleObject8.bin; curated reaction E10: 13,21 -> 22"", ""source_member"": ""word/embeddings/oleObject8.bin"", ""cdx_sha256"": ""49fb26b0295350cba4761df1e371234b6217e45123e4764517fbf9dbf1f28ac7"", ""embedded_object_sha256"": ""7defb62e0f967d61ce5cc12c43fb6b8f924d7368dcbefd6e32596a28e9bccf5f"", ""source_image_member"": ""word/media/image8.emf"", ""source_image_sha256"": ""da96404ad32d548e3161fa60b73617c6faf59719b67999b7d495d3588f57765d"", ""xml_paragraph_index_1based"": 163}]","[{""product_label"": ""22"", ""percent"": 85, ""scope"": ""reported isolated event; not an elementary-step yield"", ""from_label"": ""13""}]","[""E10.1""]","substrates, products and explicitly transcribed organic coupling partners; agents/byproducts not atom-balanced",[],pending_independent_chemist_review,False,False
E11,"[""22""]","[""12""]",C=CC(=O)O[C@H](C=C)C[C@@]1(C)C=C(C2=CCCCC2)CO1>>C[C@]1(C[C@H]2C=CC(=O)O2)C=C(C2=CCCCC2)CO1,main_route,"[{""source_id"": ""archive-001"", ""sha256"": ""9c776a9a888937f07252254df464d12c299c7b933c4414ae6815604c2dcd5a44"", ""pages"": [], ""locator_kind"": ""native_document_object"", ""locator"": ""SI paragraph 172; word/embeddings/oleObject9.bin; curated reaction E11: 22 -> 12"", ""source_member"": ""word/embeddings/oleObject9.bin"", ""cdx_sha256"": ""909c9530052d88d323901e8a3b02dd045e0e45e2f424a0e02e704bac9cdb9c56"", ""embedded_object_sha256"": ""41f82ec9e28c17ccf01b96b989daa4d82c43478a79d039604825271abadadd84"", ""source_image_member"": ""word/media/image9.emf"", ""source_image_sha256"": ""9916cbecedf6f0b3bb9d1ef4132e4893bb1582f4a785854f417dacad524a09b7"", ""xml_paragraph_index_1based"": 172}]","[{""product_label"": ""12"", ""percent"": 88, ""scope"": ""reported isolated event; not an elementary-step yield"", ""from_label"": ""22""}]","[""E11.1""]","substrates, products and explicitly transcribed organic coupling partners; agents/byproducts not atom-balanced",[],pending_independent_chemist_review,False,False
E12,"[""12""]","[""23""]",C[C@]1(C[C@H]2C=CC(=O)O2)C=C(C2=CCCCC2)CO1>>C[C@@]12C[C@@H]3OC(=O)[C@H]4[C@@H]3[C@@H]1C(=C1CCCC[C@H]14)CO2,main_route,"[{""source_id"": ""archive-001"", ""sha256"": ""9c776a9a888937f07252254df464d12c299c7b933c4414ae6815604c2dcd5a44"", ""pages"": [], ""locator_kind"": ""native_document_object"", ""locator"": ""SI paragraph 181; word/embeddings/oleObject10.bin; curated reaction E12: 12 -> 23"", ""source_member"": ""word/embeddings/oleObject10.bin"", ""cdx_sha256"": ""061e664861e93794f49498f9044bc661511fa78ed6348d9d70d079b4f15e9bbe"", ""embedded_object_sha256"": ""588dadc124b628c3831cf9bcad753350feea49eba562747281872f7495f79317"", ""source_image_member"": ""word/media/image10.emf"", ""source_image_sha256"": ""37ef7d0ff7fbffac241f5a2f98aead5acc484c0a06381bc609949c83687baf90"", ""xml_paragraph_index_1based"": 181}]","[{""product_label"": ""23"", ""percent"": 72, ""scope"": ""reported isolated event; not an elementary-step yield"", ""from_label"": ""12""}]","[""E12.1""]","substrates, products and explicitly transcribed organic coupling partners; agents/byproducts not atom-balanced",[],pending_independent_chemist_review,False,False
E13,"[""23""]","[""11""]",C[C@@]12C[C@@H]3OC(=O)[C@H]4[C@@H]3[C@@H]1C(=C1CCCC[C@H]14)CO2>>C[C@@]12C[C@@H]3OC(=O)[C@H]4[C@@H]3[C@@H]1C(=C1C(=O)CCC[C@H]14)CO2,main_route,"[{""source_id"": ""archive-001"", ""sha256"": ""9c776a9a888937f07252254df464d12c299c7b933c4414ae6815604c2dcd5a44"", ""pages"": [], ""locator_kind"": ""native_document_object"", ""locator"": ""SI paragraph 193; word/embeddings/oleObject11.bin; curated reaction E13: 23 -> 11"", ""source_member"": ""word/embeddings/oleObject11.bin"", ""cdx_sha256"": ""37105f38362f473e34581dbcc5674ef9f67786ab9f688a855158a2aebf61e2c1"", ""embedded_object_sha256"": ""41153c9aa48264f4374cae5194d190ea5559dff75c9ec2f76ba68d7a18f8e9c0"", ""source_image_member"": ""word/media/image11.emf"", ""source_image_sha256"": ""3f08edec2130fc5dd55737107a6ffafbe3f07a150c3ab70ffb219ede6255a32d"", ""xml_paragraph_index_1based"": 193}]","[{""product_label"": ""11"", ""percent"": 70, ""scope"": ""reported isolated event; not an elementary-step yield"", ""from_label"": ""23""}]","[""E13.1""]","substrates, products and explicitly transcribed organic coupling partners; agents/byproducts not atom-balanced",[],pending_independent_chemist_review,False,False
E14,"[""11""]","[""27""]",C[C@@]12C[C@@H]3OC(=O)[C@H]4[C@@H]3[C@@H]1C(=C1C(=O)CCC[C@H]14)CO2>>C[C@@]12C[C@@H]3OC(=O)[C@H]4[C@@H]3[C@@H]1C(=C1C(=O)CCC[C@H]14)[C@@H](O)O2,main_route,"[{""source_id"": ""archive-001"", ""sha256"": ""9c776a9a888937f07252254df464d12c299c7b933c4414ae6815604c2dcd5a44"", ""pages"": [], ""locator_kind"": ""native_document_object"", ""locator"": ""SI paragraph 203; word/embeddings/oleObject12.bin; curated reaction E14: 11 -> 27"", ""source_member"": ""word/embeddings/oleObject12.bin"", ""cdx_sha256"": ""4200bdc2b030b3c102a15f32709c6ff71cbf7459bcdf966ae99ffc2e1e6fff9e"", ""embedded_object_sha256"": ""a5b9aa41998e076f23cce4a1ebbf306f4f7627981ed8e074edc4392394bd22fb"", ""source_image_member"": ""word/media/image12.emf"", ""source_image_sha256"": ""c87b959c09d9ad437016c9379dea66c7885a5a12a56dcec6655807c4bf545915"", ""xml_paragraph_index_1based"": 203}]","[{""product_label"": ""27"", ""percent"": 62, ""scope"": ""reported isolated event; not an elementary-step yield"", ""from_label"": ""11""}]","[""E14.1""]","substrates, products and explicitly transcribed organic coupling partners; agents/byproducts not atom-balanced",[],pending_independent_chemist_review,False,False
E15,"[""27""]","[""29""]",C[C@@]12C[C@@H]3OC(=O)[C@H]4[C@@H]3[C@@H]1C(=C1C(=O)CCC[C@H]14)[C@@H](O)O2>>C[C@@]12C[C@@H]3OC(=O)[C@H]4[C@@H]3[C@@H]1[C@H](C1C(=O)CCC[C@H]14)[C@@H](O)O2,main_route,"[{""source_id"": ""archive-001"", ""sha256"": ""9c776a9a888937f07252254df464d12c299c7b933c4414ae6815604c2dcd5a44"", ""pages"": [], ""locator_kind"": ""native_document_object"", ""locator"": ""SI paragraph 222; word/embeddings/oleObject14.bin; curated reaction E15: 27 -> 29"", ""source_member"": ""word/embeddings/oleObject14.bin"", ""cdx_sha256"": ""435f8901c84c46ad34f14b5ea73e994027754f15e6bf158840e986f8ebb147df"", ""embedded_object_sha256"": ""a5fa0f6e79b92edcfe817bf55141dee572f07cb7c497f76da7ed7da3b031064b"", ""source_image_member"": ""word/media/image14.emf"", ""source_image_sha256"": ""f2e6899ebfb72d63e0689d096a1cbdfb3d0f63475532b58e01882baeeab05b29"", ""xml_paragraph_index_1based"": 222}]","[{""product_label"": ""29"", ""percent"": 70, ""scope"": ""reported isolated event; not an elementary-step yield"", ""from_label"": ""27""}]","[""E15.1""]","substrates, products and explicitly transcribed organic coupling partners; agents/byproducts not atom-balanced",[],pending_independent_chemist_review,False,False
E16,"[""29""]","[""10""]",C[C@@]12C[C@@H]3OC(=O)[C@H]4[C@@H]3[C@@H]1[C@H](C1C(=O)CCC[C@H]14)[C@@H](O)O2>>C[C@@]12C[C@@H]3OC(=O)[C@H]4[C@@H]3[C@@H]1C(=CO2)C1C(=O)CCC[C@H]14,main_route,"[{""source_id"": ""archive-001"", ""sha256"": ""9c776a9a888937f07252254df464d12c299c7b933c4414ae6815604c2dcd5a44"", ""pages"": [], ""locator_kind"": ""native_document_object"", ""locator"": ""SI paragraph 232; word/embeddings/oleObject15.bin; curated reaction E16: 29 -> 10"", ""source_member"": ""word/embeddings/oleObject15.bin"", ""cdx_sha256"": ""bec8ed5a7521d9cac49188294338d9280b4a196ce2aa2ed9d0ebbea254a5113f"", ""embedded_object_sha256"": ""3566cff0dd933bbc4ba362d220b121568d1c2ecb92da45b0fd25c3ebf3a66895"", ""source_image_member"": ""word/media/image15.emf"", ""source_image_sha256"": ""d95fa4a501b2463ce0437fadb1345089e6a56b438faed047dbf5ae6fce78df00"", ""xml_paragraph_index_1based"": 232}]","[{""product_label"": ""10"", ""percent"": 56, ""scope"": ""reported isolated event; not an elementary-step yield"", ""from_label"": ""29""}]","[""E16.1""]","substrates, products and explicitly transcribed organic coupling partners; agents/byproducts not atom-balanced",[],pending_independent_chemist_review,False,False
E17,"[""10""]","[""31""]",C[C@@]12C[C@@H]3OC(=O)[C@H]4[C@@H]3[C@@H]1C(=CO2)C1C(=O)CCC[C@H]14>>C[C@]12C[C@@H]3OC(=O)[C@@H]4[C@@H]5CCCC(=O)[C@H]5[C@H](O1)C(=O)[C@H]2[C@@H]43,main_route,"[{""source_id"": ""archive-001"", ""sha256"": ""9c776a9a888937f07252254df464d12c299c7b933c4414ae6815604c2dcd5a44"", ""pages"": [], ""locator_kind"": ""native_document_object"", ""locator"": ""SI paragraph 232; word/embeddings/oleObject15.bin; curated reaction E17: 10 -> 31"", ""source_member"": ""word/embeddings/oleObject15.bin"", ""cdx_sha256"": ""bec8ed5a7521d9cac49188294338d9280b4a196ce2aa2ed9d0ebbea254a5113f"", ""embedded_object_sha256"": ""3566cff0dd933bbc4ba362d220b121568d1c2ecb92da45b0fd25c3ebf3a66895"", ""source_image_member"": ""word/media/image15.emf"", ""source_image_sha256"": ""d95fa4a501b2463ce0437fadb1345089e6a56b438faed047dbf5ae6fce78df00"", ""xml_paragraph_index_1based"": 232}]","[{""product_label"": ""31"", ""percent"": 32, ""scope"": ""reported isolated event; not an elementary-step yield"", ""from_label"": ""10""}]","[""E17.1""]","substrates, products and explicitly transcribed organic coupling partners; agents/byproducts not atom-balanced","[""30""]",pending_independent_chemist_review,False,False
E18,"[""31""]","[""32""]",C[C@]12C[C@@H]3OC(=O)[C@@H]4[C@@H]5CCCC(=O)[C@H]5[C@H](O1)C(=O)[C@H]2[C@@H]43>>C[C@]12C[C@@H]3OC(=O)[C@@H]4[C@@H]5CC=CC(=O)[C@H]5[C@H](O1)C(=O)[C@H]2[C@@H]43,main_route,"[{""source_id"": ""archive-001"", ""sha256"": ""9c776a9a888937f07252254df464d12c299c7b933c4414ae6815604c2dcd5a44"", ""pages"": [], ""locator_kind"": ""native_document_object"", ""locator"": ""SI paragraph 243; word/embeddings/oleObject16.bin; curated reaction E18: 31 -> 32"", ""source_member"": ""word/embeddings/oleObject16.bin"", ""cdx_sha256"": ""4c0f51845b46a64658a978b6a04b00d3cb679bab8d8a978543a76822acb7124a"", ""embedded_object_sha256"": ""6af34d3b4f81b31ad8e2b26c0ee1bbeb95ecf64721199ada7950b93a7ca9edf3"", ""source_image_member"": ""word/media/image16.emf"", ""source_image_sha256"": ""a861a4499142920e0bc4507b65deaefc2d12d591e3de706ce98e11780813679a"", ""xml_paragraph_index_1based"": 243}]","[{""product_label"": ""32"", ""percent"": 78, ""scope"": ""reported isolated event; not an elementary-step yield"", ""from_label"": ""31""}]","[""E18.1""]","substrates, products and explicitly transcribed organic coupling partners; agents/byproducts not atom-balanced",[],pending_independent_chemist_review,False,False
E19,"[""32"", ""boronate-final""]","[""1""]",C=C(C)B1OC(C)(C)C(C)(C)O1.C[C@]12C[C@@H]3OC(=O)[C@@H]4[C@@H]5CC=CC(=O)[C@H]5[C@H](O1)C(=O)[C@H]2[C@@H]43>>C=C(C)[C@H]1CC(=O)[C@@H]2[C@@H](C1)[C@H]1C(=O)O[C@H]3C[C@@]4(C)O[C@@H]2C(=O)[C@H]4[C@@H]13,main_route,"[{""source_id"": ""archive-001"", ""sha256"": ""9c776a9a888937f07252254df464d12c299c7b933c4414ae6815604c2dcd5a44"", ""pages"": [], ""locator_kind"": ""native_document_object"", ""locator"": ""SI paragraph 253; word/embeddings/oleObject17.bin; curated reaction E19: 32,boronate-final -> 1"", ""source_member"": ""word/embeddings/oleObject17.bin"", ""cdx_sha256"": ""33f329b1b40dcea761cf0881f58693ef661b54babc9be71c2b29b08d872ddcfd"", ""embedded_object_sha256"": ""b5ddb9d2a92ffddb6e55b4562b0c9300e65c63a7542b04a89f1530ecaa082352"", ""source_image_member"": ""word/media/image17.emf"", ""source_image_sha256"": ""188234596eccfd0d690f0212ded4500eef0237fd9f8bc49e0b8635674cb5c73b"", ""xml_paragraph_index_1based"": 253}]","[{""product_label"": ""1"", ""percent"": 65, ""scope"": ""reported isolated event; not an elementary-step yield"", ""from_label"": ""32""}]","[""E19.1""]","substrates, products and explicitly transcribed organic coupling partners; agents/byproducts not atom-balanced",[],pending_independent_chemist_review,False,False
E20,"[""22""]","[""23""]",C=CC(=O)O[C@H](C=C)C[C@@]1(C)C=C(C2=CCCCC2)CO1>>C[C@@]12C[C@@H]3OC(=O)[C@H]4[C@@H]3[C@@H]1C(=C1CCCC[C@H]14)CO2,alternative_one_pot,"[{""source_id"": ""archive-001"", ""sha256"": ""9c776a9a888937f07252254df464d12c299c7b933c4414ae6815604c2dcd5a44"", ""pages"": [], ""locator_kind"": ""native_document_object"", ""locator"": ""SI paragraph 191; word/embeddings/oleObject10.bin; curated reaction E20: 22 -> 23"", ""source_member"": ""word/embeddings/oleObject10.bin"", ""cdx_sha256"": ""061e664861e93794f49498f9044bc661511fa78ed6348d9d70d079b4f15e9bbe"", ""embedded_object_sha256"": ""588dadc124b628c3831cf9bcad753350feea49eba562747281872f7495f79317"", ""source_image_member"": ""word/media/image10.emf"", ""source_image_sha256"": ""37ef7d0ff7fbffac241f5a2f98aead5acc484c0a06381bc609949c83687baf90"", ""xml_paragraph_index_1based"": 191}]","[{""product_label"": ""23"", ""percent"": 55, ""scope"": ""reported isolated event; not an elementary-step yield"", ""from_label"": ""22""}]","[""E20.1""]","substrates, products and explicitly transcribed organic coupling partners; agents/byproducts not atom-balanced",[],pending_independent_chemist_review,False,False
E21,"[""27""]","[""28""]",C[C@@]12C[C@@H]3OC(=O)[C@H]4[C@@H]3[C@@H]1C(=C1C(=O)CCC[C@H]14)[C@@H](O)O2>>CC(C)(C)[Si](C)(C)O[C@H]1O[C@]2(C)C[C@@H]3OC(=O)[C@H]4[C@@H]3[C@@H]2C1=C1C(=O)CCC[C@H]14,characterization_branch,"[{""source_id"": ""archive-001"", ""sha256"": ""9c776a9a888937f07252254df464d12c299c7b933c4414ae6815604c2dcd5a44"", ""pages"": [], ""locator_kind"": ""native_document_object"", ""locator"": ""SI paragraph 212; word/embeddings/oleObject13.bin; curated reaction E21: 27 -> 28"", ""source_member"": ""word/embeddings/oleObject13.bin"", ""cdx_sha256"": ""91db1ce528b430282869384f4ed6789a8e42b3a9cd1c0ae43f2de29f3fba4519"", ""embedded_object_sha256"": ""e989e226dc215d40205859a71bb32e535a79909df238b32c3ac439ca2c95c2e3"", ""source_image_member"": ""word/media/image13.emf"", ""source_image_sha256"": ""4d2886d2b0ceff2c1a522b6249d3d85b3b44acaddd916db3ecf8a8ef01465a88"", ""xml_paragraph_index_1based"": 212}]","[{""product_label"": ""28"", ""percent"": 90, ""scope"": ""reported isolated event; not an elementary-step yield"", ""from_label"": ""27""}]","[""E21.1""]","substrates, products and explicitly transcribed organic coupling partners; agents/byproducts not atom-balanced",[],pending_independent_chemist_review,False,False
