reagents,solvents,yield_scope,operation_stages,event_id,reactant_labels,product_labels,substrate_product_smiles,source_references,reported_yields,step_ids,category,formal_benchmark_eligible,admission_authority,experimental_stage_count,review_status,sequence_yield_percent,recovery_percent,electrochemistry,stoichiometry_note
"[""Na"", ""NaOH"", ""H2SO4""]","[""water""]",Crudeisolated58%; drawnS2retainsmethylesterand2ringCOOH,"[{""stage"": 1, ""description"": ""Condensation/aromatization""}, {""stage"": 2, ""description"": ""Hydrolysis/acidification""}]",A01,"[""S1""]","[""S2""]",COC(=O)CC(=O)CC(=O)OC>>COC(=O)Cc1cc(O)c(C(=O)O)c(O)c1C(=O)O,"[{""source_id"": ""si"", ""sha256"": ""a0d1d069eb22bd74aef66984464ce8eeea182cad4d27623408a91f293486482f"", ""pages"": [6], ""locator"": ""SI drawing/procedure: A01""}]","[{""product_label"": ""S2"", ""percent"": 58, ""from_label"": ""S1"", ""scope"": ""Crudeisolated58%; drawnS2retainsmethylesterand2ringCOOH""}]","[""A01.1""]",forward_synthesis,False,False,2,pending_independent_chemist_review,,,,
"[""H2SO4""]","[""MeOH""]",Crudeproduct; isolatedyieldnotreported,,A02,"[""S2""]","[""S3""]",COC(=O)Cc1cc(O)c(C(=O)O)c(O)c1C(=O)O>>COC(=O)Cc1cc(O)cc(O)c1,"[{""source_id"": ""si"", ""sha256"": ""a0d1d069eb22bd74aef66984464ce8eeea182cad4d27623408a91f293486482f"", ""pages"": [6], ""locator"": ""SI drawing/procedure: A02""}]",[],"[""A02.1""]",forward_synthesis,False,False,1,pending_independent_chemist_review,,,,
"[""TBSCl"", ""Et3N"", ""DMAP""]","[""DCM""]",41%overallbasedonS1 acrossA01-A03;notlaststepyield,,A03,"[""S3""]","[""4""]",COC(=O)Cc1cc(O)cc(O)c1>>COC(=O)Cc1cc(O[Si](C)(C)C(C)(C)C)cc(O[Si](C)(C)C(C)(C)C)c1,"[{""source_id"": ""si"", ""sha256"": ""a0d1d069eb22bd74aef66984464ce8eeea182cad4d27623408a91f293486482f"", ""pages"": [7], ""locator"": ""SI drawing/procedure: A03""}]",[],"[""A03.1""]",forward_synthesis,False,False,1,pending_independent_chemist_review,41,,,
"[""NaHMDS"", ""oxalylchloride"", ""DMF""]","[""THF"", ""benzene""]",,"[{""stage"": 1, ""description"": ""2-Butynoylchloridepreparation""}, {""stage"": 2, ""description"": ""Acylation/enolization""}]",A04,"[""4"", ""2-butynoic-acid""]","[""5"", ""6""]",CC#CC(=O)O.COC(=O)Cc1cc(O[Si](C)(C)C(C)(C)C)cc(O[Si](C)(C)C(C)(C)C)c1>>CC#C/C(O)=C(/C(=O)OC)c1cc(O[Si](C)(C)C(C)(C)C)cc(O[Si](C)(C)C(C)(C)C)c1.CC#CC(=O)O/C(C#CC)=C(\C(=O)OC)c1cc(O[Si](C)(C)C(C)(C)C)cc(O[Si](C)(C)C(C)(C)C)c1,"[{""source_id"": ""si"", ""sha256"": ""a0d1d069eb22bd74aef66984464ce8eeea182cad4d27623408a91f293486482f"", ""pages"": [7, 8], ""locator"": ""SI drawing/procedure: A04""}]","[{""product_label"": ""5"", ""percent"": 85, ""from_label"": ""4"", ""scope"": ""Reported preparation yield; mixture components are not assigned individual yields.""}, {""product_label"": ""6"", ""percent"": 6, ""from_label"": ""4"", ""scope"": ""Reported preparation yield; mixture components are not assigned individual yields.""}]","[""A04.1""]",forward_synthesis,False,False,2,pending_independent_chemist_review,,,,
"[""NaHMDS"", ""oxalylchloride"", ""DMF""]","[""THF"", ""benzene""]",24gphenylacetate4scale,,A04-scale,"[""4"", ""2-butynoic-acid""]","[""5"", ""6""]",CC#CC(=O)O.COC(=O)Cc1cc(O[Si](C)(C)C(C)(C)C)cc(O[Si](C)(C)C(C)(C)C)c1>>CC#C/C(O)=C(/C(=O)OC)c1cc(O[Si](C)(C)C(C)(C)C)cc(O[Si](C)(C)C(C)(C)C)c1.CC#CC(=O)O/C(C#CC)=C(\C(=O)OC)c1cc(O[Si](C)(C)C(C)(C)C)cc(O[Si](C)(C)C(C)(C)C)c1,"[{""source_id"": ""si"", ""sha256"": ""a0d1d069eb22bd74aef66984464ce8eeea182cad4d27623408a91f293486482f"", ""pages"": [8], ""locator"": ""SI drawing/procedure: A04-scale""}]","[{""product_label"": ""5"", ""percent"": 58, ""from_label"": ""4"", ""scope"": ""24gphenylacetate4scale""}, {""product_label"": ""6"", ""percent"": 30, ""from_label"": ""4"", ""scope"": ""24gphenylacetate4scale""}]","[""A04-scale.1""]",forward_synthesis,False,False,1,pending_independent_chemist_review,,,,
"[""K2CO3""]","[""MeOH""]",,,A05,"[""6""]","[""5""]",CC#CC(=O)O/C(C#CC)=C(\C(=O)OC)c1cc(O[Si](C)(C)C(C)(C)C)cc(O[Si](C)(C)C(C)(C)C)c1>>CC#C/C(O)=C(/C(=O)OC)c1cc(O[Si](C)(C)C(C)(C)C)cc(O[Si](C)(C)C(C)(C)C)c1,"[{""source_id"": ""si"", ""sha256"": ""a0d1d069eb22bd74aef66984464ce8eeea182cad4d27623408a91f293486482f"", ""pages"": [8], ""locator"": ""SI drawing/procedure: A05""}]","[{""product_label"": ""5"", ""percent"": 72, ""from_label"": ""6"", ""scope"": ""Reported preparation yield; mixture components are not assigned individual yields.""}]","[""A05.1""]",forward_synthesis,False,False,1,pending_independent_chemist_review,,,,
"[""JohnPhosAu(MeCN)SbF6""]","[""DCM""]",,,A06,"[""5""]","[""7""]",CC#C/C(O)=C(/C(=O)OC)c1cc(O[Si](C)(C)C(C)(C)C)cc(O[Si](C)(C)C(C)(C)C)c1>>COC(=O)c1c(O)cc(C)c2c(O[Si](C)(C)C(C)(C)C)cc(O[Si](C)(C)C(C)(C)C)cc12,"[{""source_id"": ""si"", ""sha256"": ""a0d1d069eb22bd74aef66984464ce8eeea182cad4d27623408a91f293486482f"", ""pages"": [9], ""locator"": ""SI drawing/procedure: A06""}]","[{""product_label"": ""7"", ""percent"": 100, ""from_label"": ""5"", ""scope"": ""Reported preparation yield; mixture components are not assigned individual yields.""}]","[""A06.1""]",forward_synthesis,False,False,1,pending_independent_chemist_review,,,,
"[""MOMCl"", ""SnCl4""]","[""DCM""]",,,B01,"[""7""]","[""1"", ""9""]",COC(=O)c1c(O)cc(C)c2c(O[Si](C)(C)C(C)(C)C)cc(O[Si](C)(C)C(C)(C)C)cc12>>Cc1cc(O)c2c3c(c(O)cc(O)c13)COC2=O.Cc1cc(O)c2c3c(c(O[Si](C)(C)C(C)(C)C)cc(O[Si](C)(C)C(C)(C)C)c13)COC2=O,"[{""source_id"": ""si"", ""sha256"": ""a0d1d069eb22bd74aef66984464ce8eeea182cad4d27623408a91f293486482f"", ""pages"": [15], ""locator"": ""SI drawing/procedure: B01""}]","[{""product_label"": ""1"", ""percent"": 87, ""from_label"": ""7"", ""scope"": ""Reported preparation yield; mixture components are not assigned individual yields.""}, {""product_label"": ""9"", ""percent"": 6, ""from_label"": ""7"", ""scope"": ""Reported preparation yield; mixture components are not assigned individual yields.""}]","[""B01.1""]",forward_synthesis,False,False,1,pending_independent_chemist_review,,,,
"[""MOMCl"", ""AlCl3""]","[""MeNO2""]",,,B02,"[""7""]","[""1"", ""9"", ""10""]",COC(=O)c1c(O)cc(C)c2c(O[Si](C)(C)C(C)(C)C)cc(O[Si](C)(C)C(C)(C)C)cc12>>Cc1cc(O)c2c3c(c(O)cc(O)c13)COC2=O.Cc1cc(O)c2c3c(c(O[Si](C)(C)C(C)(C)C)cc(O)c13)COC2=O.Cc1cc(O)c2c3c(c(O[Si](C)(C)C(C)(C)C)cc(O[Si](C)(C)C(C)(C)C)c13)COC2=O,"[{""source_id"": ""si"", ""sha256"": ""a0d1d069eb22bd74aef66984464ce8eeea182cad4d27623408a91f293486482f"", ""pages"": [13], ""locator"": ""SI drawing/procedure: B02""}]","[{""product_label"": ""1"", ""percent"": 26, ""from_label"": ""7"", ""scope"": ""Reported preparation yield; mixture components are not assigned individual yields.""}, {""product_label"": ""9"", ""percent"": 19, ""from_label"": ""7"", ""scope"": ""Reported preparation yield; mixture components are not assigned individual yields.""}, {""product_label"": ""10"", ""percent"": 26, ""from_label"": ""7"", ""scope"": ""Reported preparation yield; mixture components are not assigned individual yields.""}]","[""B02.1""]",forward_synthesis,False,False,1,pending_independent_chemist_review,,,,
"[""TMSCHN2"", ""DIPEA""]","[""toluene"", ""MeOH""]",,,B03,"[""7""]","[""S4""]",COC(=O)c1c(O)cc(C)c2c(O[Si](C)(C)C(C)(C)C)cc(O[Si](C)(C)C(C)(C)C)cc12>>COC(=O)c1c(OC)cc(C)c2c(O[Si](C)(C)C(C)(C)C)cc(O[Si](C)(C)C(C)(C)C)cc12,"[{""source_id"": ""si"", ""sha256"": ""a0d1d069eb22bd74aef66984464ce8eeea182cad4d27623408a91f293486482f"", ""pages"": [9], ""locator"": ""SI drawing/procedure: B03""}]","[{""product_label"": ""S4"", ""percent"": 95, ""from_label"": ""7"", ""scope"": ""Reported preparation yield; mixture components are not assigned individual yields.""}]","[""B03.1""]",forward_synthesis,False,False,1,pending_independent_chemist_review,,,,
"[""Et3N.3HF""]","[""DCM""]",,,B04,"[""7""]","[""S5""]",COC(=O)c1c(O)cc(C)c2c(O[Si](C)(C)C(C)(C)C)cc(O[Si](C)(C)C(C)(C)C)cc12>>COC(=O)c1c(O)cc(C)c2c(O)cc(O)cc12,"[{""source_id"": ""si"", ""sha256"": ""a0d1d069eb22bd74aef66984464ce8eeea182cad4d27623408a91f293486482f"", ""pages"": [10], ""locator"": ""SI drawing/procedure: B04""}]","[{""product_label"": ""S5"", ""percent"": 100, ""from_label"": ""7"", ""scope"": ""Reported preparation yield; mixture components are not assigned individual yields.""}]","[""B04.1""]",forward_synthesis,False,False,1,pending_independent_chemist_review,,,,
"[""MOMCl"", ""SnCl4""]","[""DCM""]",,,B05,"[""S5""]","[""1""]",COC(=O)c1c(O)cc(C)c2c(O)cc(O)cc12>>Cc1cc(O)c2c3c(c(O)cc(O)c13)COC2=O,"[{""source_id"": ""si"", ""sha256"": ""a0d1d069eb22bd74aef66984464ce8eeea182cad4d27623408a91f293486482f"", ""pages"": [13], ""locator"": ""SI drawing/procedure: B05""}]","[{""product_label"": ""1"", ""percent"": 31, ""from_label"": ""S5"", ""scope"": ""Reported preparation yield; mixture components are not assigned individual yields.""}]","[""B05.1""]",forward_synthesis,False,False,1,pending_independent_chemist_review,,31,,
"[""MOMCl"", ""SnCl4""]","[""DCM""]",,,B06,"[""S4""]","[""S7""]",COC(=O)c1c(OC)cc(C)c2c(O[Si](C)(C)C(C)(C)C)cc(O[Si](C)(C)C(C)(C)C)cc12>>COc1cc(C)c2c(O)cc(O)c3c2c1C(=O)OC3,"[{""source_id"": ""si"", ""sha256"": ""a0d1d069eb22bd74aef66984464ce8eeea182cad4d27623408a91f293486482f"", ""pages"": [17], ""locator"": ""SI drawing/procedure: B06""}]","[{""product_label"": ""S7"", ""percent"": 86, ""from_label"": ""S4"", ""scope"": ""Reported preparation yield; mixture components are not assigned individual yields.""}]","[""B06.1""]",forward_synthesis,False,False,1,pending_independent_chemist_review,,,,
"[""Me3OBF4"", ""proton sponge""]","[""DCM""]",,,B07,"[""10""]","[""S8""]",Cc1cc(O)c2c3c(c(O[Si](C)(C)C(C)(C)C)cc(O)c13)COC2=O>>COc1cc(O[Si](C)(C)C(C)(C)C)c2c3c(c(O)cc(C)c13)C(=O)OC2,"[{""source_id"": ""si"", ""sha256"": ""a0d1d069eb22bd74aef66984464ce8eeea182cad4d27623408a91f293486482f"", ""pages"": [18], ""locator"": ""SI drawing/procedure: B07""}]","[{""product_label"": ""S8"", ""percent"": 60, ""from_label"": ""10"", ""scope"": ""Reported preparation yield; mixture components are not assigned individual yields.""}]","[""B07.1""]",forward_synthesis,False,False,1,pending_independent_chemist_review,,,,
"[""Et3N.3HF""]","[""DCM""]",,,B08,"[""S8""]","[""13""]",COc1cc(O[Si](C)(C)C(C)(C)C)c2c3c(c(O)cc(C)c13)C(=O)OC2>>COc1cc(O)c2c3c(c(O)cc(C)c13)C(=O)OC2,"[{""source_id"": ""si"", ""sha256"": ""a0d1d069eb22bd74aef66984464ce8eeea182cad4d27623408a91f293486482f"", ""pages"": [18], ""locator"": ""SI drawing/procedure: B08""}]","[{""product_label"": ""13"", ""percent"": 100, ""from_label"": ""S8"", ""scope"": ""Reported preparation yield; mixture components are not assigned individual yields.""}]","[""B08.1""]",forward_synthesis,False,False,1,pending_independent_chemist_review,,,,
"[""PIFA""]","[""HFIP"", ""TFE""]",Isolatediodoniumsalt17%;recordedcationcounterionunresolved,,C01,"[""1""]","[""12-cation""]",Cc1cc(O)c2c3c(c(O)cc(O)c13)COC2=O>>Cc1cc(O)c2c3c1C(O)=C([I+]c1ccccc1)C(=O)C3(OCC(F)(F)F)COC2=O,"[{""source_id"": ""si"", ""sha256"": ""a0d1d069eb22bd74aef66984464ce8eeea182cad4d27623408a91f293486482f"", ""pages"": [20], ""locator"": ""SI drawing/procedure: C01""}]","[{""product_label"": ""12-cation"", ""percent"": 17, ""from_label"": ""1"", ""scope"": ""Isolatediodoniumsalt17%;recordedcationcounterionunresolved""}]","[""C01.1""]",forward_synthesis,False,False,1,pending_independent_chemist_review,,,,
"[""PIFA""]","[""HFIP""]",,,C02,"[""13""]","[""14"", ""15""]",COc1cc(O)c2c3c(c(O)cc(C)c13)C(=O)OC2>>COC1=CC(=O)C2(O)COC(=O)c3c(O)cc(C)c1c32.COC1=CC(=O)C2(c3ccc(I)cc3)COC(=O)c3c(O)cc(C)c1c32,"[{""source_id"": ""si"", ""sha256"": ""a0d1d069eb22bd74aef66984464ce8eeea182cad4d27623408a91f293486482f"", ""pages"": [20, 21], ""locator"": ""SI drawing/procedure: C02""}]","[{""product_label"": ""14"", ""percent"": 26, ""from_label"": ""13"", ""scope"": ""Reported preparation yield; mixture components are not assigned individual yields.""}, {""product_label"": ""15"", ""percent"": 22, ""from_label"": ""13"", ""scope"": ""Reported preparation yield; mixture components are not assigned individual yields.""}]","[""C02.1""]",forward_synthesis,False,False,1,pending_independent_chemist_review,,,,
"[""DDQ""]","[""DCM""]",,,C03,"[""13""]","[""16""]",COc1cc(O)c2c3c(c(O)cc(C)c13)C(=O)OC2>>COC1=CC(=O)c2coc(=O)c3c(O)cc(C)c1c23,"[{""source_id"": ""si"", ""sha256"": ""a0d1d069eb22bd74aef66984464ce8eeea182cad4d27623408a91f293486482f"", ""pages"": [21], ""locator"": ""SI drawing/procedure: C03""}]","[{""product_label"": ""16"", ""percent"": 80, ""from_label"": ""13"", ""scope"": ""Reported preparation yield; mixture components are not assigned individual yields.""}]","[""C03.1""]",forward_synthesis,False,False,1,pending_independent_chemist_review,,,,
"[""AgO""]","[""MeCN""]",,,C04,"[""13""]","[""17"", ""16""]",COc1cc(O)c2c3c(c(O)cc(C)c13)C(=O)OC2>>COC1=CC(=O)c2coc(=O)c3c(O)cc(C)c1c23.COc1cc(O)c2c3c(c(O)cc(C)c13)C(=O)OC2=O,"[{""source_id"": ""si"", ""sha256"": ""a0d1d069eb22bd74aef66984464ce8eeea182cad4d27623408a91f293486482f"", ""pages"": [22], ""locator"": ""SI drawing/procedure: C04""}]","[{""product_label"": ""17"", ""percent"": 27, ""from_label"": ""13"", ""scope"": ""Reported preparation yield; mixture components are not assigned individual yields.""}, {""product_label"": ""16"", ""percent"": 30, ""from_label"": ""13"", ""scope"": ""Reported preparation yield; mixture components are not assigned individual yields.""}]","[""C04.1""]",forward_synthesis,False,False,1,pending_independent_chemist_review,,,,
"[""PIFA""]","[""HFIP""]",,,C05,"[""13"", ""dimedone""]","[""S9"", ""S10"", ""14"", ""15""]",CC1(C)CC(=O)CC(=O)C1.COc1cc(O)c2c3c(c(O)cc(C)c13)C(=O)OC2>>COC1=CC(=O)C2(O)COC(=O)c3c(O)cc(C)c1c32.COC1=CC(=O)C2(c3ccc(I)cc3)COC(=O)c3c(O)cc(C)c1c32.COC1=CC(=O)C23OC4=C(C(=O)CC(C)(C)C4)C2OC(=O)c2c(O)cc(C)c1c23.COc1cc2c3c4c(c(O)cc(C)c14)C(=O)OC3C1=C(CC(C)(C)CC1=O)O2,"[{""source_id"": ""si"", ""sha256"": ""a0d1d069eb22bd74aef66984464ce8eeea182cad4d27623408a91f293486482f"", ""pages"": [23], ""locator"": ""SI drawing/procedure: C05""}]","[{""product_label"": ""S9"", ""percent"": 13, ""from_label"": ""13"", ""scope"": ""Reported preparation yield; mixture components are not assigned individual yields.""}, {""product_label"": ""S10"", ""percent"": 21, ""from_label"": ""13"", ""scope"": ""Reported preparation yield; mixture components are not assigned individual yields.""}, {""product_label"": ""14"", ""percent"": 10, ""from_label"": ""13"", ""scope"": ""Reported preparation yield; mixture components are not assigned individual yields.""}, {""product_label"": ""15"", ""percent"": 15, ""from_label"": ""13"", ""scope"": ""Reported preparation yield; mixture components are not assigned individual yields.""}]","[""C05.1""]",forward_synthesis,False,False,1,pending_independent_chemist_review,,,,
"[""FeCl3"", ""tBu2O2""]","[""HFIP""]",,,C06,"[""13""]","[""S11"", ""16""]",COc1cc(O)c2c3c(c(O)cc(C)c13)C(=O)OC2>>COC1=CC(=O)c2coc(=O)c3c(O)cc(C)c1c23.COc1cc2c3c4c(c(O)cc(C)c14)C(=O)OC3CC(C)(C)O2,"[{""source_id"": ""si"", ""sha256"": ""a0d1d069eb22bd74aef66984464ce8eeea182cad4d27623408a91f293486482f"", ""pages"": [26], ""locator"": ""SI drawing/procedure: C06""}]","[{""product_label"": ""S11"", ""percent"": 29, ""from_label"": ""13"", ""scope"": ""Reported preparation yield; mixture components are not assigned individual yields.""}, {""product_label"": ""16"", ""percent"": 38, ""from_label"": ""13"", ""scope"": ""Reported preparation yield; mixture components are not assigned individual yields.""}]","[""C06.1""]",forward_synthesis,False,False,1,pending_independent_chemist_review,,,,
"[""Et4NBF4"", ""electrolysis"", ""RVCelectrodes""]","[""MeOH""]",,,C07,"[""13""]","[""16""]",COc1cc(O)c2c3c(c(O)cc(C)c13)C(=O)OC2>>COC1=CC(=O)c2coc(=O)c3c(O)cc(C)c1c23,"[{""source_id"": ""si"", ""sha256"": ""a0d1d069eb22bd74aef66984464ce8eeea182cad4d27623408a91f293486482f"", ""pages"": [31], ""locator"": ""SI drawing/procedure: C07""}]","[{""product_label"": ""16"", ""percent"": 33, ""from_label"": ""13"", ""scope"": ""Reported preparation yield; mixture components are not assigned individual yields.""}]","[""C07.1""]",forward_synthesis,False,False,1,pending_independent_chemist_review,,18,"{""mode"": ""constant_current"", ""current_mA"": 10, ""charge_F_per_mol"": 2.5}",
"[""FeCl3"", ""Et3N""]","[""MeOH""]",,,D01,"[""1""]","[""2""]",Cc1cc(O)c2c3c(c(O)cc(O)c13)COC2=O>>Cc1cc(O)c2c3c1C(=O)C[C@]1(O)Oc4c(c(O)c5c6c(c(O)cc(C)c46)C(=O)OC5)[C@]31COC2=O,"[{""source_id"": ""si"", ""sha256"": ""a0d1d069eb22bd74aef66984464ce8eeea182cad4d27623408a91f293486482f"", ""pages"": [27], ""locator"": ""SI drawing/procedure: D01""}]","[{""product_label"": ""2"", ""percent"": 45, ""from_label"": ""1"", ""scope"": ""Reported preparation yield; mixture components are not assigned individual yields.""}]","[""D01.1""]",forward_synthesis,False,False,1,pending_independent_chemist_review,,39,,Two molecules1 per dimer2; sourceyield accounts for dimerization
"[""Et4NBF4"", ""electrolysis"", ""RVCelectrodes""]","[""MeOH""]",,,D02,"[""1""]","[""2""]",Cc1cc(O)c2c3c(c(O)cc(O)c13)COC2=O>>Cc1cc(O)c2c3c1C(=O)C[C@]1(O)Oc4c(c(O)c5c6c(c(O)cc(C)c46)C(=O)OC5)[C@]31COC2=O,"[{""source_id"": ""si"", ""sha256"": ""a0d1d069eb22bd74aef66984464ce8eeea182cad4d27623408a91f293486482f"", ""pages"": [28, 30], ""locator"": ""SI drawing/procedure: D02""}]","[{""product_label"": ""2"", ""percent"": 84, ""from_label"": ""1"", ""scope"": ""Reported preparation yield; mixture components are not assigned individual yields.""}]","[""D02.1""]",forward_synthesis,False,False,1,pending_independent_chemist_review,,,"{""mode"": ""constant_current"", ""current_mA"": 10, ""charge_F_per_mol"": 1.5}",2SF226->1bacillosporinC
"[""Et4NBF4"", ""electrolysis"", ""RVCelectrodes""]","[""MeOH""]",200mgsubstrate1scale,,D03-scale1,"[""1""]","[""2""]",Cc1cc(O)c2c3c(c(O)cc(O)c13)COC2=O>>Cc1cc(O)c2c3c1C(=O)C[C@]1(O)Oc4c(c(O)c5c6c(c(O)cc(C)c46)C(=O)OC5)[C@]31COC2=O,"[{""source_id"": ""si"", ""sha256"": ""a0d1d069eb22bd74aef66984464ce8eeea182cad4d27623408a91f293486482f"", ""pages"": [32, 33], ""locator"": ""SI drawing/procedure: D03-scale1""}]","[{""product_label"": ""2"", ""percent"": 52, ""from_label"": ""1"", ""scope"": ""200mgsubstrate1scale""}]","[""D03-scale1.1""]",forward_synthesis,False,False,1,pending_independent_chemist_review,,,"{""mode"": ""constant_current"", ""current_mA"": 50, ""charge_F_per_mol"": 1.5}",
"[""Et4NBF4"", ""electrolysis"", ""RVCelectrodes""]","[""MeOH""]",200mgsubstrate1scale,,D03-scale2,"[""1""]","[""2""]",Cc1cc(O)c2c3c(c(O)cc(O)c13)COC2=O>>Cc1cc(O)c2c3c1C(=O)C[C@]1(O)Oc4c(c(O)c5c6c(c(O)cc(C)c46)C(=O)OC5)[C@]31COC2=O,"[{""source_id"": ""si"", ""sha256"": ""a0d1d069eb22bd74aef66984464ce8eeea182cad4d27623408a91f293486482f"", ""pages"": [32, 33], ""locator"": ""SI drawing/procedure: D03-scale2""}]","[{""product_label"": ""2"", ""percent"": 50, ""from_label"": ""1"", ""scope"": ""200mgsubstrate1scale""}]","[""D03-scale2.1""]",forward_synthesis,False,False,1,pending_independent_chemist_review,,,"{""mode"": ""constant_current"", ""current_mA"": 50, ""charge_F_per_mol"": 2.0}",
"[""Et4NBF4"", ""electrolysis"", ""RVCelectrodes""]","[""MeOH""]",,,D-CPE0.5,"[""1""]","[""2""]",Cc1cc(O)c2c3c(c(O)cc(O)c13)COC2=O>>Cc1cc(O)c2c3c1C(=O)C[C@]1(O)Oc4c(c(O)c5c6c(c(O)cc(C)c46)C(=O)OC5)[C@]31COC2=O,"[{""source_id"": ""si"", ""sha256"": ""a0d1d069eb22bd74aef66984464ce8eeea182cad4d27623408a91f293486482f"", ""pages"": [44], ""locator"": ""SI drawing/procedure: D-CPE0.5""}]","[{""product_label"": ""2"", ""percent"": 42, ""from_label"": ""1"", ""scope"": ""Reported preparation yield; mixture components are not assigned individual yields.""}]","[""D-CPE0.5.1""]",forward_synthesis,False,False,1,pending_independent_chemist_review,,,"{""mode"": ""constant_potential"", ""potential_V_vs_AgAg"": 0.5}",
"[""Et4NBF4"", ""electrolysis"", ""RVCelectrodes""]","[""MeOH""]",,,D-CPE0.4,"[""1""]","[""2""]",Cc1cc(O)c2c3c(c(O)cc(O)c13)COC2=O>>Cc1cc(O)c2c3c1C(=O)C[C@]1(O)Oc4c(c(O)c5c6c(c(O)cc(C)c46)C(=O)OC5)[C@]31COC2=O,"[{""source_id"": ""si"", ""sha256"": ""a0d1d069eb22bd74aef66984464ce8eeea182cad4d27623408a91f293486482f"", ""pages"": [44], ""locator"": ""SI drawing/procedure: D-CPE0.4""}]","[{""product_label"": ""2"", ""percent"": 8, ""from_label"": ""1"", ""scope"": ""Reported preparation yield; mixture components are not assigned individual yields.""}]","[""D-CPE0.4.1""]",forward_synthesis,False,False,1,pending_independent_chemist_review,,,"{""mode"": ""constant_potential"", ""potential_V_vs_AgAg"": 0.4}",
"[""Et4NBF4"", ""electrolysis"", ""RVCelectrodes"", ""1,1-diphenylethylene""]","[""MeOH""]",Dimer2yieldinthepresenceoftrap;notatrappingadduct,,D-trap1,"[""1""]","[""2""]",Cc1cc(O)c2c3c(c(O)cc(O)c13)COC2=O>>Cc1cc(O)c2c3c1C(=O)C[C@]1(O)Oc4c(c(O)c5c6c(c(O)cc(C)c46)C(=O)OC5)[C@]31COC2=O,"[{""source_id"": ""si"", ""sha256"": ""a0d1d069eb22bd74aef66984464ce8eeea182cad4d27623408a91f293486482f"", ""pages"": [43], ""locator"": ""SI drawing/procedure: D-trap1""}]","[{""product_label"": ""2"", ""percent"": 46, ""from_label"": ""1"", ""scope"": ""Dimer2yieldinthepresenceoftrap;notatrappingadduct""}]","[""D-trap1.1""]",forward_synthesis,False,False,1,pending_independent_chemist_review,,,,
"[""Et4NBF4"", ""electrolysis"", ""RVCelectrodes"", ""allyltrimethylsilane""]","[""MeOH""]",Dimer2yieldinthepresenceoftrap;notatrappingadduct,,D-trap2,"[""1""]","[""2""]",Cc1cc(O)c2c3c(c(O)cc(O)c13)COC2=O>>Cc1cc(O)c2c3c1C(=O)C[C@]1(O)Oc4c(c(O)c5c6c(c(O)cc(C)c46)C(=O)OC5)[C@]31COC2=O,"[{""source_id"": ""si"", ""sha256"": ""a0d1d069eb22bd74aef66984464ce8eeea182cad4d27623408a91f293486482f"", ""pages"": [43], ""locator"": ""SI drawing/procedure: D-trap2""}]","[{""product_label"": ""2"", ""percent"": 63, ""from_label"": ""1"", ""scope"": ""Dimer2yieldinthepresenceoftrap;notatrappingadduct""}]","[""D-trap2.1""]",forward_synthesis,False,False,1,pending_independent_chemist_review,,,,
"[""Et4NBF4"", ""electrolysis"", ""RVCelectrodes"", ""methallyltrimethylsilane""]","[""MeOH""]",Dimer2yieldinthepresenceoftrap;notatrappingadduct,,D-trap3,"[""1""]","[""2""]",Cc1cc(O)c2c3c(c(O)cc(O)c13)COC2=O>>Cc1cc(O)c2c3c1C(=O)C[C@]1(O)Oc4c(c(O)c5c6c(c(O)cc(C)c46)C(=O)OC5)[C@]31COC2=O,"[{""source_id"": ""si"", ""sha256"": ""a0d1d069eb22bd74aef66984464ce8eeea182cad4d27623408a91f293486482f"", ""pages"": [43], ""locator"": ""SI drawing/procedure: D-trap3""}]","[{""product_label"": ""2"", ""percent"": 82, ""from_label"": ""1"", ""scope"": ""Dimer2yieldinthepresenceoftrap;notatrappingadduct""}]","[""D-trap3.1""]",forward_synthesis,False,False,1,pending_independent_chemist_review,,,,
"[""Et4NBF4"", ""electrolysis"", ""RVCelectrodes"", ""dimedone""]","[""MeOH""]",Dimer2yieldinthepresenceoftrap;notatrappingadduct,,D-trap4,"[""1""]","[""2""]",Cc1cc(O)c2c3c(c(O)cc(O)c13)COC2=O>>Cc1cc(O)c2c3c1C(=O)C[C@]1(O)Oc4c(c(O)c5c6c(c(O)cc(C)c46)C(=O)OC5)[C@]31COC2=O,"[{""source_id"": ""si"", ""sha256"": ""a0d1d069eb22bd74aef66984464ce8eeea182cad4d27623408a91f293486482f"", ""pages"": [43], ""locator"": ""SI drawing/procedure: D-trap4""}]","[{""product_label"": ""2"", ""percent"": 74, ""from_label"": ""1"", ""scope"": ""Dimer2yieldinthepresenceoftrap;notatrappingadduct""}]","[""D-trap4.1""]",forward_synthesis,False,False,1,pending_independent_chemist_review,,,,
"[""Ac2O"", ""pyridine"", ""DMAP""]",[],,,D04,"[""2""]","[""18""]",Cc1cc(O)c2c3c1C(=O)C[C@]1(O)Oc4c(c(O)c5c6c(c(O)cc(C)c46)C(=O)OC5)[C@]31COC2=O>>CC(=O)OC1=C[C@]2(OC(C)=O)Oc3c(c(OC(C)=O)c4c5c(c(OC(C)=O)cc(C)c35)C(=O)OC4)[C@@]23COC(=O)c2c(OC(C)=O)cc(C)c1c23,"[{""source_id"": ""si"", ""sha256"": ""a0d1d069eb22bd74aef66984464ce8eeea182cad4d27623408a91f293486482f"", ""pages"": [36], ""locator"": ""SI drawing/procedure: D04""}]","[{""product_label"": ""18"", ""percent"": 56, ""from_label"": ""2"", ""scope"": ""Reported preparation yield; mixture components are not assigned individual yields.""}]","[""D04.1""]",forward_synthesis,False,False,1,pending_independent_chemist_review,,,,
"[""methoxyacetyl chloride"", ""SnCl4""]","[""DCM""]","TableS1entry3,1.0gscale; SF226trace only",,B09,"[""7""]","[""9"", ""11""]",COC(=O)c1c(O)cc(C)c2c(O[Si](C)(C)C(C)(C)C)cc(O[Si](C)(C)C(C)(C)C)cc12>>COCC(=O)Oc1cc(C)c2c(O[Si](C)(C)C(C)(C)C)cc(O[Si](C)(C)C(C)(C)C)c3c2c1C(=O)OC3.Cc1cc(O)c2c3c(c(O[Si](C)(C)C(C)(C)C)cc(O[Si](C)(C)C(C)(C)C)c13)COC2=O,"[{""source_id"": ""si"", ""sha256"": ""a0d1d069eb22bd74aef66984464ce8eeea182cad4d27623408a91f293486482f"", ""pages"": [11, 12], ""locator"": ""SI drawing/procedure: B09""}]","[{""product_label"": ""9"", ""percent"": 4, ""from_label"": ""7"", ""scope"": ""TableS1entry3,1.0gscale; SF226trace only""}, {""product_label"": ""11"", ""percent"": 6, ""from_label"": ""7"", ""scope"": ""TableS1entry3,1.0gscale; SF226trace only""}]","[""B09.1""]",forward_synthesis,False,False,1,pending_independent_chemist_review,,,,
"[""methoxyacetyl chloride"", ""SnCl4""]","[""DCM""]",TableS1entry4; 1and9trace,,B10,"[""7""]","[""S1-BP1"", ""S1-BP2"", ""S1-BP3""]",COC(=O)c1c(O)cc(C)c2c(O[Si](C)(C)C(C)(C)C)cc(O[Si](C)(C)C(C)(C)C)cc12>>COC(=O)c1c(O)cc(C)c2c(O)cc(O[Si](C)(C)C(C)(C)C)cc12.COCC(=O)Oc1cc(C)c2c(O)cc(O[Si](C)(C)C(C)(C)C)cc2c1C(=O)OC.COCC(=O)Oc1cc(C)c2c(O[Si](C)(C)C(C)(C)C)cc(O[Si](C)(C)C(C)(C)C)cc2c1C(=O)OC,"[{""source_id"": ""si"", ""sha256"": ""a0d1d069eb22bd74aef66984464ce8eeea182cad4d27623408a91f293486482f"", ""pages"": [11, 12], ""locator"": ""SI drawing/procedure: B10""}]","[{""product_label"": ""S1-BP1"", ""percent"": 9, ""from_label"": ""7"", ""scope"": ""TableS1entry4; 1and9trace""}, {""product_label"": ""S1-BP2"", ""percent"": 3, ""from_label"": ""7"", ""scope"": ""TableS1entry4; 1and9trace""}, {""product_label"": ""S1-BP3"", ""percent"": 6, ""from_label"": ""7"", ""scope"": ""TableS1entry4; 1and9trace""}]","[""B10.1""]",forward_synthesis,False,False,1,pending_independent_chemist_review,,,,
"[""MOMCl"", ""SnCl4""]","[""DCM""]",TableS2entry4;1gscale;two monomers incorporated into S6,,B11,"[""7""]","[""1"", ""9"", ""10"", ""S2-BP1"", ""S5"", ""S6""]",COC(=O)c1c(O)cc(C)c2c(O[Si](C)(C)C(C)(C)C)cc(O[Si](C)(C)C(C)(C)C)cc12>>COC(=O)c1c(O)cc(C)c2c(O)cc(O)c(CO)c12.COC(=O)c1c(O)cc(C)c2c(O)cc(O)cc12.Cc1cc(O)c2c3c(c(O)c(Cc4c(O)c5c6c(c(O[Si](C)(C)C(C)(C)C)cc(O[Si](C)(C)C(C)(C)C)c6c4C)COC5=O)c(O)c13)COC2=O.Cc1cc(O)c2c3c(c(O)cc(O)c13)COC2=O.Cc1cc(O)c2c3c(c(O[Si](C)(C)C(C)(C)C)cc(O)c13)COC2=O.Cc1cc(O)c2c3c(c(O[Si](C)(C)C(C)(C)C)cc(O[Si](C)(C)C(C)(C)C)c13)COC2=O,"[{""source_id"": ""si"", ""sha256"": ""a0d1d069eb22bd74aef66984464ce8eeea182cad4d27623408a91f293486482f"", ""pages"": [12, 13], ""locator"": ""SI drawing/procedure: B11""}]","[{""product_label"": ""1"", ""percent"": 50, ""from_label"": ""7"", ""scope"": ""TableS2entry4;1gscale;two monomers incorporated into S6""}, {""product_label"": ""9"", ""percent"": 11, ""from_label"": ""7"", ""scope"": ""TableS2entry4;1gscale;two monomers incorporated into S6""}, {""product_label"": ""10"", ""percent"": 3, ""from_label"": ""7"", ""scope"": ""TableS2entry4;1gscale;two monomers incorporated into S6""}, {""product_label"": ""S2-BP1"", ""percent"": 1, ""from_label"": ""7"", ""scope"": ""TableS2entry4;1gscale;two monomers incorporated into S6""}, {""product_label"": ""S5"", ""percent"": 2, ""from_label"": ""7"", ""scope"": ""TableS2entry4;1gscale;two monomers incorporated into S6""}, {""product_label"": ""S6"", ""percent"": 8, ""from_label"": ""7"", ""scope"": ""TableS2entry4;1gscale;two monomers incorporated into S6""}]","[""B11.1""]",forward_synthesis,False,False,1,pending_independent_chemist_review,,,,
