label,paper_label,canonical_smiles,source_name,structure_basis,stereo_status,source_name_basis,structure_conversion_method,name,molecule_id,canonical_isomeric_smiles,molecular_formula,exact_mass,source_references,depiction,role,review_status,formal_benchmark_eligible,admission_authority,target_identity
3alpha,3alpha,CCCCC/C=C/[C@@H]1[C@H]2OC(C)(C)O[C@H]2CC(=O)[C@@H]1[Se]c1ccccc1,"(3aS,6R,7R,7aR)-7-((E)-hept-1-en-1-yl)-2,2-dimethyl-6-(phenylselanyl)tetrahydrobenzo[d][1,3]dioxol-5(4H)-one",source_drawing_transcription,source_assigned_absolute_configuration,Exact experimental heading with line wraps/case normalized,source_heading_name_local_opsin_and_drawing_check,"(3aS,6R,7R,7aR)-7-((E)-hept-1-en-1-yl)-2,2-dimethyl-6-(phenylselanyl)tetrahydrobenzo[d][1,3]dioxol-5(4H)-one",mol-80241d04c5f24e678b489901d597840cbc5e46211b3d94e917da76a824e70592,CCCCC/C=C/[C@@H]1[C@H]2OC(C)(C)O[C@H]2CC(=O)[C@@H]1[Se]c1ccccc1,C22H30O3Se,422.13601611999997,"[{""source_id"": ""article"", ""sha256"": ""df13b9a8e23a9583be5baca8c773906501a27031468818f7d101a9c6627fe7b1"", ""pages"": [5], ""locator"": ""Main experimental section / scheme: 3alpha""}, {""source_id"": ""si"", ""sha256"": ""8c0c86424573a4358c8bdccfb6d184cb77d3eb5e3f636bd6d71da67fa4643c10"", ""pages"": [2, 3, 4], ""locator"": ""Compound drawing and associated NMR spectrum: 3alpha""}]",structures/3alpha.svg,route_compound,pending_independent_chemist_review,False,False,
3beta,3beta,CCCCC/C=C/[C@@H]1[C@H]2OC(C)(C)O[C@H]2CC(=O)[C@H]1[Se]c1ccccc1,"(3aS,6S,7R,7aR)-7-((E)-hept-1-en-1-yl)-2,2-dimethyl-6-(phenylselanyl)tetrahydrobenzo[d][1,3]dioxol-5(4H)-one",source_drawing_transcription,source_assigned_absolute_configuration,Exact experimental heading with line wraps/case normalized,source_heading_name_local_opsin_and_drawing_check,"(3aS,6S,7R,7aR)-7-((E)-hept-1-en-1-yl)-2,2-dimethyl-6-(phenylselanyl)tetrahydrobenzo[d][1,3]dioxol-5(4H)-one",mol-adcb34120adaaa604bd951633f60efff7a5647fdc7d6409d7a4a5d8c637b8a19,CCCCC/C=C/[C@@H]1[C@H]2OC(C)(C)O[C@H]2CC(=O)[C@H]1[Se]c1ccccc1,C22H30O3Se,422.13601611999997,"[{""source_id"": ""article"", ""sha256"": ""df13b9a8e23a9583be5baca8c773906501a27031468818f7d101a9c6627fe7b1"", ""pages"": [5], ""locator"": ""Main experimental section / scheme: 3beta""}, {""source_id"": ""si"", ""sha256"": ""8c0c86424573a4358c8bdccfb6d184cb77d3eb5e3f636bd6d71da67fa4643c10"", ""pages"": [5, 6, 7], ""locator"": ""Compound drawing and associated NMR spectrum: 3beta""}]",structures/3beta.svg,route_compound,pending_independent_chemist_review,False,False,
8,8,CCCCC/C=C/C1=CC(=O)C[C@@H]2OC(C)(C)O[C@H]12,"(3aS,7aR)-7-((E)-hept-1-en-1-yl)-2,2-dimethyl-3a,7a-dihydrobenzo[d][1,3]dioxol-5(4H)-one",source_drawing_transcription,source_assigned_absolute_configuration,Exact experimental heading with line wraps/case normalized,source_heading_name_local_opsin_and_drawing_check,"(3aS,7aR)-7-((E)-hept-1-en-1-yl)-2,2-dimethyl-3a,7a-dihydrobenzo[d][1,3]dioxol-5(4H)-one",mol-7bccd98468da14241516125cbb045253e6b7d5627d9326f1e1b1058ae5c48c74,CCCCC/C=C/C1=CC(=O)C[C@@H]2OC(C)(C)O[C@H]12,C16H24O3,264.172544628,"[{""source_id"": ""article"", ""sha256"": ""df13b9a8e23a9583be5baca8c773906501a27031468818f7d101a9c6627fe7b1"", ""pages"": [5], ""locator"": ""Main experimental section / scheme: 8""}, {""source_id"": ""si"", ""sha256"": ""8c0c86424573a4358c8bdccfb6d184cb77d3eb5e3f636bd6d71da67fa4643c10"", ""pages"": [8, 9], ""locator"": ""Compound drawing and associated NMR spectrum: 8""}]",structures/8.svg,route_compound,pending_independent_chemist_review,False,False,
4,4,CC1(C)O[C@H]2CC(=O)C=C[C@H]2O1,"(3aS,7aR)-2,2-dimethyl-3a,7a-dihydrobenzo[d][1,3]dioxol-5(4H)-one",source_drawing_transcription,source_assigned_absolute_configuration,Drawing-derived systematic name; not an experimental heading,,"(3aS,7aR)-2,2-dimethyl-3a,7a-dihydrobenzo[d][1,3]dioxol-5(4H)-one",mol-a2ca9b02f0357025a288f607598588aed82434c77442599a647ddcde4a2ac0e6,CC1(C)O[C@H]2CC(=O)C=C[C@H]2O1,C9H12O3,168.078644244,"[{""source_id"": ""article"", ""sha256"": ""df13b9a8e23a9583be5baca8c773906501a27031468818f7d101a9c6627fe7b1"", ""pages"": [2], ""locator"": ""Main experimental section / scheme: 4""}]",structures/4.svg,route_compound,pending_independent_chemist_review,False,False,
2-RS,"(4R,5S)-2",CCCCC/C=C/C1=CC(=O)C[C@H](O)[C@@H]1O,"(4R,5S)-3-((E)-hept-1-en-1-yl)-4,5-dihydroxycyclohex-2-en-1-one",source_drawing_transcription,source_assigned_absolute_configuration,Exact experimental heading with line wraps/case normalized,source_heading_name_local_opsin_and_drawing_check,"(4R,5S)-3-((E)-hept-1-en-1-yl)-4,5-dihydroxycyclohex-2-en-1-one",mol-68d6625ae32040ce2b4ed8f66f3b9ef7454e83b4e94b32b73f1de52113e1dce6,CCCCC/C=C/C1=CC(=O)C[C@H](O)[C@@H]1O,C13H20O3,224.1412445,"[{""source_id"": ""article"", ""sha256"": ""df13b9a8e23a9583be5baca8c773906501a27031468818f7d101a9c6627fe7b1"", ""pages"": [5], ""locator"": ""Main experimental section / scheme: 2-RS""}, {""source_id"": ""si"", ""sha256"": ""8c0c86424573a4358c8bdccfb6d184cb77d3eb5e3f636bd6d71da67fa4643c10"", ""pages"": [10, 11], ""locator"": ""Compound drawing and associated NMR spectrum: 2-RS""}]",structures/2-RS.svg,route_compound,pending_independent_chemist_review,False,False,
1-RS,"(4R,5S)-1",CCCCC/C=C/C1=C(CO)C(=O)C[C@H](O)[C@@H]1O,"(4R,5S)-3-((E)-hept-1-en-1-yl)-4,5-dihydroxy-2-(hydroxymethyl)cyclohex-2-en-1-one",source_drawing_transcription,source_assigned_absolute_configuration,Exact experimental heading with line wraps/case normalized,source_heading_name_local_opsin_and_drawing_check,"(4R,5S)-3-((E)-hept-1-en-1-yl)-4,5-dihydroxy-2-(hydroxymethyl)cyclohex-2-en-1-one",mol-9266d581b15f0c9bb088f242ef294f71e6ec98e445ae6c636c315a1f43819225,CCCCC/C=C/C1=C(CO)C(=O)C[C@H](O)[C@@H]1O,C14H22O4,254.151809184,"[{""source_id"": ""article"", ""sha256"": ""df13b9a8e23a9583be5baca8c773906501a27031468818f7d101a9c6627fe7b1"", ""pages"": [5, 6, 7, 8], ""locator"": ""Main experimental section / scheme: 1-RS""}, {""source_id"": ""si"", ""sha256"": ""8c0c86424573a4358c8bdccfb6d184cb77d3eb5e3f636bd6d71da67fa4643c10"", ""pages"": [12, 13], ""locator"": ""Compound drawing and associated NMR spectrum: 1-RS""}]",structures/1-RS.svg,target,pending_independent_chemist_review,False,False,synthetic_proposed_structure_not_natural_identity
6,6,CCCCC/C=C/[C@H]1CC(=O)C[C@@H]2OC(C)(C)O[C@@H]21,"(3aS,7R,7aR)-7-((E)-hept-1-en-1-yl)-2,2-dimethyltetrahydrobenzo[d][1,3]dioxol-5(4H)-one",source_drawing_transcription,source_assigned_absolute_configuration,Exact experimental heading with line wraps/case normalized,source_heading_name_local_opsin_and_drawing_check,"(3aS,7R,7aR)-7-((E)-hept-1-en-1-yl)-2,2-dimethyltetrahydrobenzo[d][1,3]dioxol-5(4H)-one",mol-b47f13c5d9ea92a6031e58222c79939c64dcc07465b38872744e092171d3a157,CCCCC/C=C/[C@H]1CC(=O)C[C@@H]2OC(C)(C)O[C@@H]21,C16H26O3,266.188194692,"[{""source_id"": ""article"", ""sha256"": ""df13b9a8e23a9583be5baca8c773906501a27031468818f7d101a9c6627fe7b1"", ""pages"": [6], ""locator"": ""Main experimental section / scheme: 6""}, {""source_id"": ""si"", ""sha256"": ""8c0c86424573a4358c8bdccfb6d184cb77d3eb5e3f636bd6d71da67fa4643c10"", ""pages"": [14, 15], ""locator"": ""Compound drawing and associated NMR spectrum: 6""}]",structures/6.svg,route_compound,pending_independent_chemist_review,False,False,
10,10,CCCCC/C=C/[C@H]1CC(=O)C=C[C@@H]1O[Si](C)(C)C(C)(C)C,"(4S,5R)-4-((tert-butyldimethylsilyl)oxy)-5-((E)-hept-1-en-1-yl)cyclohex-2-en-1-one",source_drawing_transcription,source_assigned_absolute_configuration,Exact experimental heading with line wraps/case normalized,source_heading_name_local_opsin_and_drawing_check,"(4S,5R)-4-((tert-butyldimethylsilyl)oxy)-5-((E)-hept-1-en-1-yl)cyclohex-2-en-1-one",mol-2d1504b84f65b31c24cc6952aecf5dadd04ee9fc4170865b39220c844ec3b19a,CCCCC/C=C/[C@H]1CC(=O)C=C[C@@H]1O[Si](C)(C)C(C)(C)C,C19H34O2Si,322.232806858,"[{""source_id"": ""article"", ""sha256"": ""df13b9a8e23a9583be5baca8c773906501a27031468818f7d101a9c6627fe7b1"", ""pages"": [6], ""locator"": ""Main experimental section / scheme: 10""}, {""source_id"": ""si"", ""sha256"": ""8c0c86424573a4358c8bdccfb6d184cb77d3eb5e3f636bd6d71da67fa4643c10"", ""pages"": [16, 17], ""locator"": ""Compound drawing and associated NMR spectrum: 10""}]",structures/10.svg,route_compound,pending_independent_chemist_review,False,False,
11,11,CCCCC/C=C/[C@H]1CC(=O)[C@H]2O[C@H]2[C@@H]1O[Si](C)(C)C(C)(C)C,"(1S,4R,5R,6R)-5-((tert-butyldimethylsilyl)oxy)-4-((E)-hept-1-en-1-yl)-7-oxabicyclo[4.1.0]heptan-2-one",source_drawing_transcription,source_assigned_absolute_configuration,Exact experimental heading with line wraps/case normalized,source_heading_name_local_opsin_and_drawing_check,"(1S,4R,5R,6R)-5-((tert-butyldimethylsilyl)oxy)-4-((E)-hept-1-en-1-yl)-7-oxabicyclo[4.1.0]heptan-2-one",mol-fb765743157c078fb213b9dec4b60dc1464e5630648945325aaa2f02f72baa8a,CCCCC/C=C/[C@H]1CC(=O)[C@H]2O[C@H]2[C@@H]1O[Si](C)(C)C(C)(C)C,C19H34O3Si,338.227721478,"[{""source_id"": ""article"", ""sha256"": ""df13b9a8e23a9583be5baca8c773906501a27031468818f7d101a9c6627fe7b1"", ""pages"": [6], ""locator"": ""Main experimental section / scheme: 11""}, {""source_id"": ""si"", ""sha256"": ""8c0c86424573a4358c8bdccfb6d184cb77d3eb5e3f636bd6d71da67fa4643c10"", ""pages"": [18, 19], ""locator"": ""Compound drawing and associated NMR spectrum: 11""}]",structures/11.svg,route_compound,pending_independent_chemist_review,False,False,
12,12,CCCCC/C=C/[C@H]1CC(=O)[C@@H]2O[C@@H]2[C@@H]1O[Si](C)(C)C(C)(C)C,"(1R,4R,5R,6S)-5-((tert-butyldimethylsilyl)oxy)-4-((E)-hept-1-en-1-yl)-7-oxabicyclo[4.1.0]heptan-2-one",source_drawing_transcription,source_assigned_absolute_configuration,Exact experimental heading with line wraps/case normalized,source_heading_name_local_opsin_and_drawing_check,"(1R,4R,5R,6S)-5-((tert-butyldimethylsilyl)oxy)-4-((E)-hept-1-en-1-yl)-7-oxabicyclo[4.1.0]heptan-2-one",mol-c5630fff46b6f1ae466df3bbfd85edcee79dddd65936f970f64186d40c61f949,CCCCC/C=C/[C@H]1CC(=O)[C@@H]2O[C@@H]2[C@@H]1O[Si](C)(C)C(C)(C)C,C19H34O3Si,338.227721478,"[{""source_id"": ""article"", ""sha256"": ""df13b9a8e23a9583be5baca8c773906501a27031468818f7d101a9c6627fe7b1"", ""pages"": [6], ""locator"": ""Main experimental section / scheme: 12""}, {""source_id"": ""si"", ""sha256"": ""8c0c86424573a4358c8bdccfb6d184cb77d3eb5e3f636bd6d71da67fa4643c10"", ""pages"": [20, 21], ""locator"": ""Compound drawing and associated NMR spectrum: 12""}]",structures/12.svg,route_compound,pending_independent_chemist_review,False,False,
14,14,CCCCC/C=C/[C@@H]1[C@@H](O[Si](C)(C)C(C)(C)C)[C@@H]2O[C@@H]2C(=O)[C@H]1[Se]c1ccccc1,"(1S,3S,4R,5R,6R)-5-((tert-butyldimethylsilyl)oxy)-4-((E)-hept-1-en-1-yl)-3-(phenylselanyl)-7-oxabicyclo[4.1.0]heptan-2-one",source_drawing_transcription,source_assigned_absolute_configuration,Exact experimental heading with line wraps/case normalized,source_heading_name_local_opsin_and_drawing_check,"(1S,3S,4R,5R,6R)-5-((tert-butyldimethylsilyl)oxy)-4-((E)-hept-1-en-1-yl)-3-(phenylselanyl)-7-oxabicyclo[4.1.0]heptan-2-one",mol-e8d71bcea361f2c9ebff5180de312ae782ad80cb984c59311c0fc203eb67b7c2,CCCCC/C=C/[C@@H]1[C@@H](O[Si](C)(C)C(C)(C)C)[C@@H]2O[C@@H]2C(=O)[C@H]1[Se]c1ccccc1,C25H38O3SeSi,494.1755429059999,"[{""source_id"": ""article"", ""sha256"": ""df13b9a8e23a9583be5baca8c773906501a27031468818f7d101a9c6627fe7b1"", ""pages"": [6], ""locator"": ""Main experimental section / scheme: 14""}, {""source_id"": ""si"", ""sha256"": ""8c0c86424573a4358c8bdccfb6d184cb77d3eb5e3f636bd6d71da67fa4643c10"", ""pages"": [22, 23], ""locator"": ""Compound drawing and associated NMR spectrum: 14""}]",structures/14.svg,route_compound,pending_independent_chemist_review,False,False,
18,18,CCCCC/C=C/C1=CC(=O)[C@H]2O[C@H]2[C@@H]1O[Si](C)(C)C(C)(C)C,"(1S,5R,6R)-5-((tert-butyldimethylsilyl)oxy)-4-((E)-hept-1-en-1-yl)-7-oxabicyclo[4.1.0]hept-3-en-2-one",source_drawing_transcription,source_assigned_absolute_configuration,Exact experimental heading with line wraps/case normalized,source_heading_name_local_opsin_and_drawing_check,"(1S,5R,6R)-5-((tert-butyldimethylsilyl)oxy)-4-((E)-hept-1-en-1-yl)-7-oxabicyclo[4.1.0]hept-3-en-2-one",mol-3d5142941b98a9226e1bb53200695aac49256052f5118c2d5f1010b4098f20c7,CCCCC/C=C/C1=CC(=O)[C@H]2O[C@H]2[C@@H]1O[Si](C)(C)C(C)(C)C,C19H32O3Si,336.212071414,"[{""source_id"": ""article"", ""sha256"": ""df13b9a8e23a9583be5baca8c773906501a27031468818f7d101a9c6627fe7b1"", ""pages"": [6], ""locator"": ""Main experimental section / scheme: 18""}, {""source_id"": ""si"", ""sha256"": ""8c0c86424573a4358c8bdccfb6d184cb77d3eb5e3f636bd6d71da67fa4643c10"", ""pages"": [24, 25], ""locator"": ""Compound drawing and associated NMR spectrum: 18""}]",structures/18.svg,route_compound,pending_independent_chemist_review,False,False,
15,15,CCCCC/C=C/C1=CC(=O)[C@H]2O[C@H]2[C@@H]1O,"(1S,5R,6S)-4-((E)-hept-1-en-1-yl)-5-hydroxy-7-oxabicyclo[4.1.0]hept-3-en-2-one",source_drawing_transcription,source_assigned_absolute_configuration,Exact experimental heading with line wraps/case normalized,source_heading_name_local_opsin_and_drawing_check,"(1S,5R,6S)-4-((E)-hept-1-en-1-yl)-5-hydroxy-7-oxabicyclo[4.1.0]hept-3-en-2-one",mol-ceb75c4c7ec9c8c48730eec7ae91754a696d357f6452b3381e445935bb655d5e,CCCCC/C=C/C1=CC(=O)[C@H]2O[C@H]2[C@@H]1O,C13H18O3,222.125594436,"[{""source_id"": ""article"", ""sha256"": ""df13b9a8e23a9583be5baca8c773906501a27031468818f7d101a9c6627fe7b1"", ""pages"": [6, 7], ""locator"": ""Main experimental section / scheme: 15""}, {""source_id"": ""si"", ""sha256"": ""8c0c86424573a4358c8bdccfb6d184cb77d3eb5e3f636bd6d71da67fa4643c10"", ""pages"": [26, 27], ""locator"": ""Compound drawing and associated NMR spectrum: 15""}]",structures/15.svg,route_compound,pending_independent_chemist_review,False,False,
2-RR,"(4R,5R)-2",CCCCC/C=C/C1=CC(=O)C[C@@H](O)[C@@H]1O,"(4R,5R)-3-((E)-hept-1-en-1-yl)-4,5-dihydroxycyclohex-2-en-1-one",source_drawing_transcription,source_assigned_absolute_configuration,Exact experimental heading with line wraps/case normalized,source_heading_name_local_opsin_and_drawing_check,"(4R,5R)-3-((E)-hept-1-en-1-yl)-4,5-dihydroxycyclohex-2-en-1-one",mol-df1c6f2f7bdbd7fed0d560cc5b93e4a8114b9924f6f4be5dd381ab4b72320722,CCCCC/C=C/C1=CC(=O)C[C@@H](O)[C@@H]1O,C13H20O3,224.1412445,"[{""source_id"": ""article"", ""sha256"": ""df13b9a8e23a9583be5baca8c773906501a27031468818f7d101a9c6627fe7b1"", ""pages"": [7], ""locator"": ""Main experimental section / scheme: 2-RR""}, {""source_id"": ""si"", ""sha256"": ""8c0c86424573a4358c8bdccfb6d184cb77d3eb5e3f636bd6d71da67fa4643c10"", ""pages"": [28, 29], ""locator"": ""Compound drawing and associated NMR spectrum: 2-RR""}]",structures/2-RR.svg,route_compound,pending_independent_chemist_review,False,False,
1-RR,"(4R,5R)-1",CCCCC/C=C/C1=C(CO)C(=O)C[C@@H](O)[C@@H]1O,"(4R,5R)-3-((E)-hept-1-en-1-yl)-4,5-dihydroxy-2-(hydroxymethyl)cyclohex-2-en-1-one",source_drawing_transcription,source_assigned_absolute_configuration,Exact experimental heading with line wraps/case normalized,source_heading_name_local_opsin_and_drawing_check,"(4R,5R)-3-((E)-hept-1-en-1-yl)-4,5-dihydroxy-2-(hydroxymethyl)cyclohex-2-en-1-one",mol-02966b2d441ae60ddea075dd9efd099a7575a81e2406b16bcd3400f236283666,CCCCC/C=C/C1=C(CO)C(=O)C[C@@H](O)[C@@H]1O,C14H22O4,254.151809184,"[{""source_id"": ""article"", ""sha256"": ""df13b9a8e23a9583be5baca8c773906501a27031468818f7d101a9c6627fe7b1"", ""pages"": [7], ""locator"": ""Main experimental section / scheme: 1-RR""}, {""source_id"": ""si"", ""sha256"": ""8c0c86424573a4358c8bdccfb6d184cb77d3eb5e3f636bd6d71da67fa4643c10"", ""pages"": [30, 31], ""locator"": ""Compound drawing and associated NMR spectrum: 1-RR""}]",structures/1-RR.svg,target,pending_independent_chemist_review,False,False,revised_natural_violaceoid_E
19,19,CCCCC/C=C/[C@@H]1[C@@H](O[Si](C)(C)C(C)(C)C)[C@H]2O[C@H]2C(=O)[C@@H]1[Se]c1ccccc1,"(1R,3R,4R,5R,6S)-5-((tert-butyldimethylsilyl)oxy)-4-((E)-hept-1-en-1-yl)-3-(phenylselanyl)-7-oxabicyclo[4.1.0]heptan-2-one",source_drawing_transcription,source_assigned_absolute_configuration,Exact experimental heading with line wraps/case normalized,source_heading_name_local_opsin_and_drawing_check,"(1R,3R,4R,5R,6S)-5-((tert-butyldimethylsilyl)oxy)-4-((E)-hept-1-en-1-yl)-3-(phenylselanyl)-7-oxabicyclo[4.1.0]heptan-2-one",mol-5dc1388f098a41eafdfcdf859b10339e5823f82654bc1973911392e94cb77e50,CCCCC/C=C/[C@@H]1[C@@H](O[Si](C)(C)C(C)(C)C)[C@H]2O[C@H]2C(=O)[C@@H]1[Se]c1ccccc1,C25H38O3SeSi,494.1755429059999,"[{""source_id"": ""article"", ""sha256"": ""df13b9a8e23a9583be5baca8c773906501a27031468818f7d101a9c6627fe7b1"", ""pages"": [7], ""locator"": ""Main experimental section / scheme: 19""}, {""source_id"": ""si"", ""sha256"": ""8c0c86424573a4358c8bdccfb6d184cb77d3eb5e3f636bd6d71da67fa4643c10"", ""pages"": [32, 33], ""locator"": ""Compound drawing and associated NMR spectrum: 19""}]",structures/19.svg,route_compound,pending_independent_chemist_review,False,False,
16,16,CCCCC/C=C/[C@@H]1[C@@H](O[Si](C)(C)C(C)(C)C)[C@H]2O[C@H]2C(=O)[C@@]1(CO)[Se]c1ccccc1,"(1R,3R,4R,5R,6S)-5-((tert-butyldimethylsilyl)oxy)-4-((E)-hept-1-en-1-yl)-3-(hydroxymethyl)-3-(phenylselanyl)-7-oxabicyclo[4.1.0]heptan-2-one",source_drawing_transcription,source_assigned_absolute_configuration,Exact experimental heading with line wraps/case normalized,source_heading_name_local_opsin_and_drawing_check,"(1R,3R,4R,5R,6S)-5-((tert-butyldimethylsilyl)oxy)-4-((E)-hept-1-en-1-yl)-3-(hydroxymethyl)-3-(phenylselanyl)-7-oxabicyclo[4.1.0]heptan-2-one",mol-2b31f1232cc6c5811ff5dc555c951f74a2876d9b2ba8bcde8e6e5defd451a4d0,CCCCC/C=C/[C@@H]1[C@@H](O[Si](C)(C)C(C)(C)C)[C@H]2O[C@H]2C(=O)[C@@]1(CO)[Se]c1ccccc1,C26H40O4SeSi,524.1861075899999,"[{""source_id"": ""article"", ""sha256"": ""df13b9a8e23a9583be5baca8c773906501a27031468818f7d101a9c6627fe7b1"", ""pages"": [7], ""locator"": ""Main experimental section / scheme: 16""}, {""source_id"": ""si"", ""sha256"": ""8c0c86424573a4358c8bdccfb6d184cb77d3eb5e3f636bd6d71da67fa4643c10"", ""pages"": [34, 35], ""locator"": ""Compound drawing and associated NMR spectrum: 16""}]",structures/16.svg,route_compound,pending_independent_chemist_review,False,False,
20,20,CCCCC/C=C/C1=C(CO)C(=O)[C@@H]2O[C@@H]2[C@@H]1O[Si](C)(C)C(C)(C)C,"(1R,5R,6S)-5-((tert-butyldimethylsilyl)oxy)-4-((E)-hept-1-en-1-yl)-3-(hydroxymethyl)-7-oxabicyclo[4.1.0]hept-3-en-2-one",source_drawing_transcription,source_assigned_absolute_configuration,Exact experimental heading with line wraps/case normalized,source_heading_name_local_opsin_and_drawing_check,"(1R,5R,6S)-5-((tert-butyldimethylsilyl)oxy)-4-((E)-hept-1-en-1-yl)-3-(hydroxymethyl)-7-oxabicyclo[4.1.0]hept-3-en-2-one",mol-ba84a3c2bdc227e4a71f47471e16ca6ec6605bb83645371f4535c63a74c36ee9,CCCCC/C=C/C1=C(CO)C(=O)[C@@H]2O[C@@H]2[C@@H]1O[Si](C)(C)C(C)(C)C,C20H34O4Si,366.222636098,"[{""source_id"": ""article"", ""sha256"": ""df13b9a8e23a9583be5baca8c773906501a27031468818f7d101a9c6627fe7b1"", ""pages"": [7], ""locator"": ""Main experimental section / scheme: 20""}, {""source_id"": ""si"", ""sha256"": ""8c0c86424573a4358c8bdccfb6d184cb77d3eb5e3f636bd6d71da67fa4643c10"", ""pages"": [36, 37], ""locator"": ""Compound drawing and associated NMR spectrum: 20""}]",structures/20.svg,route_compound,pending_independent_chemist_review,False,False,
17,17,CCCCC/C=C/C1=C(CO)C(=O)[C@@H]2O[C@@H]2[C@@H]1O,"(1R,5R,6R)-4-((E)-hept-1-en-1-yl)-5-hydroxy-3-(hydroxymethyl)-7-oxabicyclo[4.1.0]hept-3-en-2-one",source_drawing_transcription,source_assigned_absolute_configuration,Exact experimental heading with line wraps/case normalized,source_heading_name_local_opsin_and_drawing_check,"(1R,5R,6R)-4-((E)-hept-1-en-1-yl)-5-hydroxy-3-(hydroxymethyl)-7-oxabicyclo[4.1.0]hept-3-en-2-one",mol-e8c475a83fefb877d355feb38e805c931bd8434cb77fb3f1ac771e38bf475713,CCCCC/C=C/C1=C(CO)C(=O)[C@@H]2O[C@@H]2[C@@H]1O,C14H20O4,252.13615912,"[{""source_id"": ""article"", ""sha256"": ""df13b9a8e23a9583be5baca8c773906501a27031468818f7d101a9c6627fe7b1"", ""pages"": [7], ""locator"": ""Main experimental section / scheme: 17""}, {""source_id"": ""si"", ""sha256"": ""8c0c86424573a4358c8bdccfb6d184cb77d3eb5e3f636bd6d71da67fa4643c10"", ""pages"": [38, 39], ""locator"": ""Compound drawing and associated NMR spectrum: 17""}]",structures/17.svg,route_compound,pending_independent_chemist_review,False,False,
7,7,CCCCC/C=C/[C@H]1C([Se]c2ccccc2)C(=O)C=C[C@@H]1O,,source_drawing_transcription,Selenium-bearing stereocenter unspecified in Scheme 2; other drawn stereobonds retained.,,,Compound 7,mol-5f83940d05e03a8d36350e0d59b7865eb5a94fc338e3589369fbc6f7fdfec499,CCCCC/C=C/[C@H]1C([Se]c2ccccc2)C(=O)C=C[C@@H]1O,C19H24O2Se,364.09415130799994,"[{""source_id"": ""article"", ""sha256"": ""df13b9a8e23a9583be5baca8c773906501a27031468818f7d101a9c6627fe7b1"", ""pages"": [2], ""locator"": ""Main experimental section / scheme: 7""}]",structures/7.svg,route_compound,pending_independent_chemist_review,False,False,
9,9,CCCCC/C=C/c1cc(O)ccc1O,,source_drawing_transcription,,,,Compound 9,mol-f566ce1a9365fc37dfb3d8b93d5c32c823dc560f6614dfe91ab5867c108324e9,CCCCC/C=C/c1cc(O)ccc1O,C13H18O2,206.130679816,"[{""source_id"": ""article"", ""sha256"": ""df13b9a8e23a9583be5baca8c773906501a27031468818f7d101a9c6627fe7b1"", ""pages"": [2], ""locator"": ""Main experimental section / scheme: 9""}]",structures/9.svg,route_compound,pending_independent_chemist_review,False,False,
hept-1-yne,hept-1-yne,C#CCCCCC,,procedural_interpretation,,,explicit_reagent_identity,Compound hept-1-yne,mol-108c6d9b986ebe4c70d639754d8fd9ac66ff914a33c4e70f31bbb5bc18553982,C#CCCCCC,C7H12,96.093900384,"[{""source_id"": ""article"", ""sha256"": ""df13b9a8e23a9583be5baca8c773906501a27031468818f7d101a9c6627fe7b1"", ""pages"": [5, 6, 7], ""locator"": ""Main experimental section / scheme: hept-1-yne""}]",structures/hept-1-yne.svg,route_compound,pending_independent_chemist_review,False,False,
formaldehyde,formaldehyde,C=O,,procedural_interpretation,,,explicit_reagent_identity,Compound formaldehyde,mol-b8bb80bb41bc93969bb5a606783dfd6648042576bce5878b86533f43894afb8a,C=O,CH2O,30.010564684,"[{""source_id"": ""article"", ""sha256"": ""df13b9a8e23a9583be5baca8c773906501a27031468818f7d101a9c6627fe7b1"", ""pages"": [5, 6, 7], ""locator"": ""Main experimental section / scheme: formaldehyde""}]",structures/formaldehyde.svg,route_compound,pending_independent_chemist_review,False,False,
