step_id,event_id,step_index_within_event,reactant_labels,product_labels,substrate_product_smiles,structure_basis,source_references,yield_percent,reported_yield_text,agents,solvents,agent_participant_ids,solvent_participant_ids,experimental_stage_count,unreported_internal_structure,operation_scope,formal_benchmark_eligible,admission_authority
E01.1,E01,1,"[""acid-B"", ""NHS""]","[""B""]",COc1ccc(CCC(=O)O)cc1OC.O=C1CCC(=O)N1O>>COc1ccc(CCC(=O)ON2C(=O)CCC2=O)cc1OC,procedural_interpretation,"[{""source_id"": ""si"", ""sha256"": ""56c4b259d9d1373bccfda452bb884366b725eb8a2029e09bd3b48072d1031581"", ""pages"": [], ""locator_kind"": ""native_document_object"", ""source_member"": ""word/embeddings/oleObject1.bin"", ""cdx_sha256"": ""971a4ada0cd05b68774f4fa57eb22ec692141b4f8706557a0a9ead83dd5fd6d4"", ""xml_paragraph_index_1based"": 24, ""locator"": ""SI native object in paragraph 23; E01: acid-B,NHS -> B""}]",98.6,,"[""COCl2 (source literal; identity unresolved)"", ""N,N-dimethylformamide"", ""triethylamine""]","[""dichloromethane"", ""tetrahydrofuran""]","[""chlorinating-agent"", ""DMF"", ""TEA""]","[""DCM"", ""THF""]",2,True,Activation followed by NHS ester formation; internal acid chloride not drawn,False,False
E02.1,E02,1,"[""acid-C"", ""NHS""]","[""C""]",COc1ccc(/C=C/C(=O)O)cc1OC.O=C1CCC(=O)N1O>>COc1ccc(/C=C/C(=O)ON2C(=O)CCC2=O)cc1OC,procedural_interpretation,"[{""source_id"": ""si"", ""sha256"": ""56c4b259d9d1373bccfda452bb884366b725eb8a2029e09bd3b48072d1031581"", ""pages"": [], ""locator_kind"": ""native_document_object"", ""source_member"": ""word/embeddings/oleObject2.bin"", ""cdx_sha256"": ""3856ea8b7cdd1f787c04c17ccdec327aea73a59342e0a3ab7fb5231a212a05bc"", ""xml_paragraph_index_1based"": 27, ""locator"": ""SI native object in paragraph 26; E02: acid-C,NHS -> C""}]",98,,"[""COCl2 (source literal; identity unresolved)"", ""N,N-dimethylformamide"", ""triethylamine""]","[""dichloromethane"", ""tetrahydrofuran""]","[""chlorinating-agent"", ""DMF"", ""TEA""]","[""DCM"", ""THF""]",2,True,Activation followed by NHS ester formation; internal acid chloride not drawn,False,False
E03.1,E03,1,"[""3"", ""acrylonitrile""]","[""4""]",C=CC#N.CC(C)(C)OC(=O)NCCCCN>>CC(C)(C)OC(=O)NCCCCNCCC#N,source_drawing_transcription,"[{""source_id"": ""si"", ""sha256"": ""56c4b259d9d1373bccfda452bb884366b725eb8a2029e09bd3b48072d1031581"", ""pages"": [], ""locator_kind"": ""native_document_object"", ""source_member"": ""word/embeddings/oleObject4.bin"", ""cdx_sha256"": ""fb2436e8e2bee2946d4d768f3bbefcb42743c368bdbe7ad24eaf265cceb37be4"", ""xml_paragraph_index_1based"": 33, ""locator"": ""SI native object in paragraph 32; E03: 3,acrylonitrile -> 4""}]",,quantitative,[],"[""methanol""]",[],"[""MeOH""]",1,False,One source-reported preparation event,False,False
E04.1,E04,1,"[""4"", ""CbzCl""]","[""5""]",CC(C)(C)OC(=O)NCCCCNCCC#N.O=C(Cl)OCc1ccccc1>>CC(C)(C)OC(=O)NCCCCN(CCC#N)C(=O)OCc1ccccc1,procedural_interpretation,"[{""source_id"": ""si"", ""sha256"": ""56c4b259d9d1373bccfda452bb884366b725eb8a2029e09bd3b48072d1031581"", ""pages"": [], ""locator_kind"": ""native_document_object"", ""source_member"": ""word/embeddings/oleObject5.bin"", ""cdx_sha256"": ""f336c75d96f5012dd7a2f9613b7c29885937b8b9e290c8610650358c90787f46"", ""xml_paragraph_index_1based"": 36, ""locator"": ""SI native object in paragraph 35; E04: 4,CbzCl -> 5""}]",84.8,,"[""triethylamine""]","[""tetrahydrofuran""]","[""TEA""]","[""THF""]",1,False,One source-reported preparation event,False,False
E05.1,E05,1,"[""5"", ""B""]","[""6""]",CC(C)(C)OC(=O)NCCCCN(CCC#N)C(=O)OCc1ccccc1.COc1ccc(CCC(=O)ON2C(=O)CCC2=O)cc1OC>>COc1ccc(CCC(=O)NCCCN(CCCCNC(=O)OC(C)(C)C)C(=O)OCc2ccccc2)cc1OC,source_drawing_transcription,"[{""source_id"": ""si"", ""sha256"": ""56c4b259d9d1373bccfda452bb884366b725eb8a2029e09bd3b48072d1031581"", ""pages"": [], ""locator_kind"": ""native_document_object"", ""source_member"": ""word/embeddings/oleObject6.bin"", ""cdx_sha256"": ""48272d2d2ea4be63df2bd4d0f2e4975ad5b0eb2c0d4dc8d8fef3c57aada168f0"", ""xml_paragraph_index_1based"": 39, ""locator"": ""SI native object in paragraph 38; E05: 5,B -> 6""}]",68,,"[""nickel(II) chloride hexahydrate"", ""sodium borohydride"", ""N,N-diisopropylethylamine""]","[""methanol""]","[""NiCl2-6H2O"", ""NaBH4"", ""DIPEA""]","[""MeOH""]",2,True,Nitrile reduction followed by acylation; internal amine not drawn,False,False
E06.1,E06,1,"[""6""]","[""7""]",COc1ccc(CCC(=O)NCCCN(CCCCNC(=O)OC(C)(C)C)C(=O)OCc2ccccc2)cc1OC>>COc1ccc(CCC(=O)NCCCN(CCCCN)C(=O)OCc2ccccc2)cc1OC,source_drawing_transcription,"[{""source_id"": ""si"", ""sha256"": ""56c4b259d9d1373bccfda452bb884366b725eb8a2029e09bd3b48072d1031581"", ""pages"": [], ""locator_kind"": ""native_document_object"", ""source_member"": ""word/embeddings/oleObject7.bin"", ""cdx_sha256"": ""b04851a08dc48d20693cd8cf207dc4d4cf8923b279b1d5e9ed53d9d806c288b1"", ""xml_paragraph_index_1based"": 42, ""locator"": ""SI native object in paragraph 41; E06: 6 -> 7""}]",,quantitative,"[""hydrochloric acid""]","[""dichloromethane"", ""1,4-dioxane""]","[""HCl""]","[""DCM"", ""dioxane""]",1,False,One source-reported preparation event,False,False
E07.1,E07,1,"[""7"", ""C""]","[""8""]",COc1ccc(/C=C/C(=O)ON2C(=O)CCC2=O)cc1OC.COc1ccc(CCC(=O)NCCCN(CCCCN)C(=O)OCc2ccccc2)cc1OC>>COc1ccc(/C=C/C(=O)NCCCCN(CCCNC(=O)CCc2ccc(OC)c(OC)c2)C(=O)OCc2ccccc2)cc1OC,source_drawing_transcription,"[{""source_id"": ""si"", ""sha256"": ""56c4b259d9d1373bccfda452bb884366b725eb8a2029e09bd3b48072d1031581"", ""pages"": [], ""locator_kind"": ""native_document_object"", ""source_member"": ""word/embeddings/oleObject8.bin"", ""cdx_sha256"": ""2413ab04d9ffbaed776838eb448f1d25db583944f52dae110f02e53dd5a58d5e"", ""xml_paragraph_index_1based"": 45, ""locator"": ""SI native object in paragraph 44; E07: 7,C -> 8""}]",88,,"[""N,N-diisopropylethylamine""]","[""dichloromethane""]","[""DIPEA""]","[""DCM""]",1,False,One source-reported preparation event,False,False
E08.1,E08,1,"[""8""]","[""1""]",COc1ccc(/C=C/C(=O)NCCCCN(CCCNC(=O)CCc2ccc(OC)c(OC)c2)C(=O)OCc2ccccc2)cc1OC>>O=C(/C=C/c1ccc(O)c(O)c1)NCCCCNCCCNC(=O)CCc1ccc(O)c(O)c1,source_drawing_transcription,"[{""source_id"": ""si"", ""sha256"": ""56c4b259d9d1373bccfda452bb884366b725eb8a2029e09bd3b48072d1031581"", ""pages"": [], ""locator_kind"": ""native_document_object"", ""source_member"": ""word/embeddings/oleObject9.bin"", ""cdx_sha256"": ""5549a7660c165d68da84773033b7d0ca0f2e69bf33c70e17227bf9d358bf6f50"", ""xml_paragraph_index_1based"": 48, ""locator"": ""SI native object in paragraph 47; E08: 8 -> 1""}]",71,,"[""boron tribromide""]","[""dichloromethane""]","[""BBr3""]","[""DCM""]",1,False,One source-reported preparation event,False,False
E09.1,E09,1,"[""4"", ""methyl-2-bromopropionate""]","[""9""]",CC(C)(C)OC(=O)NCCCCNCCC#N.COC(=O)C(C)Br>>COC(=O)C(C)N(CCC#N)CCCCNC(=O)OC(C)(C)C,source_drawing_transcription,"[{""source_id"": ""si"", ""sha256"": ""56c4b259d9d1373bccfda452bb884366b725eb8a2029e09bd3b48072d1031581"", ""pages"": [], ""locator_kind"": ""native_document_object"", ""source_member"": ""word/embeddings/oleObject11.bin"", ""cdx_sha256"": ""f4b6f5a8af56d97c7e3e0fc98774e4a6df4cf3ddec8d67b7409f1fc101000ee2"", ""xml_paragraph_index_1based"": 54, ""locator"": ""SI native object in paragraph 53; E09: 4,methyl-2-bromopropionate -> 9""}]",73,,"[""potassium carbonate""]","[""acetonitrile""]","[""K2CO3""]","[""MeCN""]",1,False,One source-reported preparation event,False,False
E10.1,E10,1,"[""9"", ""B""]","[""10""]",COC(=O)C(C)N(CCC#N)CCCCNC(=O)OC(C)(C)C.COc1ccc(CCC(=O)ON2C(=O)CCC2=O)cc1OC>>COC(=O)C(C)N(CCCCNC(=O)OC(C)(C)C)CCCNC(=O)CCc1ccc(OC)c(OC)c1,source_drawing_transcription,"[{""source_id"": ""si"", ""sha256"": ""56c4b259d9d1373bccfda452bb884366b725eb8a2029e09bd3b48072d1031581"", ""pages"": [], ""locator_kind"": ""native_document_object"", ""source_member"": ""word/embeddings/oleObject12.bin"", ""cdx_sha256"": ""89eb76c2e5a853aad1512af6001bd877767f014f97b1c9e9aeb7131796dd7fd0"", ""xml_paragraph_index_1based"": 57, ""locator"": ""SI native object in paragraph 56; E10: 9,B -> 10""}]",50,,"[""nickel(II) chloride hexahydrate"", ""sodium borohydride"", ""N,N-diisopropylethylamine""]","[""methanol""]","[""NiCl2-6H2O"", ""NaBH4"", ""DIPEA""]","[""MeOH""]",2,True,Nitrile reduction followed by acylation; internal amine not drawn,False,False
E11.1,E11,1,"[""10""]","[""11""]",COC(=O)C(C)N(CCCCNC(=O)OC(C)(C)C)CCCNC(=O)CCc1ccc(OC)c(OC)c1>>COC(=O)C(C)N(CCCCN)CCCNC(=O)CCc1ccc(OC)c(OC)c1,source_drawing_transcription,"[{""source_id"": ""si"", ""sha256"": ""56c4b259d9d1373bccfda452bb884366b725eb8a2029e09bd3b48072d1031581"", ""pages"": [], ""locator_kind"": ""native_document_object"", ""source_member"": ""word/embeddings/oleObject13.bin"", ""cdx_sha256"": ""7966852913e890327d93fe63d024d6588d2be31b1fb651daf61e48de994c07d5"", ""xml_paragraph_index_1based"": 60, ""locator"": ""SI native object in paragraph 59; E11: 10 -> 11""}]",,not reported,"[""hydrochloric acid""]","[""dichloromethane"", ""1,4-dioxane""]","[""HCl""]","[""DCM"", ""dioxane""]",1,False,One source-reported preparation event,False,False
E12.1,E12,1,"[""11"", ""C""]","[""12""]",COC(=O)C(C)N(CCCCN)CCCNC(=O)CCc1ccc(OC)c(OC)c1.COc1ccc(/C=C/C(=O)ON2C(=O)CCC2=O)cc1OC>>COC(=O)C(C)N(CCCCNC(=O)/C=C/c1ccc(OC)c(OC)c1)CCCNC(=O)CCc1ccc(OC)c(OC)c1,source_drawing_transcription,"[{""source_id"": ""si"", ""sha256"": ""56c4b259d9d1373bccfda452bb884366b725eb8a2029e09bd3b48072d1031581"", ""pages"": [], ""locator_kind"": ""native_document_object"", ""source_member"": ""word/embeddings/oleObject14.bin"", ""cdx_sha256"": ""cce658caf1e14ff41dae507894534c18cb87ecef2b3665ef53b37bc3904d1704"", ""xml_paragraph_index_1based"": 63, ""locator"": ""SI native object in paragraph 62; E12: 11,C -> 12""}]",78,,"[""N,N-diisopropylethylamine""]","[""dichloromethane""]","[""DIPEA""]","[""DCM""]",1,False,One source-reported preparation event,False,False
E13.1,E13,1,"[""12""]","[""13""]",COC(=O)C(C)N(CCCCNC(=O)/C=C/c1ccc(OC)c(OC)c1)CCCNC(=O)CCc1ccc(OC)c(OC)c1>>COc1ccc(/C=C/C(=O)NCCCCN(CCCNC(=O)CCc2ccc(OC)c(OC)c2)C(C)C(=O)O)cc1OC,source_drawing_transcription,"[{""source_id"": ""si"", ""sha256"": ""56c4b259d9d1373bccfda452bb884366b725eb8a2029e09bd3b48072d1031581"", ""pages"": [], ""locator_kind"": ""native_document_object"", ""source_member"": ""word/embeddings/oleObject15.bin"", ""cdx_sha256"": ""fbceec69a96e4204e21387c927b72451c83c64f74b5dbe076bfcc0aaa3ecf06d"", ""xml_paragraph_index_1based"": 66, ""locator"": ""SI native object in paragraph 65; E13: 12 -> 13""}]",,not reported,"[""lithium hydroxide (hydration unspecified)""]","[""tetrahydrofuran"", ""water""]","[""LiOH""]","[""THF"", ""water""]",1,False,One source-reported preparation event,False,False
E14.1,E14,1,"[""13""]","[""2""]",COc1ccc(/C=C/C(=O)NCCCCN(CCCNC(=O)CCc2ccc(OC)c(OC)c2)C(C)C(=O)O)cc1OC>>CC(C(=O)O)N(CCCCNC(=O)/C=C/c1ccc(O)c(O)c1)CCCNC(=O)CCc1ccc(O)c(O)c1,source_drawing_transcription,"[{""source_id"": ""si"", ""sha256"": ""56c4b259d9d1373bccfda452bb884366b725eb8a2029e09bd3b48072d1031581"", ""pages"": [], ""locator_kind"": ""native_document_object"", ""source_member"": ""word/embeddings/oleObject16.bin"", ""cdx_sha256"": ""111a07142a66b191e03a4556dce5e5e9137b52f024db7fc6e7511a0b71da2a12"", ""xml_paragraph_index_1based"": 69, ""locator"": ""SI native object in paragraph 68; E14: 13 -> 2""}]",85,,"[""boron tribromide""]","[""dichloromethane""]","[""BBr3""]","[""DCM""]",1,False,One source-reported preparation event,False,False
