reagents,solvents,yield_scope,operation_stages,event_id,reactant_labels,product_labels,substrate_product_smiles,source_references,reported_yields,step_ids,category,formal_benchmark_eligible,admission_authority,experimental_stage_count,review_status,yield_from_label,transformation_scope,source_table_entry,temperature,time
"[""BnBr"", ""K2CO3"", ""NaOH"", ""Me2NH.HCl"", ""EDCI"", ""Et3N""]","[""DMF"", ""MeOH"", ""DCM""]","89% stated over2steps; paragraph contains three chemical operations, no drawn intermediates.","[{""name"": ""Benzylation"", ""reagents"": [""BnBr"", ""K2CO3""], ""solvents"": [""DMF""]}, {""name"": ""Hydrolysis"", ""reagents"": [""NaOH""], ""solvents"": [""MeOH"", ""water""]}, {""name"": ""Amidation"", ""reagents"": [""Me2NH.HCl"", ""EDCI"", ""Et3N""], ""solvents"": [""DCM""]}]",C01,"[""8""]","[""11""]",COc1ccc(O)c(C(=O)O)c1>>COc1ccc(OCc2ccccc2)c(C(=O)N(C)C)c1,"[{""source_id"": ""si"", ""sha256"": ""8d61f38e1bb4ba4c2b327d11e7a96bff2656976af7645c3ad6047f05cdcbc43d"", ""pages"": [20], ""locator"": ""SI drawing/procedure: C01""}]","[{""product_label"": ""11"", ""percent"": 89, ""from_label"": ""8"", ""scope"": ""89% stated over2steps; paragraph contains three chemical operations, no drawn intermediates.""}]","[""C01.1""]",forward_synthesis,False,False,3,pending_independent_chemist_review,,,,,
"[""n-BuLi"", ""TMEDA"", ""DMF""]","[""THF""]",65% over3steps from8; not isolated individual11->12 yield.,,C02,"[""11""]","[""12""]",COc1ccc(OCc2ccccc2)c(C(=O)N(C)C)c1>>COc1ccc(OCc2ccccc2)c(C(=O)N(C)C)c1C=O,"[{""source_id"": ""si"", ""sha256"": ""8d61f38e1bb4ba4c2b327d11e7a96bff2656976af7645c3ad6047f05cdcbc43d"", ""pages"": [20, 21], ""locator"": ""SI drawing/procedure: C02""}]","[{""product_label"": ""12"", ""percent"": 65, ""from_label"": ""8"", ""scope"": ""65% over3steps from8; not isolated individual11->12 yield.""}]","[""C02.1""]",forward_synthesis,False,False,1,pending_independent_chemist_review,8,,,,
"[""HCl"", ""PhSH"", ""p-TsOH""]","[""AcOH"", ""toluene""]",90% over2operations without drawn hydrolysis intermediate.,"[{""name"": ""Hydrolysis"", ""reagents"": [""HCl""], ""solvents"": [""AcOH""]}, {""name"": ""Thioacetal formation"", ""reagents"": [""PhSH"", ""p-TsOH""], ""solvents"": [""toluene""]}]",C03,"[""12""]","[""7""]",COc1ccc(OCc2ccccc2)c(C(=O)N(C)C)c1C=O>>COc1ccc(OCc2ccccc2)c2c1C(Sc1ccccc1)OC2=O,"[{""source_id"": ""si"", ""sha256"": ""8d61f38e1bb4ba4c2b327d11e7a96bff2656976af7645c3ad6047f05cdcbc43d"", ""pages"": [21, 22], ""locator"": ""SI drawing/procedure: C03""}]","[{""product_label"": ""7"", ""percent"": 90, ""from_label"": ""12"", ""scope"": ""90% over2operations without drawn hydrolysis intermediate.""}]","[""C03.1""]",forward_synthesis,False,False,2,pending_independent_chemist_review,,,,,
"[""LiHMDS""]","[""THF""]",,,C04,"[""7"", ""5""]","[""13""]",COC1(C)C=CC(=O)O1.COc1ccc(OCc2ccccc2)c2c1C(Sc1ccccc1)OC2=O>>COc1ccc(OCc2ccccc2)c2c(O)c3c(c(O)c12)C(C)(OC)OC3=O,"[{""source_id"": ""si"", ""sha256"": ""8d61f38e1bb4ba4c2b327d11e7a96bff2656976af7645c3ad6047f05cdcbc43d"", ""pages"": [22, 23], ""locator"": ""SI drawing/procedure: C04""}]","[{""product_label"": ""13"", ""percent"": 65, ""from_label"": ""7"", ""scope"": ""Reported preparation yield; mixture components are not assigned individual yields.""}]","[""C04.1""]",forward_synthesis,False,False,1,pending_independent_chemist_review,,,,,
"[""TMSEOH"", ""Ph3P"", ""DIAD""]","[""toluene""]",,,C05,"[""13""]","[""14""]",COc1ccc(OCc2ccccc2)c2c(O)c3c(c(O)c12)C(C)(OC)OC3=O>>COc1ccc(OCc2ccccc2)c2c(OCC[Si](C)(C)C)c3c(c(OCC[Si](C)(C)C)c12)C(C)(OC)OC3=O,"[{""source_id"": ""si"", ""sha256"": ""8d61f38e1bb4ba4c2b327d11e7a96bff2656976af7645c3ad6047f05cdcbc43d"", ""pages"": [23, 24], ""locator"": ""SI drawing/procedure: C05""}]","[{""product_label"": ""14"", ""percent"": 84, ""from_label"": ""13"", ""scope"": ""Reported preparation yield; mixture components are not assigned individual yields.""}]","[""C05.1""]",forward_synthesis,False,False,1,pending_independent_chemist_review,,,,,
"[""H2"", ""Pd/C""]","[""EtOAc""]",,,C06,"[""14""]","[""15""]",COc1ccc(OCc2ccccc2)c2c(OCC[Si](C)(C)C)c3c(c(OCC[Si](C)(C)C)c12)C(C)(OC)OC3=O>>COc1ccc(O)c2c(OCC[Si](C)(C)C)c3c(c(OCC[Si](C)(C)C)c12)C(C)(OC)OC3=O,"[{""source_id"": ""si"", ""sha256"": ""8d61f38e1bb4ba4c2b327d11e7a96bff2656976af7645c3ad6047f05cdcbc43d"", ""pages"": [24], ""locator"": ""SI drawing/procedure: C06""}]","[{""product_label"": ""15"", ""percent"": 75, ""from_label"": ""14"", ""scope"": ""Reported preparation yield; mixture components are not assigned individual yields.""}]","[""C06.1""]",forward_synthesis,False,False,1,pending_independent_chemist_review,,,,,
"[""pyridinium tribromide""]","[""pyridine""]",,,C07,"[""15""]","[""16""]",COc1ccc(O)c2c(OCC[Si](C)(C)C)c3c(c(OCC[Si](C)(C)C)c12)C(C)(OC)OC3=O>>COc1cc(Br)c(O)c2c(OCC[Si](C)(C)C)c3c(c(OCC[Si](C)(C)C)c12)C(C)(OC)OC3=O,"[{""source_id"": ""si"", ""sha256"": ""8d61f38e1bb4ba4c2b327d11e7a96bff2656976af7645c3ad6047f05cdcbc43d"", ""pages"": [24, 25], ""locator"": ""SI drawing/procedure: C07""}]","[{""product_label"": ""16"", ""percent"": 64, ""from_label"": ""15"", ""scope"": ""Reported preparation yield; mixture components are not assigned individual yields.""}]","[""C07.1""]",forward_synthesis,False,False,1,pending_independent_chemist_review,,,,,
"[""Oxone"", ""TBAB""]","[""MeCN"", ""water""]",,,C08,"[""16""]","[""17""]",COc1cc(Br)c(O)c2c(OCC[Si](C)(C)C)c3c(c(OCC[Si](C)(C)C)c12)C(C)(OC)OC3=O>>COC1(C)OC(=O)c2c(OCC[Si](C)(C)C)c3c(c(OCC[Si](C)(C)C)c21)C(=O)C=C(Br)C3=O,"[{""source_id"": ""si"", ""sha256"": ""8d61f38e1bb4ba4c2b327d11e7a96bff2656976af7645c3ad6047f05cdcbc43d"", ""pages"": [25, 26], ""locator"": ""SI drawing/procedure: C08""}]","[{""product_label"": ""17"", ""percent"": 99, ""from_label"": ""16"", ""scope"": ""Reported preparation yield; mixture components are not assigned individual yields.""}]","[""C08.1""]",forward_synthesis,False,False,1,pending_independent_chemist_review,,,,,
"[""HCl"", ""NaNO2"", ""CuCl"", ""LAH"", ""DMP""]","[""acetone"", ""THF"", ""DCM""]","86% over3operations, intermediates not drawn.","[{""name"": ""Sandmeyer chlorination"", ""reagents"": [""HCl"", ""NaNO2"", ""CuCl""], ""solvents"": [""acetone""]}, {""name"": ""Ester reduction"", ""reagents"": [""LAH""], ""solvents"": [""THF""]}, {""name"": ""Alcohol oxidation"", ""reagents"": [""DMP""], ""solvents"": [""DCM""]}]",B01,"[""10""]","[""19""]",COC(=O)c1cc(C)c(N)c(OC)c1>>COc1cc(C=O)cc(C)c1Cl,"[{""source_id"": ""si"", ""sha256"": ""8d61f38e1bb4ba4c2b327d11e7a96bff2656976af7645c3ad6047f05cdcbc43d"", ""pages"": [26, 27], ""locator"": ""SI drawing/procedure: B01""}]","[{""product_label"": ""19"", ""percent"": 86, ""from_label"": ""10"", ""scope"": ""86% over3operations, intermediates not drawn.""}]","[""B01.1""]",forward_synthesis,False,False,3,pending_independent_chemist_review,,,,,
"[""n-BuLi"", ""N,N,N′-trimethylethylenediamine"", ""BrCF2CF2Br""]","[""THF""]",78% isolated;87% based on recovered starting material.,,B02,"[""19""]","[""21""]",COc1cc(C=O)cc(C)c1Cl>>COc1c(Cl)c(C)cc(C=O)c1Br,"[{""source_id"": ""si"", ""sha256"": ""8d61f38e1bb4ba4c2b327d11e7a96bff2656976af7645c3ad6047f05cdcbc43d"", ""pages"": [27, 28], ""locator"": ""SI drawing/procedure: B02""}]","[{""product_label"": ""21"", ""percent"": 78, ""from_label"": ""19"", ""scope"": ""78% isolated;87% based on recovered starting material.""}]","[""B02.1""]",forward_synthesis,False,False,1,pending_independent_chemist_review,,,,,
"[""NaH""]","[""THF""]",,,B03,"[""21"", ""phosphonoacetate""]","[""S5""]",CCOC(=O)CP(=O)(OCC)OCC.COc1c(Cl)c(C)cc(C=O)c1Br>>CCOC(=O)/C=C/c1cc(C)c(Cl)c(OC)c1Br,"[{""source_id"": ""si"", ""sha256"": ""8d61f38e1bb4ba4c2b327d11e7a96bff2656976af7645c3ad6047f05cdcbc43d"", ""pages"": [28], ""locator"": ""SI drawing/procedure: B03""}]","[{""product_label"": ""S5"", ""percent"": 97, ""from_label"": ""21"", ""scope"": ""Reported preparation yield; mixture components are not assigned individual yields.""}]","[""B03.1""]",forward_synthesis,False,False,1,pending_independent_chemist_review,,,,,
"[""TsNHNH2"", ""NaOAc""]","[""THF"", ""water""]",,,B04,"[""S5""]","[""S6""]",CCOC(=O)/C=C/c1cc(C)c(Cl)c(OC)c1Br>>CCOC(=O)CCc1cc(C)c(Cl)c(OC)c1Br,"[{""source_id"": ""si"", ""sha256"": ""8d61f38e1bb4ba4c2b327d11e7a96bff2656976af7645c3ad6047f05cdcbc43d"", ""pages"": [28, 29], ""locator"": ""SI drawing/procedure: B04""}]","[{""product_label"": ""S6"", ""percent"": 96, ""from_label"": ""S5"", ""scope"": ""Reported preparation yield; mixture components are not assigned individual yields.""}]","[""B04.1""]",forward_synthesis,False,False,1,pending_independent_chemist_review,,,,,
"[""NaOH""]","[""EtOH"", ""water""]",,,B05,"[""S6""]","[""9""]",CCOC(=O)CCc1cc(C)c(Cl)c(OC)c1Br>>COc1c(Cl)c(C)cc(CCC(=O)O)c1Br,"[{""source_id"": ""si"", ""sha256"": ""8d61f38e1bb4ba4c2b327d11e7a96bff2656976af7645c3ad6047f05cdcbc43d"", ""pages"": [29, 30], ""locator"": ""SI drawing/procedure: B05""}]","[{""product_label"": ""9"", ""percent"": 98, ""from_label"": ""S6"", ""scope"": ""Reported preparation yield; mixture components are not assigned individual yields.""}]","[""B05.1""]",forward_synthesis,False,False,1,pending_independent_chemist_review,,,,,
"[""AgNO3"", ""(NH4)2S2O8""]","[""MeCN"", ""water""]",,,B06,"[""17"", ""9""]","[""23""]",COC1(C)OC(=O)c2c(OCC[Si](C)(C)C)c3c(c(OCC[Si](C)(C)C)c21)C(=O)C=C(Br)C3=O.COc1c(Cl)c(C)cc(CCC(=O)O)c1Br>>COc1c(Cl)c(C)cc(CCC2=C(Br)C(=O)c3c(OCC[Si](C)(C)C)c4c(c(OCC[Si](C)(C)C)c3C2=O)C(C)(OC)OC4=O)c1Br,"[{""source_id"": ""si"", ""sha256"": ""8d61f38e1bb4ba4c2b327d11e7a96bff2656976af7645c3ad6047f05cdcbc43d"", ""pages"": [30], ""locator"": ""SI drawing/procedure: B06""}]","[{""product_label"": ""23"", ""percent"": 76, ""from_label"": ""17"", ""scope"": ""Reported preparation yield; mixture components are not assigned individual yields.""}]","[""B06.1""]",forward_synthesis,False,False,1,pending_independent_chemist_review,,,,,
"[""Pd2(dba)3"", ""P(o-tolyl)3"", ""CuTC"", ""(n-Bu3Sn)2""]","[""1,4-dioxane""]",,,B07,"[""23""]","[""24""]",COc1c(Cl)c(C)cc(CCC2=C(Br)C(=O)c3c(OCC[Si](C)(C)C)c4c(c(OCC[Si](C)(C)C)c3C2=O)C(C)(OC)OC4=O)c1Br>>COc1c(Cl)c(C)cc2c1C1=C(CC2)C(=O)c2c(OCC[Si](C)(C)C)c3c(c(OCC[Si](C)(C)C)c2C1=O)C(=O)OC3(C)OC,"[{""source_id"": ""si"", ""sha256"": ""8d61f38e1bb4ba4c2b327d11e7a96bff2656976af7645c3ad6047f05cdcbc43d"", ""pages"": [31], ""locator"": ""SI drawing/procedure: B07""}]","[{""product_label"": ""24"", ""percent"": 35, ""from_label"": ""23"", ""scope"": ""Reported preparation yield; mixture components are not assigned individual yields.""}]","[""B07.1""]",forward_synthesis,False,False,1,pending_independent_chemist_review,,,,,
"[""TBAF""]","[""THF""]",,,B08,"[""24""]","[""2""]",COc1c(Cl)c(C)cc2c1C1=C(CC2)C(=O)c2c(OCC[Si](C)(C)C)c3c(c(OCC[Si](C)(C)C)c2C1=O)C(=O)OC3(C)OC>>COc1c(Cl)c(C)cc2ccc3c(c12)C(=O)c1c(O)c2c(c(O)c1C3=O)C(C)(OC)OC2=O,"[{""source_id"": ""si"", ""sha256"": ""8d61f38e1bb4ba4c2b327d11e7a96bff2656976af7645c3ad6047f05cdcbc43d"", ""pages"": [31, 32], ""locator"": ""SI drawing/procedure: B08""}]","[{""product_label"": ""2"", ""percent"": 65, ""from_label"": ""24"", ""scope"": ""Reported preparation yield; mixture components are not assigned individual yields.""}]","[""B08.1""]",forward_synthesis,False,False,1,pending_independent_chemist_review,,Deprotection and observed aromatization; no unreported oxidant inferred.,,,
"[""Cu(OTf)2"", ""CF3SO2Na"", ""TBHP""]","[""DMSO"", ""water""]",,,A01,"[""27""]","[""28""]",COC(=O)c1ccc(N)c(OC)c1>>COC(=O)c1cc(OC)c(N)c(C(F)(F)F)c1,"[{""source_id"": ""si"", ""sha256"": ""8d61f38e1bb4ba4c2b327d11e7a96bff2656976af7645c3ad6047f05cdcbc43d"", ""pages"": [32, 33], ""locator"": ""SI drawing/procedure: A01""}]","[{""product_label"": ""28"", ""percent"": 36, ""from_label"": ""27"", ""scope"": ""Reported preparation yield; mixture components are not assigned individual yields.""}]","[""A01.1""]",forward_synthesis,False,False,1,pending_independent_chemist_review,,,,,
"[""HCl"", ""NaNO2"", ""CuCl""]","[""acetone""]",,,A02,"[""28""]","[""S7""]",COC(=O)c1cc(OC)c(N)c(C(F)(F)F)c1>>COC(=O)c1cc(OC)c(Cl)c(C(F)(F)F)c1,"[{""source_id"": ""si"", ""sha256"": ""8d61f38e1bb4ba4c2b327d11e7a96bff2656976af7645c3ad6047f05cdcbc43d"", ""pages"": [33, 34], ""locator"": ""SI drawing/procedure: A02""}]","[{""product_label"": ""S7"", ""percent"": 54, ""from_label"": ""28"", ""scope"": ""Reported preparation yield; mixture components are not assigned individual yields.""}]","[""A02.1""]",forward_synthesis,False,False,1,pending_independent_chemist_review,,,,,
"[""LAH"", ""DMP""]","[""THF"", ""DCM""]",82% over2operations without drawn alcohol.,"[{""name"": ""Ester reduction"", ""reagents"": [""LAH""], ""solvents"": [""THF""]}, {""name"": ""Alcohol oxidation"", ""reagents"": [""DMP""], ""solvents"": [""DCM""]}]",A03,"[""S7""]","[""29""]",COC(=O)c1cc(OC)c(Cl)c(C(F)(F)F)c1>>COc1cc(C=O)cc(C(F)(F)F)c1Cl,"[{""source_id"": ""si"", ""sha256"": ""8d61f38e1bb4ba4c2b327d11e7a96bff2656976af7645c3ad6047f05cdcbc43d"", ""pages"": [34], ""locator"": ""SI drawing/procedure: A03""}]","[{""product_label"": ""29"", ""percent"": 82, ""from_label"": ""S7"", ""scope"": ""82% over2operations without drawn alcohol.""}]","[""A03.1""]",forward_synthesis,False,False,2,pending_independent_chemist_review,,,,,
"[""n-BuLi"", ""N,N,N′-trimethylethylenediamine"", ""BrCF2CF2Br""]","[""THF""]",,,A04,"[""29""]","[""S8""]",COc1cc(C=O)cc(C(F)(F)F)c1Cl>>COc1c(Cl)c(C(F)(F)F)cc(C=O)c1Br,"[{""source_id"": ""si"", ""sha256"": ""8d61f38e1bb4ba4c2b327d11e7a96bff2656976af7645c3ad6047f05cdcbc43d"", ""pages"": [34, 35], ""locator"": ""SI drawing/procedure: A04""}]","[{""product_label"": ""S8"", ""percent"": 58, ""from_label"": ""29"", ""scope"": ""Reported preparation yield; mixture components are not assigned individual yields.""}]","[""A04.1""]",forward_synthesis,False,False,1,pending_independent_chemist_review,,,,,
"[""NaH""]","[""THF""]",,,A05,"[""S8"", ""phosphonoacetate""]","[""30""]",CCOC(=O)CP(=O)(OCC)OCC.COc1c(Cl)c(C(F)(F)F)cc(C=O)c1Br>>CCOC(=O)/C=C/c1cc(C(F)(F)F)c(Cl)c(OC)c1Br,"[{""source_id"": ""si"", ""sha256"": ""8d61f38e1bb4ba4c2b327d11e7a96bff2656976af7645c3ad6047f05cdcbc43d"", ""pages"": [35, 36], ""locator"": ""SI drawing/procedure: A05""}]","[{""product_label"": ""30"", ""percent"": 84, ""from_label"": ""S8"", ""scope"": ""Reported preparation yield; mixture components are not assigned individual yields.""}]","[""A05.1""]",forward_synthesis,False,False,1,pending_independent_chemist_review,,,,,
"[""TsNHNH2"", ""NaOAc""]","[""THF"", ""water""]",,,A06,"[""30""]","[""S9""]",CCOC(=O)/C=C/c1cc(C(F)(F)F)c(Cl)c(OC)c1Br>>CCOC(=O)CCc1cc(C(F)(F)F)c(Cl)c(OC)c1Br,"[{""source_id"": ""si"", ""sha256"": ""8d61f38e1bb4ba4c2b327d11e7a96bff2656976af7645c3ad6047f05cdcbc43d"", ""pages"": [36, 37], ""locator"": ""SI drawing/procedure: A06""}]","[{""product_label"": ""S9"", ""percent"": 99, ""from_label"": ""30"", ""scope"": ""Reported preparation yield; mixture components are not assigned individual yields.""}]","[""A06.1""]",forward_synthesis,False,False,1,pending_independent_chemist_review,,,,,
"[""NaOH""]","[""EtOH"", ""water""]",,,A07,"[""S9""]","[""26""]",CCOC(=O)CCc1cc(C(F)(F)F)c(Cl)c(OC)c1Br>>COc1c(Cl)c(C(F)(F)F)cc(CCC(=O)O)c1Br,"[{""source_id"": ""si"", ""sha256"": ""8d61f38e1bb4ba4c2b327d11e7a96bff2656976af7645c3ad6047f05cdcbc43d"", ""pages"": [37], ""locator"": ""SI drawing/procedure: A07""}]","[{""product_label"": ""26"", ""percent"": 92, ""from_label"": ""S9"", ""scope"": ""Reported preparation yield; mixture components are not assigned individual yields.""}]","[""A07.1""]",forward_synthesis,False,False,1,pending_independent_chemist_review,,,,,
"[""AgNO3"", ""(NH4)2S2O8""]","[""MeCN"", ""water""]",,,A08,"[""17"", ""26""]","[""31""]",COC1(C)OC(=O)c2c(OCC[Si](C)(C)C)c3c(c(OCC[Si](C)(C)C)c21)C(=O)C=C(Br)C3=O.COc1c(Cl)c(C(F)(F)F)cc(CCC(=O)O)c1Br>>COc1c(Cl)c(C(F)(F)F)cc(CCC2=C(Br)C(=O)c3c(OCC[Si](C)(C)C)c4c(c(OCC[Si](C)(C)C)c3C2=O)C(C)(OC)OC4=O)c1Br,"[{""source_id"": ""si"", ""sha256"": ""8d61f38e1bb4ba4c2b327d11e7a96bff2656976af7645c3ad6047f05cdcbc43d"", ""pages"": [38], ""locator"": ""SI drawing/procedure: A08""}]","[{""product_label"": ""31"", ""percent"": 65, ""from_label"": ""17"", ""scope"": ""Reported preparation yield; mixture components are not assigned individual yields.""}]","[""A08.1""]",forward_synthesis,False,False,1,pending_independent_chemist_review,,,,,
"[""Pd2(dba)3"", ""P(o-tolyl)3"", ""CuTC"", ""(n-Bu3Sn)2"", ""TBAF""]","[""1,4-dioxane"", ""THF""]","21% over2operations; crude undrawnS10 contaminated with DBA, no individual intermediate structure/yield.","[{""name"": ""Stille ring closure"", ""reagents"": [""Pd2(dba)3"", ""P(o-tolyl)3"", ""CuTC"", ""(n-Bu3Sn)2""], ""solvents"": [""1,4-dioxane""]}, {""name"": ""Deprotection and aromatization"", ""reagents"": [""TBAF""], ""solvents"": [""THF""]}]",A09,"[""31""]","[""25""]",COc1c(Cl)c(C(F)(F)F)cc(CCC2=C(Br)C(=O)c3c(OCC[Si](C)(C)C)c4c(c(OCC[Si](C)(C)C)c3C2=O)C(C)(OC)OC4=O)c1Br>>COc1c(Cl)c(C(F)(F)F)cc2ccc3c(c12)C(=O)c1c(O)c2c(c(O)c1C3=O)C(C)(OC)OC2=O,"[{""source_id"": ""si"", ""sha256"": ""8d61f38e1bb4ba4c2b327d11e7a96bff2656976af7645c3ad6047f05cdcbc43d"", ""pages"": [38, 39], ""locator"": ""SI drawing/procedure: A09""}]","[{""product_label"": ""25"", ""percent"": 21, ""from_label"": ""31"", ""scope"": ""21% over2operations; crude undrawnS10 contaminated with DBA, no individual intermediate structure/yield.""}]","[""A09.1""]",forward_synthesis,False,False,2,pending_independent_chemist_review,,,,,
"[""AlCl3""]","[""DCM""]",75% isolated;89% based on recovered starting material.,,A10,"[""25""]","[""1""]",COc1c(Cl)c(C(F)(F)F)cc2ccc3c(c12)C(=O)c1c(O)c2c(c(O)c1C3=O)C(C)(OC)OC2=O>>COc1c(Cl)c(C(Cl)(Cl)Cl)cc2ccc3c(c12)C(=O)c1c(O)c2c(c(O)c1C3=O)C(C)(OC)OC2=O,"[{""source_id"": ""si"", ""sha256"": ""8d61f38e1bb4ba4c2b327d11e7a96bff2656976af7645c3ad6047f05cdcbc43d"", ""pages"": [40], ""locator"": ""SI drawing/procedure: A10""}]","[{""product_label"": ""1"", ""percent"": 75, ""from_label"": ""25"", ""scope"": ""75% isolated;89% based on recovered starting material.""}]","[""A10.1""]",forward_synthesis,False,False,1,pending_independent_chemist_review,,,,,
"[""H2"", ""Pd/C""]","[""MeOH""]",,,X01,"[""14""]","[""S3""]",COc1ccc(OCc2ccccc2)c2c(OCC[Si](C)(C)C)c3c(c(OCC[Si](C)(C)C)c12)C(C)(OC)OC3=O>>COC1(C)OC(=O)c2c(OCC[Si](C)(C)C)c3c(c(OCC[Si](C)(C)C)c21)C(=O)C=CC3=O,"[{""source_id"": ""si"", ""sha256"": ""8d61f38e1bb4ba4c2b327d11e7a96bff2656976af7645c3ad6047f05cdcbc43d"", ""pages"": [9], ""locator"": ""SI drawing/procedure: X01""}]",[],"[""X01.1""]",forward_synthesis,False,False,1,pending_independent_chemist_review,,,"TableS2 entry10; observed quinone side product, yield unreported.",,
"[""pyridinium tribromide""]","[""THF""]",,,X02,"[""15""]","[""16"", ""17""]",COc1ccc(O)c2c(OCC[Si](C)(C)C)c3c(c(OCC[Si](C)(C)C)c12)C(C)(OC)OC3=O>>COC1(C)OC(=O)c2c(OCC[Si](C)(C)C)c3c(c(OCC[Si](C)(C)C)c21)C(=O)C=C(Br)C3=O.COc1cc(Br)c(O)c2c(OCC[Si](C)(C)C)c3c(c(OCC[Si](C)(C)C)c12)C(C)(OC)OC3=O,"[{""source_id"": ""si"", ""sha256"": ""8d61f38e1bb4ba4c2b327d11e7a96bff2656976af7645c3ad6047f05cdcbc43d"", ""pages"": [10], ""locator"": ""SI drawing/procedure: X02""}]","[{""product_label"": ""16"", ""percent"": 27, ""from_label"": ""15"", ""scope"": ""Reported preparation yield; mixture components are not assigned individual yields.""}, {""product_label"": ""17"", ""percent"": 36, ""from_label"": ""15"", ""scope"": ""Reported preparation yield; mixture components are not assigned individual yields.""}]","[""X02.1""]",forward_synthesis,False,False,1,pending_independent_chemist_review,,,TableS3 entry16,0 to25°C,5h
"[""D2O""]",[],Crude analytical deuterium-quench experiment; no isolated yield.,,X03,"[""19""]","[""S4""]",COc1cc(C=O)cc(C)c1Cl>>[2H]c1c(C=O)cc(C)c(Cl)c1OC,"[{""source_id"": ""si"", ""sha256"": ""8d61f38e1bb4ba4c2b327d11e7a96bff2656976af7645c3ad6047f05cdcbc43d"", ""pages"": [17], ""locator"": ""SI drawing/procedure: X03""}]",[],"[""X03.1""]",forward_synthesis,False,False,1,pending_independent_chemist_review,,Directed lithiation followed by D2O quench; FigureS1 does not specify independent reagent quantities.,,,
