label,stereo_status,canonical_smiles,structure_basis,molecule_id,paper_label,name,canonical_isomeric_smiles,molecular_formula,exact_mass,source_references,depiction,role,review_status,formal_benchmark_eligible,admission_authority
8,butanediacetal_centers_unspecified_in_source,CO[C@H]1O[C@@H](CI)[C@@H](O)[C@@H]2OC(C)(OC)C(C)(OC)O[C@@H]12,source_drawing_transcription,mol-6cc522ed5fe0e57ae62a030c4aa8039107874a79a9cb7c623c9e7a8ed17bb31f,8,SI compound 8,CO[C@H]1O[C@@H](CI)[C@@H](O)[C@@H]2OC(C)(OC)C(C)(OC)O[C@@H]12,C13H23IO7,418.04885107599995,"[{""source_id"": ""si"", ""sha256"": ""74a8567b4dd8733a7f25704fbd2dd7511069b5857346336f34560b7576783f5c"", ""pages"": [2, 3], ""locator"": ""SI drawing/procedure: 8""}]",structures/8.svg,route_compound,pending_independent_chemist_review,False,False
6a,,C=C[C@H](O)[C@@H]1OC(C)(OC)C(C)(OC)O[C@H]1[C@@H](O)c1ccccc1,source_drawing_transcription,mol-5b77a64d4082389ae1ee1556a5dcccb76e004ccc097d6ad293324ec276f393e1,6a,SI compound 6a,C=C[C@H](O)[C@@H]1OC(C)(OC)C(C)(OC)O[C@H]1[C@@H](O)c1ccccc1,C18H26O6,338.172938552,"[{""source_id"": ""si"", ""sha256"": ""74a8567b4dd8733a7f25704fbd2dd7511069b5857346336f34560b7576783f5c"", ""pages"": [3], ""locator"": ""SI drawing/procedure: 6a""}]",structures/6a.svg,route_compound,pending_independent_chemist_review,False,False
6b,,C=C[C@H](O)[C@@H]1OC(C)(OC)C(C)(OC)O[C@H]1[C@H](O)c1ccccc1,source_drawing_transcription,mol-9b2aa3c5dc85f5a6773c6400df093fbda453bd22079905c2d4c18b0b6ce1a5ad,6b,SI compound 6b,C=C[C@H](O)[C@@H]1OC(C)(OC)C(C)(OC)O[C@H]1[C@H](O)c1ccccc1,C18H26O6,338.172938552,"[{""source_id"": ""si"", ""sha256"": ""74a8567b4dd8733a7f25704fbd2dd7511069b5857346336f34560b7576783f5c"", ""pages"": [3], ""locator"": ""SI drawing/procedure: 6b""}]",structures/6b.svg,route_compound,pending_independent_chemist_review,False,False
methyl-acrylate,,C=CC(=O)OC,source_drawing_transcription,mol-7eef9856e5d090f08a9653a9e2a7e84e712302799ef5b58c552caf9661c56dd7,methyl-acrylate,SI compound methyl-acrylate,C=CC(=O)OC,C4H6O2,86.036779432,"[{""source_id"": ""si"", ""sha256"": ""74a8567b4dd8733a7f25704fbd2dd7511069b5857346336f34560b7576783f5c"", ""pages"": [4, 5], ""locator"": ""SI drawing/procedure: methyl-acrylate""}]",structures/methyl-acrylate.svg,route_compound,pending_independent_chemist_review,False,False
7a,,COC(=O)/C=C/[C@H](O)[C@@H]1OC(C)(OC)C(C)(OC)O[C@H]1[C@@H](O)c1ccccc1,source_drawing_transcription,mol-162f05e2cd84931411a505a6296d5463dee1c1a83f338e7cd5a457f6060ec10e,7a,SI compound 7a,COC(=O)/C=C/[C@H](O)[C@@H]1OC(C)(OC)C(C)(OC)O[C@H]1[C@@H](O)c1ccccc1,C20H28O8,396.17841785599995,"[{""source_id"": ""si"", ""sha256"": ""74a8567b4dd8733a7f25704fbd2dd7511069b5857346336f34560b7576783f5c"", ""pages"": [4], ""locator"": ""SI drawing/procedure: 7a""}]",structures/7a.svg,route_compound,pending_independent_chemist_review,False,False
7b,,COC(=O)/C=C/[C@H](O)[C@@H]1OC(C)(OC)C(C)(OC)O[C@H]1[C@H](O)c1ccccc1,source_drawing_transcription,mol-f3b3a9662588f7a4b7b990b59577e2ff41c20bbb4f77f1fd99043332f7cb83e3,7b,SI compound 7b,COC(=O)/C=C/[C@H](O)[C@@H]1OC(C)(OC)C(C)(OC)O[C@H]1[C@H](O)c1ccccc1,C20H28O8,396.17841785599995,"[{""source_id"": ""si"", ""sha256"": ""74a8567b4dd8733a7f25704fbd2dd7511069b5857346336f34560b7576783f5c"", ""pages"": [5, 6], ""locator"": ""SI drawing/procedure: 7b""}]",structures/7b.svg,route_compound,pending_independent_chemist_review,False,False
ent-1,,O=C1C[C@H]2O[C@@H]([C@H](O)c3ccccc3)[C@@H](O)[C@@H]2O1,source_drawing_transcription,mol-f0c836e4e65f3753a13f7dbd8699c51546b8024d43b424a1bc2f398a32f7775a,ent-1,SI compound ent-1,O=C1C[C@H]2O[C@@H]([C@H](O)c3ccccc3)[C@@H](O)[C@@H]2O1,C13H14O5,250.084123548,"[{""source_id"": ""si"", ""sha256"": ""74a8567b4dd8733a7f25704fbd2dd7511069b5857346336f34560b7576783f5c"", ""pages"": [4], ""locator"": ""SI drawing/procedure: ent-1""}]",structures/ent-1.svg,target,pending_independent_chemist_review,False,False
ent-3,,O=C1C[C@H]2O[C@@H]([C@@H](O)c3ccccc3)[C@@H](O)[C@@H]2O1,source_drawing_transcription,mol-7bcbf6bf9b44e87fa364e68e91b7735376935cb235b36005a9aae7261700170a,ent-3,SI compound ent-3,O=C1C[C@H]2O[C@@H]([C@@H](O)c3ccccc3)[C@@H](O)[C@@H]2O1,C13H14O5,250.084123548,"[{""source_id"": ""si"", ""sha256"": ""74a8567b4dd8733a7f25704fbd2dd7511069b5857346336f34560b7576783f5c"", ""pages"": [5], ""locator"": ""SI drawing/procedure: ent-3""}]",structures/ent-3.svg,target,pending_independent_chemist_review,False,False
cinnamic-acid,,O=C(O)/C=C/c1ccccc1,source_drawing_transcription,mol-781ff6e0010740db09c249f91da300e2bd9972ca71b65d7ae9247b3fd0563b7b,cinnamic-acid,SI compound cinnamic-acid,O=C(O)/C=C/c1ccccc1,C9H8O2,148.052429496,"[{""source_id"": ""si"", ""sha256"": ""74a8567b4dd8733a7f25704fbd2dd7511069b5857346336f34560b7576783f5c"", ""pages"": [4], ""locator"": ""SI drawing/procedure: cinnamic-acid""}]",structures/cinnamic-acid.svg,route_compound,pending_independent_chemist_review,False,False
ent-4,,O=C(/C=C/c1ccccc1)O[C@@H]1[C@H]([C@H](O)c2ccccc2)O[C@@H]2CC(=O)O[C@@H]12,source_drawing_transcription,mol-148c3a4c231cf4fa6cc21ef5b1548755e6b16c3c38367f2c3b45710b9db9c8d7,ent-4,SI compound ent-4,O=C(/C=C/c1ccccc1)O[C@@H]1[C@H]([C@H](O)c2ccccc2)O[C@@H]2CC(=O)O[C@@H]12,C22H20O6,380.1259883599999,"[{""source_id"": ""si"", ""sha256"": ""74a8567b4dd8733a7f25704fbd2dd7511069b5857346336f34560b7576783f5c"", ""pages"": [4, 5], ""locator"": ""SI drawing/procedure: ent-4""}]",structures/ent-4.svg,target,pending_independent_chemist_review,False,False
ent-5,,O=C(/C=C/c1ccccc1)O[C@@H](c1ccccc1)[C@@H]1O[C@@H]2CC(=O)O[C@H]2[C@@H]1O,source_drawing_transcription,mol-125be8617b949c02503bac4768b222b4a8125fa5f5d47e38e2b68a2ed809f7a6,ent-5,SI compound ent-5,O=C(/C=C/c1ccccc1)O[C@@H](c1ccccc1)[C@@H]1O[C@@H]2CC(=O)O[C@H]2[C@@H]1O,C22H20O6,380.1259883599999,"[{""source_id"": ""si"", ""sha256"": ""74a8567b4dd8733a7f25704fbd2dd7511069b5857346336f34560b7576783f5c"", ""pages"": [4, 5], ""locator"": ""SI drawing/procedure: ent-5""}]",structures/ent-5.svg,target,pending_independent_chemist_review,False,False
11,,COC(=O)C[C@@H]1O[C@H](c2ccccc2)[C@@H]2OC(C)(OC)C(C)(OC)O[C@H]2[C@@H]1O,source_drawing_transcription,mol-8c0c021ebdf1e316ee96e496ed7118e2ec7fe829e41e86a518b192ea29af458f,11,SI compound 11,COC(=O)C[C@@H]1O[C@H](c2ccccc2)[C@@H]2OC(C)(OC)C(C)(OC)O[C@H]2[C@@H]1O,C20H28O8,396.17841785599995,"[{""source_id"": ""si"", ""sha256"": ""74a8567b4dd8733a7f25704fbd2dd7511069b5857346336f34560b7576783f5c"", ""pages"": [6], ""locator"": ""SI drawing/procedure: 11""}]",structures/11.svg,route_compound,pending_independent_chemist_review,False,False
ent-2,,O=C1C[C@@H]2O[C@@H](c3ccccc3)[C@H](O1)[C@@H](O)[C@@H]2O,source_drawing_transcription,mol-b1faedcaa04e71a7e16d66447cb4ab399c155fdb95e4072c4d2ad2ed4fae0fae,ent-2,SI compound ent-2,O=C1C[C@@H]2O[C@@H](c3ccccc3)[C@H](O1)[C@@H](O)[C@@H]2O,C13H14O5,250.084123548,"[{""source_id"": ""si"", ""sha256"": ""74a8567b4dd8733a7f25704fbd2dd7511069b5857346336f34560b7576783f5c"", ""pages"": [6, 7], ""locator"": ""SI drawing/procedure: ent-2""}]",structures/ent-2.svg,target,pending_independent_chemist_review,False,False
phenyllithium,,[Li][c]1ccccc1,source_drawing_transcription,mol-c17d0ac7e1156b738cf818e3c4077442e18d90351893c005d8755dd5263c6b48,phenyllithium,SI compound phenyllithium,[Li][c]1ccccc1,C6H5Li,84.05512970999999,"[{""source_id"": ""si"", ""sha256"": ""74a8567b4dd8733a7f25704fbd2dd7511069b5857346336f34560b7576783f5c"", ""pages"": [3], ""locator"": ""SI drawing/procedure: phenyllithium""}]",structures/phenyllithium.svg,route_compound,pending_independent_chemist_review,False,False
10,butanediacetal_centers_unspecified_in_source,CO[C@H]1O[C@@H](CO)[C@@H](O)[C@@H]2OC(C)(OC)C(C)(OC)O[C@@H]12,source_drawing_transcription,mol-3419b5ba2033be4b6ae606cbc1cebc63346735403829386cd53807deff983568,10,SI compound 10,CO[C@H]1O[C@@H](CO)[C@@H](O)[C@@H]2OC(C)(OC)C(C)(OC)O[C@@H]12,C13H24O8,308.147117728,"[{""source_id"": ""si"", ""sha256"": ""74a8567b4dd8733a7f25704fbd2dd7511069b5857346336f34560b7576783f5c"", ""pages"": [2], ""locator"": ""SI drawing/procedure: 10""}]",structures/10.svg,route_compound,pending_independent_chemist_review,False,False
10a,butanediacetal_centers_unspecified_in_source,CO[C@H]1O[C@H](CO)[C@H]2OC(C)(OC)C(C)(OC)O[C@@H]2[C@H]1O,source_drawing_transcription,mol-d311f3ddd67985206b783f7718a9b81309ab543eb28181cd8eda566ee213f2fc,10a,SI compound 10a,CO[C@H]1O[C@H](CO)[C@H]2OC(C)(OC)C(C)(OC)O[C@@H]2[C@H]1O,C13H24O8,308.14711772799996,"[{""source_id"": ""si"", ""sha256"": ""74a8567b4dd8733a7f25704fbd2dd7511069b5857346336f34560b7576783f5c"", ""pages"": [2], ""locator"": ""SI drawing/procedure: 10a""}]",structures/10a.svg,route_compound,pending_independent_chemist_review,False,False
8a,butanediacetal_centers_unspecified_in_source,CO[C@H]1O[C@H](CI)[C@H]2OC(C)(OC)C(C)(OC)O[C@@H]2[C@H]1O,source_drawing_transcription,mol-be3b49641d6e23a2d89cfa6e3bbee1f831a0111c9c81e936e8fb7d0a4d341ea8,8a,SI compound 8a,CO[C@H]1O[C@H](CI)[C@H]2OC(C)(OC)C(C)(OC)O[C@@H]2[C@H]1O,C13H23IO7,418.04885107599995,"[{""source_id"": ""si"", ""sha256"": ""74a8567b4dd8733a7f25704fbd2dd7511069b5857346336f34560b7576783f5c"", ""pages"": [2], ""locator"": ""SI drawing/procedure: 8a""}]",structures/8a.svg,route_compound,pending_independent_chemist_review,False,False
9,,CO[C@@H]1O[C@H](CO)[C@@H](O)[C@H](O)[C@H]1O,source_drawing_transcription,mol-d8c6abbe309d235cf884937679ec504a5f91d227d2490f9fb18215235e9e5718,9,SI compound 9,CO[C@@H]1O[C@H](CO)[C@@H](O)[C@H](O)[C@H]1O,C7H14O6,194.079038168,"[{""source_id"": ""si"", ""sha256"": ""74a8567b4dd8733a7f25704fbd2dd7511069b5857346336f34560b7576783f5c"", ""pages"": [2], ""locator"": ""SI drawing/procedure: 9""}]",structures/9.svg,route_compound,pending_independent_chemist_review,False,False
butanedione,,CC(=O)C(C)=O,source_drawing_transcription,mol-5a3f30e5695955af2ca159f73ed43839ac5e5a0b74f646a0cfac60025e1ba597,butanedione,SI compound butanedione,CC(=O)C(C)=O,C4H6O2,86.036779432,"[{""source_id"": ""si"", ""sha256"": ""74a8567b4dd8733a7f25704fbd2dd7511069b5857346336f34560b7576783f5c"", ""pages"": [2], ""locator"": ""SI drawing/procedure: butanedione""}]",structures/butanedione.svg,route_compound,pending_independent_chemist_review,False,False
