reagents,solvents,event_id,reactant_labels,product_labels,substrate_product_smiles,source_references,reported_yields,step_ids,category,formal_benchmark_eligible,admission_authority,experimental_stage_count,review_status,operation_stages,yield_scope,yield_from_label
"[""NaH""]","[""THF""]",E01,"[""13"", ""cyanophosphonate""]","[""14""]",CC(=O)c1cccc(Br)n1.COP(=O)(CC#N)OC>>C/C(=C\C#N)c1cccc(Br)n1,"[{""source_id"": ""article"", ""sha256"": ""b8b086bd01acf06c7c3c5f62d6843ac26d2a83630835c657b433cd3b5cb37d98"", ""pages"": [2], ""locator"": ""Main experimental section / scheme: E01""}, {""source_id"": ""si"", ""sha256"": ""8ec0bbd4b71b6aa5c658dff76d2b9f9c973b758abf555209076a58aa5ffe173f"", ""pages"": [5], ""locator"": ""Compound drawing and associated NMR spectrum: E01""}]","[{""product_label"": ""14"", ""percent"": 73, ""from_label"": ""13"", ""scope"": ""Reported preparation yield; mixture components are not assigned individual yields.""}]","[""E01.1""]",forward_synthesis,False,False,1,pending_independent_chemist_review,,,
"[""(S)-JosiPhos"", ""Cu(OAc)2"", ""PMHS"", ""tBuOH""]","[""toluene""]",E02,"[""14""]","[""15""]",C/C(=C\C#N)c1cccc(Br)n1>>C[C@@H](CC#N)c1cccc(Br)n1,"[{""source_id"": ""article"", ""sha256"": ""b8b086bd01acf06c7c3c5f62d6843ac26d2a83630835c657b433cd3b5cb37d98"", ""pages"": [2], ""locator"": ""Main experimental section / scheme: E02""}, {""source_id"": ""si"", ""sha256"": ""8ec0bbd4b71b6aa5c658dff76d2b9f9c973b758abf555209076a58aa5ffe173f"", ""pages"": [6], ""locator"": ""Compound drawing and associated NMR spectrum: E02""}]","[{""product_label"": ""15"", ""percent"": 97, ""from_label"": ""14"", ""scope"": ""Reported preparation yield; mixture components are not assigned individual yields.""}]","[""E02.1""]",forward_synthesis,False,False,1,pending_independent_chemist_review,,,
"[""DIBAL-H""]","[""toluene""]",E03,"[""15""]","[""16a""]",C[C@@H](CC#N)c1cccc(Br)n1>>C[C@@H](CC=O)c1cccc(Br)n1,"[{""source_id"": ""article"", ""sha256"": ""b8b086bd01acf06c7c3c5f62d6843ac26d2a83630835c657b433cd3b5cb37d98"", ""pages"": [2], ""locator"": ""Main experimental section / scheme: E03""}, {""source_id"": ""si"", ""sha256"": ""8ec0bbd4b71b6aa5c658dff76d2b9f9c973b758abf555209076a58aa5ffe173f"", ""pages"": [7], ""locator"": ""Compound drawing and associated NMR spectrum: E03""}]","[{""product_label"": ""16a"", ""percent"": 63, ""from_label"": ""15"", ""scope"": ""Reported preparation yield; mixture components are not assigned individual yields.""}]","[""E03.1""]",forward_synthesis,False,False,1,pending_independent_chemist_review,,,
"[""NaBH4""]","[""DCM"", ""MeOH""]",E04,"[""16a""]","[""16""]",C[C@@H](CC=O)c1cccc(Br)n1>>C[C@@H](CCO)c1cccc(Br)n1,"[{""source_id"": ""article"", ""sha256"": ""b8b086bd01acf06c7c3c5f62d6843ac26d2a83630835c657b433cd3b5cb37d98"", ""pages"": [2], ""locator"": ""Main experimental section / scheme: E04""}, {""source_id"": ""si"", ""sha256"": ""8ec0bbd4b71b6aa5c658dff76d2b9f9c973b758abf555209076a58aa5ffe173f"", ""pages"": [8], ""locator"": ""Compound drawing and associated NMR spectrum: E04""}]","[{""product_label"": ""16"", ""percent"": 99, ""from_label"": ""16a"", ""scope"": ""Reported preparation yield; mixture components are not assigned individual yields.""}]","[""E04.1""]",forward_synthesis,False,False,1,pending_independent_chemist_review,,,
"[""TBSCl"", ""imidazole""]","[""DCM""]",E05,"[""16""]","[""17""]",C[C@@H](CCO)c1cccc(Br)n1>>C[C@@H](CCO[Si](C)(C)C(C)(C)C)c1cccc(Br)n1,"[{""source_id"": ""article"", ""sha256"": ""b8b086bd01acf06c7c3c5f62d6843ac26d2a83630835c657b433cd3b5cb37d98"", ""pages"": [2], ""locator"": ""Main experimental section / scheme: E05""}, {""source_id"": ""si"", ""sha256"": ""8ec0bbd4b71b6aa5c658dff76d2b9f9c973b758abf555209076a58aa5ffe173f"", ""pages"": [10], ""locator"": ""Compound drawing and associated NMR spectrum: E05""}]","[{""product_label"": ""17"", ""percent"": 99, ""from_label"": ""16"", ""scope"": ""Reported preparation yield; mixture components are not assigned individual yields.""}]","[""E05.1""]",forward_synthesis,False,False,1,pending_independent_chemist_review,,,
"[""Pd(PPh3)4""]","[""toluene""]",E06,"[""17"", ""vinyltributyltin""]","[""10""]",C=[CH][Sn]([CH2]CCC)([CH2]CCC)[CH2]CCC.C[C@@H](CCO[Si](C)(C)C(C)(C)C)c1cccc(Br)n1>>C=Cc1cccc([C@@H](C)CCO[Si](C)(C)C(C)(C)C)n1,"[{""source_id"": ""article"", ""sha256"": ""b8b086bd01acf06c7c3c5f62d6843ac26d2a83630835c657b433cd3b5cb37d98"", ""pages"": [2], ""locator"": ""Main experimental section / scheme: E06""}, {""source_id"": ""si"", ""sha256"": ""8ec0bbd4b71b6aa5c658dff76d2b9f9c973b758abf555209076a58aa5ffe173f"", ""pages"": [11], ""locator"": ""Compound drawing and associated NMR spectrum: E06""}]","[{""product_label"": ""10"", ""percent"": 99, ""from_label"": ""17"", ""scope"": ""Reported preparation yield; mixture components are not assigned individual yields.""}]","[""E06.1""]",forward_synthesis,False,False,1,pending_independent_chemist_review,,,
"[""DCC"", ""DMAP""]","[""DCM""]",E07,"[""18"", ""tBuOH""]","[""19""]",CC(C)(C)O.O=C1CC[C@H](C(=O)O)O1>>CC(C)(C)OC(=O)[C@H]1CCC(=O)O1,"[{""source_id"": ""article"", ""sha256"": ""b8b086bd01acf06c7c3c5f62d6843ac26d2a83630835c657b433cd3b5cb37d98"", ""pages"": [2], ""locator"": ""Main experimental section / scheme: E07""}, {""source_id"": ""si"", ""sha256"": ""8ec0bbd4b71b6aa5c658dff76d2b9f9c973b758abf555209076a58aa5ffe173f"", ""pages"": [12], ""locator"": ""Compound drawing and associated NMR spectrum: E07""}]","[{""product_label"": ""19"", ""percent"": 89, ""from_label"": ""18"", ""scope"": ""Reported preparation yield; mixture components are not assigned individual yields.""}]","[""E07.1""]",forward_synthesis,False,False,1,pending_independent_chemist_review,,,
"[""AlMe3""]","[""DCM""]",E08,"[""19"", ""Weinreb amine hydrochloride""]","[""20""]",CC(C)(C)OC(=O)[C@H]1CCC(=O)O1.C[NH2+]OC.[Cl-]>>CON(C)C(=O)CC[C@@H](O)C(=O)OC(C)(C)C,"[{""source_id"": ""article"", ""sha256"": ""b8b086bd01acf06c7c3c5f62d6843ac26d2a83630835c657b433cd3b5cb37d98"", ""pages"": [2], ""locator"": ""Main experimental section / scheme: E08""}, {""source_id"": ""si"", ""sha256"": ""8ec0bbd4b71b6aa5c658dff76d2b9f9c973b758abf555209076a58aa5ffe173f"", ""pages"": [12], ""locator"": ""Compound drawing and associated NMR spectrum: E08""}]","[{""product_label"": ""20"", ""percent"": 99, ""from_label"": ""19"", ""scope"": ""Reported preparation yield; mixture components are not assigned individual yields.""}]","[""E08.1""]",forward_synthesis,False,False,1,pending_independent_chemist_review,,,
"[""TBSCl"", ""imidazole""]","[""DCM""]",E09,"[""20""]","[""21""]",CON(C)C(=O)CC[C@@H](O)C(=O)OC(C)(C)C>>CON(C)C(=O)CC[C@@H](O[Si](C)(C)C(C)(C)C)C(=O)OC(C)(C)C,"[{""source_id"": ""article"", ""sha256"": ""b8b086bd01acf06c7c3c5f62d6843ac26d2a83630835c657b433cd3b5cb37d98"", ""pages"": [2], ""locator"": ""Main experimental section / scheme: E09""}, {""source_id"": ""si"", ""sha256"": ""8ec0bbd4b71b6aa5c658dff76d2b9f9c973b758abf555209076a58aa5ffe173f"", ""pages"": [13], ""locator"": ""Compound drawing and associated NMR spectrum: E09""}]","[{""product_label"": ""21"", ""percent"": 99, ""from_label"": ""20"", ""scope"": ""Reported preparation yield; mixture components are not assigned individual yields.""}]","[""E09.1""]",forward_synthesis,False,False,1,pending_independent_chemist_review,,,
"[""LDA""]","[""THF""]",E10,"[""22a"", ""allyl bromide""]","[""22b""]",C=CCBr.CCC(=O)N1C(=O)OC[C@@H]1Cc1ccccc1>>C=CC[C@@H](C)C(=O)N1C(=O)OC[C@@H]1Cc1ccccc1,"[{""source_id"": ""article"", ""sha256"": ""b8b086bd01acf06c7c3c5f62d6843ac26d2a83630835c657b433cd3b5cb37d98"", ""pages"": [2], ""locator"": ""Main experimental section / scheme: E10""}, {""source_id"": ""si"", ""sha256"": ""8ec0bbd4b71b6aa5c658dff76d2b9f9c973b758abf555209076a58aa5ffe173f"", ""pages"": [14], ""locator"": ""Compound drawing and associated NMR spectrum: E10""}]","[{""product_label"": ""22b"", ""percent"": 75, ""from_label"": ""22a"", ""scope"": ""Reported preparation yield; mixture components are not assigned individual yields.""}]","[""E10.1""]",forward_synthesis,False,False,1,pending_independent_chemist_review,,,
"[""LiBH4"", ""EtOH""]","[""Et2O""]",E11,"[""22b""]","[""22c""]",C=CC[C@@H](C)C(=O)N1C(=O)OC[C@@H]1Cc1ccccc1>>C=CC[C@@H](C)CO,"[{""source_id"": ""article"", ""sha256"": ""b8b086bd01acf06c7c3c5f62d6843ac26d2a83630835c657b433cd3b5cb37d98"", ""pages"": [2], ""locator"": ""Main experimental section / scheme: E11""}, {""source_id"": ""si"", ""sha256"": ""8ec0bbd4b71b6aa5c658dff76d2b9f9c973b758abf555209076a58aa5ffe173f"", ""pages"": [15], ""locator"": ""Compound drawing and associated NMR spectrum: E11""}]","[{""product_label"": ""22c"", ""percent"": 99, ""from_label"": ""22b"", ""scope"": ""Reported preparation yield; mixture components are not assigned individual yields.""}]","[""E11.1""]",forward_synthesis,False,False,1,pending_independent_chemist_review,,,
"[""PPh3"", ""NBS""]","[""DCM""]",E12,"[""22c""]","[""22""]",C=CC[C@@H](C)CO>>C=CC[C@@H](C)CBr,"[{""source_id"": ""article"", ""sha256"": ""b8b086bd01acf06c7c3c5f62d6843ac26d2a83630835c657b433cd3b5cb37d98"", ""pages"": [2], ""locator"": ""Main experimental section / scheme: E12""}, {""source_id"": ""si"", ""sha256"": ""8ec0bbd4b71b6aa5c658dff76d2b9f9c973b758abf555209076a58aa5ffe173f"", ""pages"": [16], ""locator"": ""Compound drawing and associated NMR spectrum: E12""}]","[{""product_label"": ""22"", ""percent"": 70, ""from_label"": ""22c"", ""scope"": ""Reported preparation yield; mixture components are not assigned individual yields.""}]","[""E12.1""]",forward_synthesis,False,False,1,pending_independent_chemist_review,,,
"[""Mg"", ""I2""]","[""THF""]",E13,"[""22""]","[""23""]",C=CC[C@@H](C)CBr>>C=CC[C@@H](C)[CH2][Mg][Br],"[{""source_id"": ""article"", ""sha256"": ""b8b086bd01acf06c7c3c5f62d6843ac26d2a83630835c657b433cd3b5cb37d98"", ""pages"": [2], ""locator"": ""Main experimental section / scheme: E13""}, {""source_id"": ""si"", ""sha256"": ""8ec0bbd4b71b6aa5c658dff76d2b9f9c973b758abf555209076a58aa5ffe173f"", ""pages"": [16], ""locator"": ""Compound drawing and associated NMR spectrum: E13""}]",[],"[""E13.1""]",forward_synthesis,False,False,1,pending_independent_chemist_review,,,
[],"[""THF""]",E14,"[""21"", ""23""]","[""24""]",C=CC[C@@H](C)[CH2][Mg][Br].CON(C)C(=O)CC[C@@H](O[Si](C)(C)C(C)(C)C)C(=O)OC(C)(C)C>>C=CC[C@@H](C)CC(=O)CC[C@@H](O[Si](C)(C)C(C)(C)C)C(=O)OC(C)(C)C,"[{""source_id"": ""article"", ""sha256"": ""b8b086bd01acf06c7c3c5f62d6843ac26d2a83630835c657b433cd3b5cb37d98"", ""pages"": [2], ""locator"": ""Main experimental section / scheme: E14""}, {""source_id"": ""si"", ""sha256"": ""8ec0bbd4b71b6aa5c658dff76d2b9f9c973b758abf555209076a58aa5ffe173f"", ""pages"": [17], ""locator"": ""Compound drawing and associated NMR spectrum: E14""}]","[{""product_label"": ""24"", ""percent"": 88, ""from_label"": ""21"", ""scope"": ""Reported preparation yield; mixture components are not assigned individual yields.""}]","[""E14.1""]",forward_synthesis,False,False,1,pending_independent_chemist_review,,,
"[""Grubbs-Hoveyda II""]","[""toluene""]",E15,"[""10"", ""24""]","[""25""]",C=CC[C@@H](C)CC(=O)CC[C@@H](O[Si](C)(C)C(C)(C)C)C(=O)OC(C)(C)C.C=Cc1cccc([C@@H](C)CCO[Si](C)(C)C(C)(C)C)n1>>C[C@H](C/C=C/c1cccc([C@@H](C)CCO[Si](C)(C)C(C)(C)C)n1)CC(=O)CC[C@@H](O[Si](C)(C)C(C)(C)C)C(=O)OC(C)(C)C,"[{""source_id"": ""article"", ""sha256"": ""b8b086bd01acf06c7c3c5f62d6843ac26d2a83630835c657b433cd3b5cb37d98"", ""pages"": [2], ""locator"": ""Main experimental section / scheme: E15""}, {""source_id"": ""si"", ""sha256"": ""8ec0bbd4b71b6aa5c658dff76d2b9f9c973b758abf555209076a58aa5ffe173f"", ""pages"": [18], ""locator"": ""Compound drawing and associated NMR spectrum: E15""}]","[{""product_label"": ""25"", ""percent"": 65, ""from_label"": ""10"", ""scope"": ""Reported preparation yield; mixture components are not assigned individual yields.""}]","[""E15.1""]",forward_synthesis,False,False,1,pending_independent_chemist_review,,,
"[""K2OsO2(OH)4"", ""(DHQ)2PHAL"", ""K2CO3"", ""K3Fe(CN)6"", ""MeSO2NH2""]","[""tBuOH"", ""water""]",E16,"[""25""]","[""27""]",C[C@H](C/C=C/c1cccc([C@@H](C)CCO[Si](C)(C)C(C)(C)C)n1)CC(=O)CC[C@@H](O[Si](C)(C)C(C)(C)C)C(=O)OC(C)(C)C>>C[C@@H](CC(=O)CC[C@@H](O[Si](C)(C)C(C)(C)C)C(=O)OC(C)(C)C)C[C@H](O)[C@@H](O)c1cccc([C@@H](C)CCO[Si](C)(C)C(C)(C)C)n1,"[{""source_id"": ""article"", ""sha256"": ""b8b086bd01acf06c7c3c5f62d6843ac26d2a83630835c657b433cd3b5cb37d98"", ""pages"": [3], ""locator"": ""Main experimental section / scheme: E16""}, {""source_id"": ""si"", ""sha256"": ""8ec0bbd4b71b6aa5c658dff76d2b9f9c973b758abf555209076a58aa5ffe173f"", ""pages"": [19], ""locator"": ""Compound drawing and associated NMR spectrum: E16""}]","[{""product_label"": ""27"", ""percent"": 64, ""from_label"": ""25"", ""scope"": ""Reported preparation yield; mixture components are not assigned individual yields.""}]","[""E16.1""]",forward_synthesis,False,False,1,pending_independent_chemist_review,,,
"[""MeC(OMe)3"", ""PPTS"", ""TMSCl"", ""K2CO3""]","[""DCM"", ""MeOH""]",E17,"[""27""]","[""26""]",C[C@@H](CC(=O)CC[C@@H](O[Si](C)(C)C(C)(C)C)C(=O)OC(C)(C)C)C[C@H](O)[C@@H](O)c1cccc([C@@H](C)CCO[Si](C)(C)C(C)(C)C)n1>>C[C@@H](CC(=O)CC[C@@H](O[Si](C)(C)C(C)(C)C)C(=O)OC(C)(C)C)C[C@@H]1O[C@H]1c1cccc([C@@H](C)CCO[Si](C)(C)C(C)(C)C)n1,"[{""source_id"": ""article"", ""sha256"": ""b8b086bd01acf06c7c3c5f62d6843ac26d2a83630835c657b433cd3b5cb37d98"", ""pages"": [3], ""locator"": ""Main experimental section / scheme: E17""}, {""source_id"": ""si"", ""sha256"": ""8ec0bbd4b71b6aa5c658dff76d2b9f9c973b758abf555209076a58aa5ffe173f"", ""pages"": [20], ""locator"": ""Compound drawing and associated NMR spectrum: E17""}]","[{""product_label"": ""26"", ""percent"": 89, ""from_label"": ""27"", ""scope"": ""Combined three-operation isolated yield""}]","[""E17.1""]",forward_synthesis,False,False,3,pending_independent_chemist_review,"[{""operation"": ""orthoester formation""}, {""operation"": ""chloride opening""}, {""operation"": ""epoxide formation""}]",Combined three-operation isolated yield,
"[""TBAF""]","[""THF""]",E18,"[""26""]","[""28""]",C[C@@H](CC(=O)CC[C@@H](O[Si](C)(C)C(C)(C)C)C(=O)OC(C)(C)C)C[C@@H]1O[C@H]1c1cccc([C@@H](C)CCO[Si](C)(C)C(C)(C)C)n1>>C[C@@H](CC(=O)CC[C@@H](O)C(=O)OC(C)(C)C)C[C@@H]1O[C@H]1c1cccc([C@@H](C)CCO)n1,"[{""source_id"": ""article"", ""sha256"": ""b8b086bd01acf06c7c3c5f62d6843ac26d2a83630835c657b433cd3b5cb37d98"", ""pages"": [3], ""locator"": ""Main experimental section / scheme: E18""}, {""source_id"": ""si"", ""sha256"": ""8ec0bbd4b71b6aa5c658dff76d2b9f9c973b758abf555209076a58aa5ffe173f"", ""pages"": [22], ""locator"": ""Compound drawing and associated NMR spectrum: E18""}]","[{""product_label"": ""28"", ""percent"": 72, ""from_label"": ""26"", ""scope"": ""Reported preparation yield; mixture components are not assigned individual yields.""}]","[""E18.1""]",forward_synthesis,False,False,1,pending_independent_chemist_review,,,
"[""pTsOH monohydrate""]","[""DCM""]",E19,"[""28""]","[""29""]",C[C@@H](CC(=O)CC[C@@H](O)C(=O)OC(C)(C)C)C[C@@H]1O[C@H]1c1cccc([C@@H](C)CCO)n1>>C[C@@H]1C[C@@H]([C@H](O)c2cccc([C@@H](C)CCO)n2)O[C@@]2(CC[C@H](C(=O)OC(C)(C)C)O2)C1,"[{""source_id"": ""article"", ""sha256"": ""b8b086bd01acf06c7c3c5f62d6843ac26d2a83630835c657b433cd3b5cb37d98"", ""pages"": [3], ""locator"": ""Main experimental section / scheme: E19""}, {""source_id"": ""si"", ""sha256"": ""8ec0bbd4b71b6aa5c658dff76d2b9f9c973b758abf555209076a58aa5ffe173f"", ""pages"": [23], ""locator"": ""Compound drawing and associated NMR spectrum: E19""}]","[{""product_label"": ""29"", ""percent"": 60, ""from_label"": ""28"", ""scope"": ""Reported preparation yield; mixture components are not assigned individual yields.""}]","[""E19.1""]",forward_synthesis,False,False,1,pending_independent_chemist_review,,,
"[""pTsOH monohydrate"", ""4A molecular sieves""]","[""DCM""]",E20,"[""28""]","[""30""]",C[C@@H](CC(=O)CC[C@@H](O)C(=O)OC(C)(C)C)C[C@@H]1O[C@H]1c1cccc([C@@H](C)CCO)n1>>C[C@@H]1C[C@H]([C@@H](O)c2cccc([C@@H](C)CCO)n2)O[C@]2(CC[C@H](C(=O)OC(C)(C)C)O2)C1,"[{""source_id"": ""article"", ""sha256"": ""b8b086bd01acf06c7c3c5f62d6843ac26d2a83630835c657b433cd3b5cb37d98"", ""pages"": [3], ""locator"": ""Main experimental section / scheme: E20""}, {""source_id"": ""si"", ""sha256"": ""8ec0bbd4b71b6aa5c658dff76d2b9f9c973b758abf555209076a58aa5ffe173f"", ""pages"": [24], ""locator"": ""Compound drawing and associated NMR spectrum: E20""}]","[{""product_label"": ""30"", ""percent"": 93, ""from_label"": ""28"", ""scope"": ""Reported preparation yield; mixture components are not assigned individual yields.""}]","[""E20.1""]",forward_synthesis,False,False,1,pending_independent_chemist_review,,,
"[""MsCl"", ""Et3N"", ""TFA""]","[""DCM""]",E21,"[""30""]","[""31""]",C[C@@H]1C[C@H]([C@@H](O)c2cccc([C@@H](C)CCO)n2)O[C@]2(CC[C@H](C(=O)OC(C)(C)C)O2)C1>>C[C@@H]1C[C@H]([C@@H](O)c2cccc3[n+]2CC[C@@H]3C)O[C@]2(CC[C@H](C(=O)O)O2)C1.O=C([O-])C(F)(F)F,"[{""source_id"": ""article"", ""sha256"": ""b8b086bd01acf06c7c3c5f62d6843ac26d2a83630835c657b433cd3b5cb37d98"", ""pages"": [3], ""locator"": ""Main experimental section / scheme: E21""}, {""source_id"": ""si"", ""sha256"": ""8ec0bbd4b71b6aa5c658dff76d2b9f9c973b758abf555209076a58aa5ffe173f"", ""pages"": [25], ""locator"": ""Compound drawing and associated NMR spectrum: E21""}]",[],"[""E21.1""]",forward_synthesis,False,False,2,pending_independent_chemist_review,"[{""operation"": ""mesylation and intramolecular pyridinium formation""}, {""operation"": ""tert-butyl ester cleavage""}]",No separate yield; total 80% from 30 to 3,
"[""HCl"", ""ammonium formate""]","[""water""]",E22,"[""31""]","[""3""]",C[C@@H]1C[C@H]([C@@H](O)c2cccc3[n+]2CC[C@@H]3C)O[C@]2(CC[C@H](C(=O)O)O2)C1.O=C([O-])C(F)(F)F>>C[C@@H]1C[C@H]([C@@H](O)c2cccc3[n+]2CC[C@@H]3C)O[C@]2(CC[C@H](C(=O)[O-])O2)C1,"[{""source_id"": ""article"", ""sha256"": ""b8b086bd01acf06c7c3c5f62d6843ac26d2a83630835c657b433cd3b5cb37d98"", ""pages"": [3], ""locator"": ""Main experimental section / scheme: E22""}, {""source_id"": ""si"", ""sha256"": ""8ec0bbd4b71b6aa5c658dff76d2b9f9c973b758abf555209076a58aa5ffe173f"", ""pages"": [25], ""locator"": ""Compound drawing and associated NMR spectrum: E22""}]","[{""product_label"": ""3"", ""percent"": 80, ""from_label"": ""30"", ""scope"": ""80% overall from 30, including preceding cyclization and deprotection""}]","[""E22.1""]",forward_synthesis,False,False,3,pending_independent_chemist_review,"[{""operation"": ""chloride exchange and lyophilization""}, {""operation"": ""formate exchange and lyophilization""}, {""operation"": ""water lyophilization""}]","80% overall from 30, including preceding cyclization and deprotection",30
"[""tBuLi"", ""TMSCH2ZnBr LiBr"", ""Pd-PEPPSI-iPent""]","[""Et2O"", ""pentane"", ""toluene""]",C01,"[""8"", ""9""]","[""10-rac""]",C=Cc1cccc(Br)n1.C[C@H](I)CCO[Si](C)(C)C(C)(C)C>>C=Cc1cccc(C(C)CCO[Si](C)(C)C(C)(C)C)n1,"[{""source_id"": ""article"", ""sha256"": ""b8b086bd01acf06c7c3c5f62d6843ac26d2a83630835c657b433cd3b5cb37d98"", ""pages"": [2], ""locator"": ""Main experimental section / scheme: C01""}, {""source_id"": ""si"", ""sha256"": ""8ec0bbd4b71b6aa5c658dff76d2b9f9c973b758abf555209076a58aa5ffe173f"", ""pages"": [61], ""locator"": ""Compound drawing and associated NMR spectrum: C01""}]","[{""product_label"": ""10-rac"", ""percent"": 22, ""from_label"": ""8"", ""scope"": ""Reported preparation yield; mixture components are not assigned individual yields.""}]","[""C01.1""]",forward_synthesis,False,False,1,pending_independent_chemist_review,,,
"[""TBAF""]","[""THF""]",C02,"[""10-rac""]","[""10a""]",C=Cc1cccc(C(C)CCO[Si](C)(C)C(C)(C)C)n1>>C=Cc1cccc(C(C)CCO)n1,"[{""source_id"": ""article"", ""sha256"": ""b8b086bd01acf06c7c3c5f62d6843ac26d2a83630835c657b433cd3b5cb37d98"", ""pages"": [2], ""locator"": ""Main experimental section / scheme: C02""}, {""source_id"": ""si"", ""sha256"": ""8ec0bbd4b71b6aa5c658dff76d2b9f9c973b758abf555209076a58aa5ffe173f"", ""pages"": [62], ""locator"": ""Compound drawing and associated NMR spectrum: C02""}]","[{""product_label"": ""10a"", ""percent"": 52, ""from_label"": ""10-rac"", ""scope"": ""Reported preparation yield; mixture components are not assigned individual yields.""}]","[""C02.1""]",forward_synthesis,False,False,1,pending_independent_chemist_review,,,
"[""NaH""]","[""THF""]",C03,"[""13"", ""esterphosphonate""]","[""E-32"", ""Z-32""]",CC(=O)c1cccc(Br)n1.COC(=O)CP(=O)(OC)OC>>COC(=O)/C=C(/C)c1cccc(Br)n1.COC(=O)/C=C(\C)c1cccc(Br)n1,"[{""source_id"": ""article"", ""sha256"": ""b8b086bd01acf06c7c3c5f62d6843ac26d2a83630835c657b433cd3b5cb37d98"", ""pages"": [2], ""locator"": ""Main experimental section / scheme: C03""}, {""source_id"": ""si"", ""sha256"": ""8ec0bbd4b71b6aa5c658dff76d2b9f9c973b758abf555209076a58aa5ffe173f"", ""pages"": [64], ""locator"": ""Compound drawing and associated NMR spectrum: C03""}]","[{""product_label"": ""E-32"", ""percent"": 40, ""from_label"": ""13"", ""scope"": ""Reported preparation yield; mixture components are not assigned individual yields.""}, {""product_label"": ""Z-32"", ""percent"": 48, ""from_label"": ""13"", ""scope"": ""Reported preparation yield; mixture components are not assigned individual yields.""}]","[""C03.1""]",forward_synthesis,False,False,1,pending_independent_chemist_review,,,
"[""LiOH""]","[""DME"", ""water""]",C04,"[""E-32""]","[""E-33""]",COC(=O)/C=C(\C)c1cccc(Br)n1>>C/C(=C\C(=O)O)c1cccc(Br)n1,"[{""source_id"": ""article"", ""sha256"": ""b8b086bd01acf06c7c3c5f62d6843ac26d2a83630835c657b433cd3b5cb37d98"", ""pages"": [2], ""locator"": ""Main experimental section / scheme: C04""}, {""source_id"": ""si"", ""sha256"": ""8ec0bbd4b71b6aa5c658dff76d2b9f9c973b758abf555209076a58aa5ffe173f"", ""pages"": [66], ""locator"": ""Compound drawing and associated NMR spectrum: C04""}]","[{""product_label"": ""E-33"", ""percent"": 88, ""from_label"": ""E-32"", ""scope"": ""Reported preparation yield; mixture components are not assigned individual yields.""}]","[""C04.1""]",forward_synthesis,False,False,1,pending_independent_chemist_review,,,
"[""PivCl"", ""Et3N"", ""LiCl""]","[""THF""]",C05,"[""E-33"", ""S-auxiliary""]","[""11""]",C/C(=C\C(=O)O)c1cccc(Br)n1.O=C1N[C@@H](Cc2ccccc2)CO1>>C/C(=C\C(=O)N1C(=O)OC[C@@H]1Cc1ccccc1)c1cccc(Br)n1,"[{""source_id"": ""article"", ""sha256"": ""b8b086bd01acf06c7c3c5f62d6843ac26d2a83630835c657b433cd3b5cb37d98"", ""pages"": [2], ""locator"": ""Main experimental section / scheme: C05""}, {""source_id"": ""si"", ""sha256"": ""8ec0bbd4b71b6aa5c658dff76d2b9f9c973b758abf555209076a58aa5ffe173f"", ""pages"": [67], ""locator"": ""Compound drawing and associated NMR spectrum: C05""}]","[{""product_label"": ""11"", ""percent"": 54, ""from_label"": ""E-33"", ""scope"": ""Reported preparation yield; mixture components are not assigned individual yields.""}]","[""C05.1""]",forward_synthesis,False,False,1,pending_independent_chemist_review,,,
"[""Pt/C"", ""H2""]","[""THF""]",C06,"[""11""]","[""S,S-12"", ""R,S-12""]",C/C(=C\C(=O)N1C(=O)OC[C@@H]1Cc1ccccc1)c1cccc(Br)n1>>C[C@@H](CC(=O)N1C(=O)OC[C@@H]1Cc1ccccc1)c1cccc(Br)n1.C[C@H](CC(=O)N1C(=O)OC[C@@H]1Cc1ccccc1)c1cccc(Br)n1,"[{""source_id"": ""article"", ""sha256"": ""b8b086bd01acf06c7c3c5f62d6843ac26d2a83630835c657b433cd3b5cb37d98"", ""pages"": [2], ""locator"": ""Main experimental section / scheme: C06""}, {""source_id"": ""si"", ""sha256"": ""8ec0bbd4b71b6aa5c658dff76d2b9f9c973b758abf555209076a58aa5ffe173f"", ""pages"": [68], ""locator"": ""Compound drawing and associated NMR spectrum: C06""}]","[{""product_label"": ""S,S-12"", ""percent"": 22, ""from_label"": ""11"", ""scope"": ""Reported preparation yield; mixture components are not assigned individual yields.""}, {""product_label"": ""R,S-12"", ""percent"": 13, ""from_label"": ""11"", ""scope"": ""Reported preparation yield; mixture components are not assigned individual yields.""}]","[""C06.1""]",forward_synthesis,False,False,1,pending_independent_chemist_review,,,
"[""LiBH4"", ""EtOH""]","[""Et2O""]",C07,"[""S,S-12""]","[""16""]",C[C@@H](CC(=O)N1C(=O)OC[C@@H]1Cc1ccccc1)c1cccc(Br)n1>>C[C@@H](CCO)c1cccc(Br)n1,"[{""source_id"": ""article"", ""sha256"": ""b8b086bd01acf06c7c3c5f62d6843ac26d2a83630835c657b433cd3b5cb37d98"", ""pages"": [2], ""locator"": ""Main experimental section / scheme: C07""}, {""source_id"": ""si"", ""sha256"": ""8ec0bbd4b71b6aa5c658dff76d2b9f9c973b758abf555209076a58aa5ffe173f"", ""pages"": [70], ""locator"": ""Compound drawing and associated NMR spectrum: C07""}]","[{""product_label"": ""16"", ""percent"": 75, ""from_label"": ""S,S-12"", ""scope"": ""Reported preparation yield; mixture components are not assigned individual yields.""}]","[""C07.1""]",forward_synthesis,False,False,1,pending_independent_chemist_review,,,
"[""LiBH4"", ""EtOH""]","[""Et2O""]",C08,"[""R,S-12""]","[""R-16""]",C[C@H](CC(=O)N1C(=O)OC[C@@H]1Cc1ccccc1)c1cccc(Br)n1>>C[C@H](CCO)c1cccc(Br)n1,"[{""source_id"": ""article"", ""sha256"": ""b8b086bd01acf06c7c3c5f62d6843ac26d2a83630835c657b433cd3b5cb37d98"", ""pages"": [2], ""locator"": ""Main experimental section / scheme: C08""}, {""source_id"": ""si"", ""sha256"": ""8ec0bbd4b71b6aa5c658dff76d2b9f9c973b758abf555209076a58aa5ffe173f"", ""pages"": [72], ""locator"": ""Compound drawing and associated NMR spectrum: C08""}]","[{""product_label"": ""R-16"", ""percent"": 75, ""from_label"": ""R,S-12"", ""scope"": ""Reported preparation yield; mixture components are not assigned individual yields.""}]","[""C08.1""]",forward_synthesis,False,False,1,pending_independent_chemist_review,,,
"[""Jacobsen or Shi epoxidation conditions""]",[],C09,"[""25""]","[""26""]",C[C@H](C/C=C/c1cccc([C@@H](C)CCO[Si](C)(C)C(C)(C)C)n1)CC(=O)CC[C@@H](O[Si](C)(C)C(C)(C)C)C(=O)OC(C)(C)C>>C[C@@H](CC(=O)CC[C@@H](O[Si](C)(C)C(C)(C)C)C(=O)OC(C)(C)C)C[C@@H]1O[C@H]1c1cccc([C@@H](C)CCO[Si](C)(C)C(C)(C)C)n1,"[{""source_id"": ""article"", ""sha256"": ""b8b086bd01acf06c7c3c5f62d6843ac26d2a83630835c657b433cd3b5cb37d98"", ""pages"": [2], ""locator"": ""Main experimental section / scheme: C09""}]",[],"[""C09.1""]",forward_synthesis,False,False,1,pending_independent_chemist_review,,Reported <10%; exact isolated yield not established; unsuccessful route optimization,
